date,Real Lower Band,Real Middle Band,Real Upper Band
2013-01-30,32.7375,35.632,38.5266
2013-01-31,32.7907,35.7105,38.6304
2013-02-01,32.8705,35.828,38.7856
2013-02-04,33.0277,35.9725,38.9173
2013-02-05,33.2042,36.1095,39.0148
2013-02-06,33.5637,36.281,38.9983
2013-02-07,33.9189,36.407,38.8951
2013-02-08,34.2866,36.5195,38.7524
2013-02-11,34.7194,36.6195,38.5196
2013-02-12,35.0733,36.686,38.2987
2013-02-13,35.2611,36.7195,38.1779
2013-02-14,35.4136,36.771,38.1284
2013-02-15,35.4378,36.829,38.2202
2013-02-19,35.3725,36.8725,38.3725
2013-02-20,35.3192,36.982,38.6448
2013-02-21,35.2232,37.031,38.8388
2013-02-22,35.1758,37.081,38.9862
2013-02-25,35.1742,37.0695,38.9648
2013-02-26,35.186,37.0795,38.973
2013-02-27,35.1543,37.0505,38.9467
2013-02-28,35.1536,37.05,38.9464
2013-03-01,35.1894,37.106,39.0226
2013-03-04,35.1796,37.159,39.1384
2013-03-05,35.1857,37.1705,39.1553
2013-03-06,35.1972,37.1975,39.1978
2013-03-07,35.2109,37.215,39.2191
2013-03-08,35.2901,37.261,39.2319
2013-03-11,35.4102,37.332,39.2538
2013-03-12,35.5974,37.398,39.1986
2013-03-13,35.9237,37.4855,39.0473
2013-03-14,36.4142,37.6,38.7858
2013-03-15,36.5481,37.6965,38.8449
2013-03-18,36.5612,37.7255,38.8898
2013-03-19,36.5538,37.734,38.9142
2013-03-20,36.496,37.7565,39.017
2013-03-21,36.5229,37.742,38.9611
2013-03-22,36.4706,37.7675,39.0644
2013-03-25,36.4178,37.865,39.3122
2013-03-26,36.2956,38.021,39.7464
2013-03-27,36.3391,38.192,40.0449
2013-03-28,36.3114,38.385,40.4586
2013-04-01,36.1798,38.5505,40.9212
2013-04-02,36.1298,38.674,41.2182
2013-04-03,36.2141,38.827,41.4399
2013-04-04,36.1952,39.02,41.8448
2013-04-05,36.3102,39.211,42.1118
2013-04-08,36.4613,39.4325,42.4037
2013-04-09,36.5282,39.6765,42.8248
2013-04-10,36.6301,39.999,43.3679
2013-04-11,36.919,40.3005,43.682
2013-04-12,37.2329,40.577,43.9211
2013-04-15,37.5017,40.724,43.9463
2013-04-16,37.8596,40.9385,44.0174
2013-04-17,38.2449,41.1325,44.0201
2013-04-18,38.5287,41.2955,44.0623
2013-04-19,39.0069,41.4905,43.9741
2013-04-22,39.2837,41.752,44.2203
2013-04-23,39.4226,42.043,44.6634
2013-04-24,39.5909,42.2485,44.9061
2013-04-25,39.8438,42.453,45.0622
2013-04-26,39.8274,42.706,45.5846
2013-04-29,39.9301,42.9115,45.8929
2013-04-30,40.0795,43.1785,46.2775
2013-05-01,40.4076,43.4275,46.4474
2013-05-02,40.6387,43.547,46.4553
2013-05-03,40.9586,43.7155,46.4724
2013-05-06,41.2265,43.8565,46.4865
2013-05-07,41.378,43.9745,46.571
2013-05-08,41.3673,43.968,46.5687
2013-05-09,41.4413,44.02,46.5987
2013-05-10,41.54,44.116,46.692
2013-05-13,42.0031,44.271,46.5389
2013-05-14,42.2645,44.416,46.5675
2013-05-15,42.5907,44.6055,46.6203
2013-05-16,42.962,44.8,46.638
2013-05-17,43.2751,45.039,46.8029
2013-05-20,43.3458,45.142,46.9382
2013-05-21,43.3152,45.212,47.1088
2013-05-22,43.3698,45.334,47.2982
2013-05-23,43.4819,45.4515,47.4211
2013-05-24,43.47,45.4315,47.393
2013-05-28,43.4801,45.4395,47.3989
2013-05-29,43.2806,45.331,47.3814
2013-05-30,43.2058,45.281,47.3562
2013-05-31,42.914,45.216,47.518
2013-06-03,42.7183,45.15,47.5817
2013-06-04,42.5914,45.102,47.6126
2013-06-05,42.3418,45.0085,47.6752
2013-06-06,42.3435,45.009,47.6745
2013-06-07,42.3156,44.997,47.6784
2013-06-10,42.2204,44.9425,47.6646
2013-06-11,42.1139,44.895,47.6761
2013-06-12,41.8455,44.766,47.6865
2013-06-13,41.681,44.622,47.563
2013-06-14,41.5645,44.472,47.3795
2013-06-17,41.571,44.264,46.957
2013-06-18,41.5812,44.128,46.6748
2013-06-19,41.6212,43.953,46.2848
2013-06-20,41.3854,43.668,45.9506
2013-06-21,41.5815,43.4695,45.3575
2013-06-24,41.5141,43.292,45.0699
2013-06-25,41.64,43.154,44.668
2013-06-26,41.6476,43.129,44.6104
2013-06-27,41.7274,43.058,44.3886
2013-06-28,41.4688,42.9905,44.5122
2013-07-01,41.2786,42.903,44.5274
2013-07-02,41.2168,42.832,44.4472
2013-07-03,41.1587,42.7915,44.4243
2013-07-05,41.1523,42.7525,44.3527
2013-07-08,41.1807,42.7365,44.2923
2013-07-09,41.2216,42.7065,44.1914
2013-07-10,41.1936,42.7225,44.2514
2013-07-11,41.176,42.773,44.37
2013-07-12,40.9911,42.868,44.7449
2013-07-15,40.9153,42.9385,44.9617
2013-07-16,40.9199,42.9785,45.0371
2013-07-17,40.9101,42.9995,45.0889
2013-07-18,40.8961,43.0635,45.2309
2013-07-19,41.1872,43.2365,45.2858
2013-07-22,41.1931,43.354,45.5149
2013-07-23,41.3858,43.475,45.5642
2013-07-24,41.4719,43.5255,45.5791
2013-07-25,41.493,43.5685,45.644
2013-07-26,41.5207,43.6515,45.7823
2013-07-29,41.9062,43.8375,45.7688
2013-07-30,42.3214,43.992,45.6626
2013-07-31,42.577,44.1555,45.734
2013-08-01,42.9286,44.3065,45.6844
2013-08-02,43.1983,44.4365,45.6747
2013-08-05,43.2951,44.488,45.6809
2013-08-06,43.4906,44.566,45.6414
2013-08-07,43.5665,44.599,45.6315
2013-08-08,43.6842,44.663,45.6418
2013-08-09,43.683,44.646,45.609
2013-08-12,43.689,44.667,45.645
2013-08-13,43.8225,44.723,45.6235
2013-08-14,43.9205,44.754,45.5875
2013-08-15,43.6395,44.6985,45.7575
2013-08-16,43.3306,44.6225,45.9144
2013-08-19,43.1522,44.5425,45.9328
2013-08-20,42.9267,44.4755,46.0243
2013-08-21,42.6259,44.409,46.1921
2013-08-22,42.4457,44.343,46.2403
2013-08-23,42.3494,44.275,46.2006
2013-08-26,42.2723,44.1945,46.1167
2013-08-27,42.0685,44.091,46.1135
2013-08-28,41.9231,43.945,45.9669
2013-08-29,41.8061,43.8135,45.8209
2013-08-30,41.7307,43.678,45.6253
2013-09-03,41.6302,43.572,45.5138
2013-09-04,41.6306,43.4845,45.3384
2013-09-05,41.6454,43.4315,45.2176
2013-09-06,41.7335,43.373,45.0125
2013-09-09,41.7611,43.359,44.9569
2013-09-10,41.7996,43.346,44.8924
2013-09-11,41.7965,43.347,44.8975
2013-09-12,41.7827,43.353,44.9233
2013-09-13,41.7323,43.437,45.1417
2013-09-16,41.5971,43.578,45.5589
2013-09-17,41.1491,43.7895,46.4299
2013-09-18,40.874,44.037,47.2
2013-09-19,40.9135,44.2915,47.6695
2013-09-20,40.8891,44.5375,48.1859
2013-09-23,40.9468,44.721,48.4952
2013-09-24,41.0826,44.8475,48.6124
2013-09-25,41.3542,44.9825,48.6108
2013-09-26,41.6503,45.1045,48.5587
2013-09-27,41.9056,45.19,48.4744
2013-09-30,42.2213,45.296,48.3707
2013-10-01,42.6392,45.4565,48.2738
2013-10-02,42.9853,45.5975,48.2097
2013-10-03,43.2887,45.7225,48.1563
2013-10-04,43.5443,45.868,48.1917
2013-10-07,43.722,45.951,48.18
2013-10-08,43.679,45.938,48.197
2013-10-09,43.659,45.931,48.203
2013-10-10,43.775,45.98,48.185
2013-10-11,43.8639,46.018,48.1721
2013-10-14,43.8873,46.0435,48.1997
2013-10-15,43.9323,45.9675,48.0027
2013-10-16,44.0243,45.9245,47.8247
2013-10-17,43.919,45.963,48.007
2013-10-18,43.8448,45.9875,48.1302
2013-10-21,43.7167,46.05,48.3833
2013-10-22,43.5378,46.201,48.8642
2013-10-23,43.5658,46.351,49.1362
2013-10-24,43.7037,46.4975,49.2913
2013-10-25,43.8843,46.746,49.6077
2013-10-28,44.0502,46.9805,49.9108
2013-10-29,44.0611,47.18,50.2989
2013-10-30,44.1811,47.3225,50.4639
2013-10-31,44.327,47.4445,50.562
2013-11-01,44.3826,47.5525,50.7224
2013-11-04,44.549,47.686,50.823
2013-11-05,45.0846,47.8685,50.6524
2013-11-06,45.6262,48.0305,50.4348
2013-11-07,45.923,48.1085,50.294
2013-11-08,46.3535,48.2275,50.1015
2013-11-11,46.6766,48.3395,50.0024
2013-11-12,47.0412,48.4095,49.7778
2013-11-13,47.1982,48.449,49.6998
2013-11-14,47.1847,48.4425,49.7003
2013-11-15,47.1912,48.448,49.7048
2013-11-18,47.205,48.474,49.743
2013-11-19,47.2011,48.447,49.6929
2013-11-20,47.1641,48.428,49.6919
2013-11-21,47.2159,48.46,49.7041
2013-11-22,47.2372,48.442,49.6468
2013-11-25,47.2734,48.3915,49.5096
2013-11-26,47.4081,48.332,49.2559
2013-11-27,47.4056,48.3045,49.2034
2013-11-29,47.4056,48.3045,49.2034
2013-12-02,47.4273,48.276,49.1247
2013-12-03,47.2262,48.3365,49.4468
2013-12-04,47.1624,48.4115,49.6606
2013-12-05,47.13,48.497,49.864
2013-12-06,46.9671,48.7025,50.4379
2013-12-09,46.8422,48.8615,50.8808
2013-12-10,46.5737,49.04,51.5063
2013-12-11,46.4778,49.2995,52.1212
2013-12-12,46.4858,49.5265,52.5672
2013-12-13,46.544,49.743,52.942
2013-12-16,46.4849,49.9895,53.4941
2013-12-17,46.4254,50.2275,54.0296
2013-12-18,46.4172,50.5205,54.6238
2013-12-19,46.7312,50.7545,54.7778
2013-12-20,46.9876,50.9555,54.9234
2013-12-23,47.2225,51.1375,55.0525
2013-12-24,47.5957,51.335,55.0743
2013-12-26,47.971,51.5545,55.138
2013-12-27,48.5029,51.7695,55.0361
2013-12-30,49.0706,51.9975,54.9244
2013-12-31,49.7894,52.2185,54.6476
2014-01-02,50.1144,52.319,54.5236
2014-01-03,50.6099,52.4505,54.2911
2014-01-06,50.8131,52.482,54.1509
2014-01-07,50.6182,52.439,54.2598
2014-01-08,50.4292,52.3965,54.3638
2014-01-09,50.3194,52.3505,54.3816
2014-01-10,50.142,52.262,54.382
2014-01-13,49.7657,52.134,54.5023
2014-01-14,49.5885,52.0455,54.5025
2014-01-15,49.3668,51.8825,54.3982
2014-01-16,49.276,51.726,54.176
2014-01-17,49.2702,51.513,53.7558
2014-01-21,49.1079,51.3815,53.6551
2014-01-22,48.7949,51.206,53.6171
2014-01-23,48.4927,51.0205,53.5483
2014-01-24,47.9797,50.792,53.6043
2014-01-27,47.369,50.484,53.599
2014-01-28,47.0513,50.241,53.4307
2014-01-29,46.8511,49.971,53.0909
2014-01-30,46.8355,49.746,52.6565
2014-01-31,46.8789,49.6085,52.3381
2014-02-03,46.7578,49.361,51.9642
2014-02-04,46.6115,49.239,51.8665
2014-02-05,46.4609,49.101,51.7411
2014-02-06,46.3588,48.9795,51.6002
2014-02-07,46.4523,48.863,51.2737
2014-02-10,46.5465,48.7955,51.0445
2014-02-11,46.5525,48.787,51.0215
2014-02-12,46.5569,48.785,51.0131
2014-02-13,46.5381,48.797,51.0559
2014-02-14,46.513,48.8085,51.104
2014-02-18,46.3601,48.8785,51.3969
2014-02-19,46.2649,48.938,51.6111
2014-02-20,46.1153,49.077,52.0387
2014-02-21,46.1055,49.1855,52.2655
2014-02-24,46.247,49.3385,52.43
2014-02-25,46.6125,49.533,52.4535
2014-02-26,46.8485,49.6855,52.5225
2014-02-27,47.1343,49.8505,52.5667
2014-02-28,47.3234,49.9805,52.6376
2014-03-03,47.3886,50.0235,52.6584
2014-03-04,47.8222,50.2355,52.6488
2014-03-05,48.1719,50.423,52.6741
2014-03-06,48.6499,50.6385,52.6271
2014-03-07,49.2346,50.815,52.3954
2014-03-10,49.6035,50.9535,52.3035
2014-03-11,49.8359,51.0635,52.2911
2014-03-12,50.0946,51.1625,52.2304
2014-03-13,50.1676,51.2005,52.2334
2014-03-14,50.287,51.2435,52.2
2014-03-17,50.3288,51.306,52.2832
2014-03-18,50.1362,51.388,52.6398
2014-03-19,50.0296,51.484,52.9384
2014-03-20,49.8376,51.575,53.3124
2014-03-21,49.7951,51.696,53.5969
2014-03-24,49.8533,51.7215,53.5897
2014-03-25,49.9588,51.77,53.5812
2014-03-26,50.0539,51.808,53.5621
2014-03-27,50.1383,51.8455,53.5527
2014-03-28,50.1492,51.849,53.5488
2014-03-31,50.4001,51.9145,53.4289
2014-04-01,50.4311,51.94,53.4489
2014-04-02,50.4002,52.022,53.6438
2014-04-03,50.3498,52.095,53.8402
2014-04-04,50.411,52.132,53.853
2014-04-07,50.2459,52.08,53.9141
2014-04-08,49.7008,51.9475,54.1942
2014-04-09,49.5806,51.897,54.2134
2014-04-10,48.6527,51.6985,54.7443
2014-04-11,47.6542,51.461,55.2678
2014-04-14,46.9068,51.2035,55.5002
2014-04-15,46.5026,50.9415,55.3804
2014-04-16,46.208,50.692,55.176
2014-04-17,46.0794,50.4355,54.7916
2014-04-21,46.0885,50.234,54.3795
2014-04-22,46.0526,50.1665,54.2804
2014-04-23,46.0349,50.089,54.1431
2014-04-24,45.9665,49.98,53.9935
2014-04-25,45.9016,49.854,53.8064
2014-04-28,45.9021,49.8485,53.7949
2014-04-29,45.9029,49.847,53.7911
2014-04-30,45.9042,49.846,53.7878
2014-05-01,46.0597,49.7595,53.4593
2014-05-02,46.2909,49.6435,52.9961
2014-05-05,46.3588,49.6015,52.8442
2014-05-06,46.3527,49.616,52.8793
2014-05-07,46.2685,49.8005,53.3325
2014-05-08,46.2134,49.8765,53.5396
2014-05-09,46.5114,50.122,53.7326
2014-05-12,47.0985,50.4175,53.7365
2014-05-13,47.7214,50.686,53.6506
2014-05-14,48.1268,50.9365,53.7462
2014-05-15,48.5738,51.165,53.7562
2014-05-16,48.9803,51.384,53.7877
2014-05-19,49.1117,51.618,54.1243
2014-05-20,49.2689,51.7945,54.3201
2014-05-21,49.4674,51.951,54.4346
2014-05-22,49.8945,52.1665,54.4385
2014-05-23,50.4744,52.407,54.3396
2014-05-27,50.6483,52.563,54.4777
2014-05-28,50.7582,52.698,54.6378
2014-05-29,50.7947,52.7955,54.7963
2014-05-30,50.9019,52.9315,54.9611
2014-06-02,51.1527,53.08,55.0073
2014-06-03,51.3961,53.2305,55.0649
2014-06-04,51.8273,53.414,55.0007
2014-06-05,51.7822,53.5395,55.2968
2014-06-06,51.9258,53.687,55.4482
2014-06-09,52.1306,53.766,55.4014
2014-06-10,52.3402,53.846,55.3518
2014-06-11,52.6384,53.9475,55.2566
2014-06-12,52.7656,53.987,55.2084
2014-06-13,52.9929,54.0605,55.1281
2014-06-16,53.1794,54.114,55.0486
2014-06-17,53.1854,54.1235,55.0616
2014-06-18,53.2578,54.175,55.0922
2014-06-19,53.4031,54.221,55.0389
2014-06-20,53.3283,54.2045,55.0807
2014-06-23,53.3025,54.1945,55.0865
2014-06-24,53.2478,54.1745,55.1012
2014-06-25,53.2289,54.221,55.2131
2014-06-26,52.9438,54.345,55.7462
2014-06-27,52.7078,54.468,56.2282
2014-06-30,52.6323,54.5825,56.5327
2014-07-01,52.5186,54.7085,56.8984
2014-07-02,52.2427,54.885,57.5273
2014-07-03,52.0166,55.031,58.0454
2014-07-07,51.9593,55.146,58.3327
2014-07-08,52.1018,55.2385,58.3752
2014-07-09,52.2056,55.2905,58.3754
2014-07-10,52.316,55.3685,58.421
2014-07-11,52.4754,55.4335,58.3916
2014-07-14,52.5544,55.468,58.3816
2014-07-15,52.4605,55.44,58.4195
2014-07-16,52.3654,55.4075,58.4496
2014-07-17,52.222,55.355,58.488
2014-07-18,52.2961,55.391,58.4859
2014-07-21,52.4117,55.426,58.4403
2014-07-22,52.4574,55.441,58.4246
2014-07-23,52.5883,55.4855,58.3827
2014-07-24,52.4843,55.4395,58.3947
2014-07-25,52.2048,55.273,58.3412
2014-07-28,52.0659,55.1205,58.1751
2014-07-29,51.8937,54.97,58.0463
2014-07-30,51.8255,54.813,57.8005
2014-07-31,51.7602,54.5245,57.2888
2014-08-01,51.9101,54.2375,56.5649
2014-08-04,52.1808,54.032,55.8832
2014-08-05,52.1258,53.887,55.6482
2014-08-06,51.8852,53.739,55.5928
2014-08-07,51.8902,53.571,55.2518
2014-08-08,51.8808,53.464,55.0472
2014-08-11,51.9368,53.387,54.8372
2014-08-12,51.8877,53.357,54.8263
2014-08-13,51.887,53.3545,54.822
2014-08-14,51.877,53.388,54.899
2014-08-15,51.9729,53.3375,54.7021
2014-08-18,51.9521,53.353,54.7539
2014-08-19,51.8024,53.415,55.0276
2014-08-20,51.7377,53.444,55.1503
2014-08-21,51.6763,53.488,55.2997
2014-08-22,51.6374,53.589,55.5406
2014-08-25,51.5047,53.6955,55.8863
2014-08-26,51.4502,53.8115,56.1728
2014-08-27,51.409,53.909,56.409
2014-08-28,51.5773,54.072,56.5667
2014-08-29,51.7768,54.212,56.6472
2014-09-02,51.877,54.301,56.725
2014-09-03,52.0627,54.437,56.8113
2014-09-04,52.4623,54.6115,56.7607
2014-09-05,52.8129,54.787,56.7611
2014-09-08,53.1439,54.9245,56.7051
2014-09-09,53.2797,55.1065,56.9333
2014-09-10,53.5952,55.324,57.0528
2014-09-11,53.6684,55.5365,57.4046
2014-09-12,53.6988,55.721,57.7432
2014-09-15,53.8634,55.9225,57.9816
2014-09-16,53.9078,56.137,58.3662
2014-09-17,53.6955,56.3535,59.0115
2014-09-18,53.6652,56.573,59.4808
2014-09-19,53.7774,56.778,59.7786
2014-09-22,53.9321,56.9535,59.9749
2014-09-23,54.0482,57.038,60.0278
2014-09-24,54.1521,57.203,60.2539
2014-09-25,54.3296,57.318,60.3064
2014-09-26,54.5122,57.4975,60.4828
2014-09-29,54.8253,57.6595,60.4937
2014-09-30,55.2208,57.794,60.3672
2014-10-01,55.511,57.88,60.249
2014-10-02,55.7463,57.9365,60.1267
2014-10-03,56.0646,58.074,60.0834
2014-10-06,56.5285,58.186,59.8435
2014-10-07,56.4643,58.171,59.8777
2014-10-08,56.5814,58.2285,59.8756
2014-10-09,56.4038,58.172,59.9402
2014-10-10,55.7736,58.0265,60.2794
2014-10-13,54.8494,57.811,60.7726
2014-10-14,54.2473,57.5875,60.9277
2014-10-15,53.8984,57.338,60.7776
2014-10-16,53.2093,57.0105,60.8117
2014-10-17,52.734,56.726,60.718
2014-10-20,52.5064,56.511,60.5156
2014-10-21,52.4713,56.4475,60.4237
2014-10-22,52.5387,56.34,60.1413
2014-10-23,52.4287,56.416,60.4033
2014-10-24,52.3058,56.471,60.6362
2014-10-27,52.1309,56.5695,61.0081
2014-10-28,51.9197,56.728,61.5363
2014-10-29,51.8546,56.8655,61.8764
2014-10-30,51.7412,57.091,62.4408
2014-10-31,51.3299,57.3295,63.3291
2014-11-03,51.0698,57.6015,64.1332
2014-11-04,51.029,57.902,64.775
2014-11-05,50.9478,58.112,65.2762
2014-11-06,51.0083,58.4115,65.8147
2014-11-07,51.3949,58.738,66.0811
2014-11-10,51.9835,59.2465,66.5095
2014-11-11,52.6044,59.7325,66.8606
2014-11-12,53.2598,60.189,67.1182
2014-11-13,54.5123,60.7255,66.9387
2014-11-14,55.8906,61.257,66.6234
2014-11-17,57.1892,61.7885,66.3878
2014-11-18,58.0591,62.2765,66.4939
2014-11-19,59.0536,62.7065,66.3594
2014-11-20,59.4935,62.99,66.4865
2014-11-21,59.5903,63.3435,67.0967
2014-11-24,59.7251,63.708,67.6909
2014-11-25,59.8693,64.0645,68.2597
2014-11-26,60.2815,64.5005,68.7195
2014-11-28,60.5005,64.9015,69.3025
2014-12-01,60.4748,65.184,69.8932
2014-12-02,60.5449,65.485,70.4251
2014-12-03,60.8489,65.777,70.7051
2014-12-04,61.1714,66.1285,71.0856
2014-12-05,61.5478,66.4785,71.4092
2014-12-08,62.3515,66.8745,71.3975
2014-12-09,62.7494,67.142,71.5346
2014-12-10,63.2021,67.3285,71.4549
2014-12-11,63.6985,67.492,71.2855
2014-12-12,64.0571,67.574,71.0909
2014-12-15,64.4067,67.655,70.9033
2014-12-16,64.4499,67.6655,70.8811
2014-12-17,64.5205,67.6915,70.8625
2014-12-18,64.8047,67.8125,70.8203
2014-12-19,65.1799,67.9385,70.6971
2014-12-22,65.1389,67.919,70.6991
2014-12-23,64.5608,67.7475,70.9342
2014-12-24,64.4032,67.655,70.9068
2014-12-26,64.3415,67.569,70.7965
2014-12-29,64.3229,67.466,70.6091
2014-12-30,64.2381,67.3255,70.4129
2014-12-31,64.0779,67.134,70.1901
2015-01-02,63.969,67.0035,70.038
2015-01-05,63.7984,66.7575,69.7166
2015-01-06,63.6774,66.4885,69.2996
2015-01-07,63.882,66.364,68.846
2015-01-08,64.0711,66.2885,68.5059
2015-01-09,64.0531,66.1985,68.3439
2015-01-12,64.0168,66.135,68.2532
2015-01-13,63.6309,66.041,68.4511
2015-01-14,63.3311,65.945,68.5589
2015-01-15,62.9035,65.827,68.7505
2015-01-16,62.7715,65.7255,68.6795
2015-01-20,62.5696,65.502,68.4344
2015-01-21,62.261,65.2515,68.242
2015-01-22,62.0147,65.052,68.0893
2015-01-23,61.7211,64.956,68.1909
2015-01-26,61.4794,64.787,68.0946
2015-01-27,61.3686,64.593,67.8174
2015-01-28,61.1154,64.3285,67.5416
2015-01-29,61.0489,64.1695,67.2901
2015-01-30,60.4403,63.915,67.3897
2015-02-02,60.0373,63.6555,67.2737
2015-02-03,59.8166,63.5055,67.1944
2015-02-04,58.4846,63.1345,67.7844
2015-02-05,57.8673,62.6875,67.5077
2015-02-06,57.2626,62.151,67.0394
2015-02-09,56.2414,61.636,67.0306
2015-02-10,55.7686,61.1925,66.6164
2015-02-11,55.1955,60.8575,66.5195
2015-02-12,54.7892,60.525,66.2608
2015-02-13,54.5583,60.283,66.0077
2015-02-17,54.5793,59.992,65.4047
2015-02-18,54.6006,59.7815,64.9624
2015-02-19,54.5842,59.5965,64.6088
2015-02-20,54.6766,59.5125,64.3484
2015-02-23,54.7427,59.4195,64.0963
2015-02-24,54.8573,59.3215,63.7857
2015-02-25,55.0323,59.1975,63.3627
2015-02-26,55.0969,59.131,63.1651
2015-02-27,55.3397,59.0,62.6603
2015-03-02,55.3368,59.0055,62.6742
2015-03-03,55.353,58.9515,62.55
2015-03-04,55.4443,58.8825,62.3207
2015-03-05,55.436,58.88,62.324
2015-03-06,55.0548,58.7625,62.4702
2015-03-09,54.8071,58.6945,62.5819
2015-03-10,54.8819,58.7125,62.5431
2015-03-11,54.841,58.699,62.557
2015-03-12,55.0018,58.7645,62.5272
2015-03-13,55.1137,58.812,62.5103
2015-03-16,55.1819,58.8655,62.5491
2015-03-17,55.2141,58.916,62.6179
2015-03-18,55.2245,58.9485,62.6725
2015-03-19,55.2077,59.058,62.9083
2015-03-20,55.2485,59.013,62.7775
2015-03-23,55.2512,59.0085,62.7658
2015-03-24,55.2742,58.9465,62.6188
2015-03-25,55.2246,58.8265,62.4284
2015-03-26,55.0892,58.664,62.2388
2015-03-27,55.0244,58.5215,62.0186
2015-03-30,55.0275,58.4105,61.7935
2015-03-31,55.0183,58.3565,61.6947
2015-04-01,54.9382,58.198,61.4578
2015-04-02,54.9573,58.2055,61.4537
2015-04-06,55.2599,58.304,61.3481
2015-04-07,55.6807,58.448,61.2153
2015-04-08,56.0994,58.5965,61.0936
2015-04-09,56.3501,58.7815,61.2129
2015-04-10,56.2064,58.9815,61.7566
2015-04-13,56.2449,59.1415,62.0381
2015-04-14,56.1646,59.2715,62.3784
2015-04-15,56.0579,59.3865,62.7151
2015-04-16,55.9148,59.5215,63.1282
2015-04-17,55.8385,59.5765,63.3145
2015-04-20,55.625,59.7335,63.842
2015-04-21,55.4542,59.89,64.3258
2015-04-22,55.2651,60.1345,65.0039
2015-04-23,55.3368,60.436,65.5352
2015-04-24,55.4381,60.876,66.3139
2015-04-27,55.7326,61.2445,66.7564
2015-04-28,55.8779,61.657,67.4361
2015-04-29,56.1712,62.0115,67.8518
2015-04-30,56.9017,62.3895,67.8773
2015-05-01,57.8013,62.755,67.7087
2015-05-04,58.6942,63.1085,67.5228
2015-05-05,59.5196,63.3805,67.2414
2015-05-06,60.3923,63.637,66.8817
2015-05-07,60.9643,63.856,66.7477
2015-05-08,61.1982,64.018,66.8378
2015-05-11,61.672,64.218,66.764
2015-05-12,62.0902,64.3725,66.6548
2015-05-13,62.4924,64.536,66.5796
2015-05-14,62.7773,64.705,66.6327
2015-05-15,63.2338,64.89,66.5462
2015-05-18,63.4317,64.9935,66.5553
2015-05-19,63.6434,65.0995,66.5556
2015-05-20,63.6986,65.168,66.6374
2015-05-21,63.8176,65.238,66.6584
2015-05-22,63.8347,65.2085,66.5823
2015-05-26,63.8386,65.2625,66.6864
2015-05-27,63.6899,65.307,66.9241
2015-05-28,63.5293,65.399,67.2687
2015-05-29,63.5894,65.4955,67.4016
2015-06-01,63.7024,65.626,67.5496
2015-06-02,63.8044,65.723,67.6416
2015-06-03,64.0863,65.8805,67.6747
2015-06-04,64.3755,66.0545,67.7335
2015-06-05,64.5339,66.1895,67.8451
2015-06-08,64.5826,66.317,68.0514
2015-06-09,64.6902,66.4405,68.1908
2015-06-10,64.8621,66.612,68.3619
2015-06-11,65.0024,66.749,68.4956
2015-06-12,65.0897,66.803,68.5163
2015-06-15,65.1765,66.849,68.5215
2015-06-16,65.3328,66.907,68.4812
2015-06-17,65.4897,67.009,68.5283
2015-06-18,65.5084,67.1635,68.8186
2015-06-19,65.564,67.355,69.146
2015-06-22,65.6329,67.587,69.5411
2015-06-23,65.6839,67.783,69.8821
2015-06-24,65.6949,67.875,70.0551
2015-06-25,65.6641,67.9925,70.3209
2015-06-26,65.717,68.186,70.655
2015-06-29,65.7526,68.1985,70.6444
2015-06-30,65.8428,68.227,70.6112
2015-07-01,65.9822,68.302,70.6218
2015-07-02,66.0565,68.3415,70.6265
2015-07-06,66.1374,68.3825,70.6276
2015-07-07,66.1915,68.421,70.6505
2015-07-08,66.1904,68.4205,70.6506
2015-07-09,66.1694,68.407,70.6446
2015-07-10,66.2079,68.4665,70.7251
2015-07-13,66.3834,68.5925,70.8016
2015-07-14,66.6105,68.737,70.8635
2015-07-15,66.9202,68.886,70.8518
2015-07-16,67.0451,68.997,70.9489
2015-07-17,67.0483,69.0475,71.0467
2015-07-20,66.979,69.1135,71.248
2015-07-21,66.953,69.1345,71.316
2015-07-22,66.9242,69.1615,71.3988
2015-07-23,66.912,69.2265,71.541
2015-07-24,66.7902,69.1395,71.4888
2015-07-27,66.8106,69.0835,71.3564
2015-07-28,67.0059,69.286,71.5661
2015-07-29,67.3127,69.465,71.6173
2015-07-30,67.4216,69.5475,71.6734
2015-07-31,67.595,69.6375,71.68
2015-08-03,67.7768,69.713,71.6492
2015-08-04,67.9183,69.7825,71.6467
2015-08-05,68.3151,69.9145,71.5139
2015-08-06,68.6081,69.978,71.3479
2015-08-07,68.4881,69.9475,71.4069
2015-08-10,68.4433,69.9295,71.4157
2015-08-11,68.195,69.852,71.509
2015-08-12,68.0768,69.802,71.5272
2015-08-13,67.9221,69.7295,71.5369
2015-08-14,67.8002,69.6625,71.5248
2015-08-17,67.8004,69.591,71.3816
2015-08-18,67.745,69.507,71.269
2015-08-19,67.6729,69.4085,71.1441
2015-08-20,67.4081,69.2565,71.1049
2015-08-21,66.8355,69.1475,71.4595
2015-08-24,65.4643,68.853,72.2417
2015-08-25,63.5827,68.327,73.0713
2015-08-26,62.8354,67.9455,73.0556
2015-08-27,62.4501,67.663,72.8759
2015-08-28,62.0303,67.3615,72.6927
2015-08-31,61.3681,66.9955,72.6229
2015-09-01,60.402,66.523,72.644
2015-09-02,59.7411,66.057,72.3729
2015-09-03,59.2486,65.674,72.0994
2015-09-04,58.4685,65.2315,71.9945
2015-09-08,58.0045,64.7995,71.5945
2015-09-09,57.3415,64.35,71.3585
2015-09-10,56.8945,63.8915,70.8885
2015-09-11,56.5098,63.432,70.3542
2015-09-14,56.1964,62.9465,69.6966
2015-09-15,56.1863,62.438,68.6897
2015-09-16,56.3423,61.9705,67.5987
2015-09-17,56.7339,61.534,66.3341
2015-09-18,57.2715,61.221,65.1705
2015-09-21,57.5093,60.8955,64.2817
2015-09-22,57.171,60.61,64.049
2015-09-23,56.7393,60.446,64.1527
2015-09-24,56.2625,60.1175,63.9725
2015-09-25,55.9286,59.679,63.4294
2015-09-28,54.7055,59.105,63.5045
2015-09-29,53.7025,58.624,63.5455
2015-09-30,53.1525,58.3195,63.4865
2015-10-01,52.8333,58.027,63.2207
2015-10-02,52.7298,57.739,62.7482
2015-10-05,52.6452,57.5845,62.5238
2015-10-06,52.4554,57.31,62.1646
2015-10-07,52.3078,57.1285,61.9492
2015-10-08,52.2453,56.9515,61.6577
2015-10-09,52.1612,56.766,61.3708
2015-10-12,52.0956,56.6075,61.1194
2015-10-13,51.8322,56.3375,60.8428
2015-10-14,51.6859,56.059,60.4321
2015-10-15,51.8608,55.873,59.8852
2015-10-16,52.4376,55.6385,58.8394
2015-10-19,52.7602,55.477,58.1938
2015-10-20,52.8104,55.3315,57.8526
2015-10-21,52.7439,55.1515,57.5591
2015-10-22,50.9714,54.7365,58.5016
2015-10-23,50.2774,54.4665,58.6556
2015-10-26,50.1782,54.435,58.6918
2015-10-27,50.1506,54.4245,58.6984
2015-10-28,50.063,54.367,58.671
2015-10-29,50.0246,54.3155,58.6064
2015-10-30,49.675,54.502,59.329
2015-11-02,48.6997,54.837,60.9743
2015-11-03,48.2299,55.2045,62.1791
2015-11-04,47.6936,55.613,63.5324
2015-11-05,47.4364,55.9495,64.4626
2015-11-06,47.1481,56.374,65.5999
2015-11-09,47.0574,56.747,66.4366
2015-11-10,47.2929,57.172,67.0511
2015-11-11,47.6312,57.518,67.4048
2015-11-12,47.7891,57.7225,67.6559
2015-11-13,47.9296,57.889,67.8484
2015-11-16,48.1143,58.0815,68.0487
2015-11-17,48.4606,58.359,68.2574
2015-11-18,48.9832,58.717,68.4508
2015-11-19,50.8408,59.331,67.8212
2015-11-20,52.4271,59.8695,67.3119
2015-11-23,53.8483,60.3335,66.8187
2015-11-24,55.3361,60.761,66.1859
2015-11-25,56.9021,61.1125,65.3229
2015-11-27,58.6161,61.4075,64.1989
2015-11-30,58.3037,61.3375,64.3713
2015-12-01,58.0775,61.1195,64.1615
2015-12-02,57.5674,60.884,64.2006
2015-12-03,56.8601,60.5,64.1399
2015-12-04,56.4642,60.2205,63.9768
2015-12-07,56.1456,59.8275,63.5094
2015-12-08,55.9211,59.4995,63.0779
2015-12-09,55.5458,59.186,62.8262
2015-12-10,55.0911,58.932,62.7729
2015-12-11,54.2845,58.6225,62.9605
2015-12-14,53.8912,58.4015,62.9118
2015-12-15,53.6924,58.2205,62.7486
2015-12-16,53.6598,58.083,62.5062
2015-12-17,53.5814,57.8525,62.1236
2015-12-18,53.4349,57.612,61.7891
2015-12-21,53.4731,57.3665,61.2599
2015-12-22,53.6987,57.1885,60.6783
2015-12-23,53.9961,57.061,60.1259
2015-12-24,54.2006,56.9695,59.7384
2015-12-28,54.3677,56.907,59.4463
2015-12-29,54.2488,56.972,59.6952
2015-12-30,54.1526,57.011,59.8694
2015-12-31,54.0803,57.087,60.0937
2016-01-04,54.1806,57.1615,60.1424
2016-01-05,54.1887,57.171,60.1533
2016-01-06,54.2722,57.2265,60.1808
2016-01-07,54.3102,57.2535,60.1968
2016-01-08,54.2551,57.2345,60.2139
2016-01-11,53.8733,57.1395,60.4057
2016-01-12,54.0494,57.1795,60.3096
2016-01-13,52.9403,56.9665,60.9927
2016-01-14,52.7195,56.875,61.0305
2016-01-15,52.7136,56.8605,61.0074
2016-01-19,52.5683,56.791,61.0137
2016-01-20,52.6644,56.8615,61.0586
2016-01-21,52.735,56.9695,61.204
2016-01-22,52.7268,57.0315,61.3362
2016-01-25,52.7251,57.035,61.3449
2016-01-26,52.7275,57.025,61.3225
2016-01-27,52.7183,56.943,61.1677
2016-01-28,52.6764,56.763,60.8496
2016-01-29,52.6052,56.518,60.4308
2016-02-01,52.4678,56.2755,60.0832
2016-02-02,52.2079,56.0925,59.9771
2016-02-03,52.2095,56.066,59.9225
2016-02-04,52.2115,56.035,59.8585
2016-02-05,51.8461,55.8305,59.8149
2016-02-08,51.5066,55.6925,59.8784
2016-02-09,51.4485,55.6725,59.8965
2016-02-10,51.1617,55.5665,59.9713
2016-02-11,51.393,55.6165,59.84
2016-02-12,51.1108,55.5175,59.9242
2016-02-16,50.9198,55.326,59.7322
2016-02-17,50.9211,55.327,59.7329
2016-02-18,50.8611,55.197,59.5329
2016-02-19,50.8949,54.9935,59.0921
2016-02-22,51.1086,54.816,58.5234
2016-02-23,51.3675,54.637,57.9065
2016-02-24,51.6465,54.4685,57.2905
2016-02-25,51.7473,54.423,57.0987
2016-02-26,51.738,54.4305,57.123
2016-02-29,51.7307,54.416,57.1013
2016-03-01,51.7005,54.5135,57.3265
2016-03-02,51.7548,54.601,57.4472
2016-03-03,51.8273,54.5555,57.2837
2016-03-04,51.8838,54.525,57.1662
2016-03-07,52.0101,54.689,57.3679
2016-03-08,52.2512,54.8105,57.3698
2016-03-09,52.385,54.956,57.527
2016-03-10,52.7208,55.1315,57.5422
2016-03-11,53.1481,55.409,57.6699
2016-03-14,53.6542,55.6405,57.6268
2016-03-15,54.0159,55.746,57.4761
2016-03-16,54.0988,55.811,57.5232
2016-03-17,54.2198,55.8495,57.4792
2016-03-18,54.4731,55.9635,57.4539
2016-03-21,54.543,56.0,57.457
2016-03-22,54.5915,56.1215,57.6515
2016-03-23,54.7712,56.195,57.6188
2016-03-24,54.7668,56.191,57.6152
2016-03-28,54.7744,56.1965,57.6186
2016-03-29,55.0516,56.3185,57.5854
2016-03-30,55.0502,56.3515,57.6528
2016-03-31,55.1162,56.4225,57.7288
2016-04-01,55.1425,56.497,57.8515
2016-04-04,54.8642,56.65,58.4358
2016-04-05,54.7961,56.757,58.7179
2016-04-06,54.7081,56.9855,59.2629
2016-04-07,54.6607,57.131,59.6013
2016-04-08,54.7433,57.243,59.7427
2016-04-11,54.7298,57.2815,59.8332
2016-04-12,54.6215,57.416,60.2105
2016-04-13,54.8337,57.588,60.3423
2016-04-14,54.9537,57.7365,60.5193
2016-04-15,55.2947,57.946,60.5973
2016-04-18,55.4116,58.1115,60.8114
2016-04-19,55.6586,58.3195,60.9804
2016-04-20,55.6773,58.4685,61.2597
2016-04-21,55.8321,58.719,61.6059
2016-04-22,56.1271,58.984,61.8409
2016-04-25,56.5695,59.227,61.8845
2016-04-26,56.8629,59.421,61.9791
2016-04-27,57.2476,59.606,61.9644
2016-04-28,57.6495,59.81,61.9705
2016-04-29,58.0706,59.989,61.9074
2016-05-02,58.118,60.1005,62.083
2016-05-03,58.2881,60.262,62.2359
2016-05-04,58.308,60.3405,62.373
2016-05-05,58.3427,60.4925,62.6423
2016-05-06,58.584,60.6945,62.805
2016-05-09,58.7123,60.9545,63.1967
2016-05-10,58.6546,61.1465,63.6384
2016-05-11,58.9434,61.3285,63.7136
2016-05-12,59.2493,61.489,63.7287
2016-05-13,59.5584,61.6135,63.6686
2016-05-16,59.8194,61.742,63.6646
2016-05-17,59.8363,61.746,63.6557
2016-05-18,59.8326,61.745,63.6574
2016-05-19,59.4494,61.6405,63.8316
2016-05-20,59.2041,61.554,63.9039
2016-05-23,58.9324,61.4705,64.0086
2016-05-24,58.9091,61.459,64.0089
2016-05-25,58.9561,61.485,64.0139
2016-05-26,58.9885,61.52,64.0515
2016-05-27,59.0348,61.6055,64.1762
2016-05-31,59.0472,61.68,64.3128
2016-06-01,59.0528,61.733,64.4132
2016-06-02,58.8665,61.9145,64.9625
2016-06-03,58.7177,62.0475,65.3773
2016-06-06,58.7219,62.063,65.4041
2016-06-07,58.7408,62.033,65.3252
2016-06-08,58.7334,61.9325,65.1316
2016-06-09,58.6166,61.835,65.0534
2016-06-10,58.5373,61.7605,64.9837
2016-06-13,58.3396,61.657,64.9744
2016-06-14,58.1484,61.5295,64.9106
2016-06-15,58.1667,61.537,64.9073
2016-06-16,58.2114,61.559,64.9066
2016-06-17,58.3333,61.5955,64.8577
2016-06-20,58.3985,61.6165,64.8345
2016-06-21,58.5179,61.6505,64.7831
2016-06-22,58.4807,61.635,64.7893
2016-06-23,58.4873,61.6395,64.7917
2016-06-24,58.2949,61.5375,64.7801
2016-06-27,57.914,61.336,64.758
2016-06-28,57.8011,61.189,64.5769
2016-06-29,57.8205,61.138,64.4555
2016-06-30,58.1683,60.979,63.7897
2016-07-01,58.5812,60.8645,63.1478
2016-07-05,58.66,60.8195,62.979
2016-07-06,58.6141,60.833,63.0519
2016-07-07,58.4517,60.918,63.3843
2016-07-08,58.249,61.0885,63.928
2016-07-11,58.0817,61.256,64.4303
2016-07-12,57.9249,61.535,65.1451
2016-07-13,57.9899,61.7785,65.5671
2016-07-14,58.1253,61.9395,65.7537
2016-07-15,58.2323,62.0605,65.8887
2016-07-18,58.478,62.238,65.998
2016-07-19,58.743,62.3985,66.054
2016-07-20,59.0657,62.57,66.0743
2016-07-21,59.3456,62.745,66.1444
2016-07-22,59.5072,62.87,66.2328
2016-07-25,59.9757,63.093,66.2103
2016-07-26,60.9611,63.3815,65.8019
2016-07-27,61.6833,63.627,65.5707
2016-07-28,61.9637,63.7725,65.5813
2016-07-29,62.0913,63.9885,65.8857
2016-08-01,62.001,64.2,66.399
2016-08-02,62.2314,64.443,66.6546
2016-08-03,62.2657,64.603,66.9403
2016-08-04,62.3775,64.7365,67.0955
2016-08-05,62.3872,64.8555,67.3238
2016-08-08,62.4168,64.955,67.4932
2016-08-09,62.3686,65.0175,67.6664
2016-08-10,62.3846,65.1005,67.8164
2016-08-11,62.5264,65.267,68.0076
2016-08-12,62.7508,65.4605,68.1702
2016-08-15,62.9654,65.652,68.3386
2016-08-16,63.323,65.823,68.323
2016-08-17,63.7199,65.994,68.2681
2016-08-18,64.0587,66.138,68.2173
2016-08-19,64.4814,66.3025,68.1236
2016-08-22,64.8375,66.437,68.0365
2016-08-23,65.1989,66.523,67.8471
2016-08-24,65.2448,66.531,67.8172
2016-08-25,65.2448,66.531,67.8172
2016-08-26,64.9177,66.45,67.9823
2016-08-29,64.5983,66.3285,68.0587
2016-08-30,64.2418,66.1975,68.1532
2016-08-31,63.9256,66.074,68.2224
2016-09-01,63.6449,65.9705,68.2961
2016-09-02,63.4062,65.8495,68.2928
2016-09-06,63.2732,65.763,68.2528
2016-09-07,63.2049,65.6735,68.1421
2016-09-08,63.0165,65.555,68.0935
2016-09-09,62.7507,65.3755,68.0003
2016-09-12,62.6764,65.22,67.7636
2016-09-13,62.5535,65.0175,67.4815
2016-09-14,62.4134,64.8475,67.2816
2016-09-15,62.3355,64.6735,67.0115
2016-09-16,62.2943,64.4985,66.7027
2016-09-19,62.3309,64.289,66.2471
2016-09-20,62.5475,64.1025,65.6575
2016-09-21,62.7661,63.999,65.2319
2016-09-22,62.7636,64.0,65.2364
2016-09-23,62.7416,64.013,65.2844
2016-09-26,62.7439,63.986,65.2281
2016-09-27,62.7415,63.989,65.2365
2016-09-28,62.7426,63.992,65.2414
2016-09-29,62.5801,63.928,65.2759
2016-09-30,62.4825,63.88,65.2775
2016-10-03,62.415,63.8355,65.256
2016-10-04,62.3367,63.755,65.1733
2016-10-05,62.3652,63.676,64.9868
2016-10-06,62.2667,63.6145,64.9623
2016-10-07,62.2162,63.593,64.9698
2016-10-10,62.1913,63.5545,64.9177
2016-10-11,62.054,63.507,64.96
2016-10-12,61.6354,63.4005,65.1656
2016-10-13,61.2707,63.2905,65.3103
2016-10-14,60.7002,63.1355,65.5708
2016-10-17,60.2332,62.997,65.7608
2016-10-18,60.0801,62.9105,65.7409
2016-10-19,59.9318,62.777,65.6222
2016-10-20,59.9405,62.611,65.2815
2016-10-21,59.885,62.411,64.937
2016-10-24,59.7984,62.2635,64.7286
2016-10-25,59.8712,62.1125,64.3538
2016-10-26,59.8858,61.9525,64.0192
2016-10-27,59.8471,61.8845,63.9219
2016-10-28,58.9199,61.611,64.3021
2016-10-31,57.6381,61.2385,64.8389
2016-11-01,56.8491,60.911,64.9729
2016-11-02,56.3112,60.581,64.8508
2016-11-03,55.6363,60.234,64.8317
2016-11-04,55.1221,59.8895,64.6569
2016-11-07,55.1543,59.6695,64.1847
2016-11-08,55.1401,59.4905,63.8409
2016-11-09,55.0566,59.562,64.0674
2016-11-10,54.8412,59.7045,64.5678
2016-11-11,54.7688,59.851,64.9332
2016-11-14,54.7316,59.9925,65.2534
2016-11-15,54.6891,60.0585,65.4279
2016-11-16,54.6887,60.064,65.4393
2016-11-17,54.6895,60.061,65.4325
2016-11-18,54.6785,60.038,65.3975
2016-11-21,54.6631,60.003,65.3429
2016-11-22,54.5619,59.872,65.1821
2016-11-23,54.5436,59.83,65.1164
2016-11-25,54.5386,59.7825,65.0264
2016-11-28,54.7246,59.8755,65.0264
2016-11-29,55.3258,60.166,65.0062
2016-11-30,55.8496,60.3835,64.9174
2016-12-01,56.2338,60.502,64.7702
2016-12-02,56.9283,60.679,64.4297
2016-12-05,57.8317,60.92,64.0083
2016-12-06,58.0967,61.0555,64.0143
2016-12-07,58.2933,61.1145,63.9357
2016-12-08,58.2939,61.0275,63.7611
2016-12-09,58.5176,60.9045,63.2914
2016-12-12,58.6199,60.8515,63.0831
2016-12-13,58.7211,60.8025,62.8839
2016-12-14,58.8416,60.7425,62.6434
2016-12-15,58.8145,60.7665,62.7185
2016-12-16,58.7786,60.7925,62.8064
2016-12-19,58.7752,60.8775,62.9798
2016-12-20,58.802,60.9645,63.127
2016-12-21,59.1329,61.0905,63.0481
2016-12-22,59.2386,61.1645,63.0904
2016-12-23,59.2897,61.256,63.2223
2016-12-27,59.5537,61.408,63.2623
2016-12-28,59.551,61.442,63.333
2016-12-29,59.5922,61.5385,63.4848
2016-12-30,60.047,61.7115,63.376
2017-01-03,60.542,61.8605,63.179
2017-01-04,60.608,61.982,63.356
2017-01-05,60.5227,62.0895,63.6563
2017-01-06,60.8628,62.2795,63.6962
2017-01-09,60.9409,62.445,63.9491
2017-01-10,60.9707,62.5715,64.1723
2017-01-11,60.8212,62.5265,64.2318
2017-01-12,60.7145,62.491,64.2675
2017-01-13,60.7547,62.507,64.2593
2017-01-17,60.7365,62.499,64.2615
2017-01-18,60.6742,62.471,64.2678
2017-01-19,60.5724,62.429,64.2856
2017-01-20,60.4422,62.3785,64.3148
2017-01-23,60.3598,62.354,64.3482
2017-01-24,60.179,62.3,64.421
2017-01-25,60.0937,62.252,64.4103
2017-01-26,59.9942,62.1905,64.3868
2017-01-27,59.6832,62.077,64.4708
2017-01-30,59.4851,61.962,64.4389
2017-01-31,59.4024,61.8865,64.3706
2017-02-01,59.3023,61.8105,64.3187
2017-02-02,59.2481,61.6905,64.1329
2017-02-03,59.2524,61.5355,63.8186
2017-02-06,59.3159,61.3785,63.4411
2017-02-07,59.5676,61.196,62.8244
2017-02-08,60.0361,61.0185,62.0009
2017-02-09,60.0198,61.0035,61.9872
2017-02-10,59.954,60.9605,61.967
2017-02-13,59.9811,60.8865,61.7919
2017-02-14,60.047,60.8345,61.622
2017-02-15,60.0485,60.834,61.6195
2017-02-16,60.0386,60.839,61.6394
2017-02-17,59.9807,60.87,61.7593
2017-02-21,59.9307,60.9135,61.8963
2017-02-22,59.9638,60.9525,61.9412
2017-02-23,59.9161,60.9805,62.0449
2017-02-24,59.8572,61.0215,62.1858
2017-02-27,59.9557,61.1325,62.3093
2017-02-28,60.0341,61.203,62.3719
2017-03-01,59.9235,61.289,62.6545
2017-03-02,59.8114,61.407,63.0026
2017-03-03,59.7463,61.5295,63.3127
2017-03-06,59.733,61.6735,63.614
2017-03-07,59.7574,61.8255,63.8936
2017-03-08,59.7909,62.0045,64.2181
2017-03-09,59.8484,62.2035,64.5586
2017-03-10,59.6944,62.4555,65.2166
2017-03-13,59.7597,62.727,65.6943
2017-03-14,59.9374,62.985,66.0326
2017-03-15,60.0213,63.2715,66.5217
2017-03-16,60.1315,63.484,66.8365
2017-03-17,60.3431,63.6945,67.0459
2017-03-20,60.547,63.896,67.245
2017-03-21,60.8069,64.072,67.3371
2017-03-22,61.2082,64.28,67.3518
2017-03-23,61.5366,64.4655,67.3944
2017-03-24,61.8866,64.642,67.3974
2017-03-27,62.2488,64.836,67.4232
2017-03-28,62.8095,65.043,67.2765
2017-03-29,63.1829,65.19,67.1971
2017-03-30,63.5001,65.3005,67.1009
2017-03-31,63.8283,65.3915,66.9547
2017-04-03,64.1353,65.4655,66.7957
2017-04-04,64.4669,65.5365,66.6061
2017-04-05,64.6754,65.5775,66.4796
2017-04-06,64.8142,65.6065,66.3988
2017-04-07,64.8069,65.5895,66.3721
2017-04-10,64.7282,65.5455,66.3628
2017-04-11,64.4632,65.471,66.4788
2017-04-12,64.3732,65.362,66.3508
2017-04-13,64.1817,65.2735,66.3653
2017-04-17,64.0539,65.2045,66.3551
2017-04-18,63.797,65.097,66.397
2017-04-19,63.5243,65.002,66.4797
2017-04-20,63.3663,64.915,66.4637
2017-04-21,63.2434,64.8235,66.4036
2017-04-24,63.2373,64.7755,66.3137
2017-04-25,63.3021,64.7255,66.1489
2017-04-26,63.3661,64.6785,65.9909
2017-04-27,63.3259,64.6935,66.0611
2017-04-28,63.2818,64.7175,66.1532
2017-05-01,63.163,64.7835,66.404
2017-05-02,63.0551,64.8635,66.6719
2017-05-03,62.9611,64.945,66.9289
2017-05-04,62.8385,65.0585,67.2785
2017-05-05,62.7796,65.154,67.5284
2017-05-08,62.7736,65.1875,67.6014
2017-05-09,62.7988,65.2475,67.6962
2017-05-10,62.9203,65.3375,67.7547
2017-05-11,63.0076,65.384,67.7604
2017-05-12,63.1595,65.4805,67.8015
2017-05-15,63.2876,65.5985,67.9094
2017-05-16,63.5695,65.7585,67.9475
2017-05-17,63.926,65.8545,67.783
2017-05-18,64.2634,65.947,67.6306
2017-05-19,64.6474,66.035,67.4226
2017-05-22,64.8043,66.074,67.3437
2017-05-23,64.9161,66.111,67.3059
2017-05-24,65.0614,66.1555,67.2496
2017-05-25,65.0724,66.168,67.2636
2017-05-26,65.0821,66.174,67.2659
2017-05-30,65.0665,66.151,67.2355
2017-05-31,65.0575,66.1205,67.1835
2017-06-01,65.0594,66.119,67.1786
2017-06-02,65.0562,66.12,67.1838
2017-06-05,64.9781,66.146,67.3139
2017-06-06,64.8397,66.229,67.6183
2017-06-07,64.5877,66.358,68.1283
2017-06-08,64.452,66.497,68.542
2017-06-09,64.3243,66.7155,69.1067
2017-06-12,64.2252,66.889,69.5528
2017-06-13,64.1161,67.039,69.9619
2017-06-14,63.9324,67.2225,70.5126
2017-06-15,63.9988,67.484,70.9692
2017-06-16,64.0525,67.755,71.4575
2017-06-19,64.1699,68.043,71.9161
2017-06-20,64.4166,68.332,72.2474
2017-06-21,64.6579,68.607,72.5561
2017-06-22,64.7482,68.9695,73.1908
2017-06-23,64.96,69.2855,73.611
2017-06-26,65.3102,69.6195,73.9288
2017-06-27,65.8018,69.938,74.0742
2017-06-28,66.3663,70.283,74.1997
2017-06-29,66.9082,70.5715,74.2348
2017-06-30,67.4158,70.8345,74.2532
2017-07-03,67.9593,71.08,74.2007
2017-07-05,68.5073,71.3105,74.1137
2017-07-06,68.9114,71.4595,74.0076
2017-07-07,69.3884,71.623,73.8576
2017-07-10,69.6834,71.731,73.7786
2017-07-11,70.0653,71.8465,73.6277
2017-07-12,70.4816,71.957,73.4324
2017-07-13,70.7172,72.0625,73.4078
2017-07-14,70.9477,72.188,73.4283
2017-07-17,71.1283,72.2705,73.4127
2017-07-18,71.2549,72.315,73.3751
2017-07-19,71.443,72.3925,73.342
2017-07-20,71.4621,72.526,73.5899
2017-07-21,71.2162,72.5985,73.9808
2017-07-24,71.1659,72.662,74.1581
2017-07-25,71.1542,72.651,74.1478
2017-07-26,71.1686,72.661,74.1534
2017-07-27,71.061,72.6015,74.142
2017-07-28,70.6932,72.4995,74.3058
2017-07-31,70.2396,72.3695,74.4994
2017-08-01,70.0853,72.298,74.5107
2017-08-02,69.8938,72.2095,74.5252
2017-08-03,69.8043,72.1725,74.5407
2017-08-04,69.697,72.1205,74.544
2017-08-07,69.6375,72.09,74.5425
2017-08-08,69.6062,72.0715,74.5368
2017-08-09,69.6146,72.0785,74.5424
2017-08-10,69.4197,71.969,74.5183
2017-08-11,69.2885,71.845,74.4015
2017-08-14,69.1889,71.751,74.3131
2017-08-15,69.0334,71.6565,74.2796
2017-08-16,68.9154,71.539,74.1626
2017-08-17,68.8694,71.331,73.7926
2017-08-18,69.0873,71.0975,73.1077
2017-08-21,69.3919,70.937,72.4821
2017-08-22,69.4799,70.8985,72.3171
2017-08-23,69.6178,70.845,72.0722
2017-08-24,69.5725,70.864,72.1555
2017-08-25,69.5125,70.966,72.4195
2017-08-28,69.439,71.1365,72.834
2017-08-29,69.2055,71.2815,73.3575
2017-08-30,69.0896,71.442,73.7944
2017-08-31,68.7793,71.6575,74.5357
2017-09-01,68.5881,71.879,75.1699
2017-09-05,68.4954,72.0805,75.6656
2017-09-06,68.1874,72.3595,76.5316
2017-09-07,67.0011,72.8475,78.6939
2017-09-08,65.7177,73.5925,81.4673
2017-09-11,64.7399,74.411,84.0821
2017-09-12,64.1368,75.2575,86.3782
2017-09-13,63.8977,76.164,88.4303
2017-09-14,63.8972,77.104,90.3108
2017-09-15,64.4928,77.98,91.4672
2017-09-18,65.4267,78.748,92.0693
2017-09-19,66.3533,79.5315,92.7097
2017-09-20,67.218,80.3145,93.411
2017-09-21,68.3186,81.109,93.8994
2017-09-22,69.502,81.8775,94.253
2017-09-25,70.8386,82.582,94.3254
2017-09-26,72.1909,83.1835,94.1761
2017-09-27,73.5838,83.7265,93.8692
2017-09-28,75.1588,84.4785,93.7982
2017-09-29,76.6707,85.1565,93.6423
2017-10-02,78.4026,85.905,93.4074
2017-10-03,80.7648,86.6275,92.4902
2017-10-04,83.2059,87.27,91.3341
2017-10-05,84.3023,87.69,91.0777
2017-10-06,84.5306,87.9475,91.3644
2017-10-09,84.5369,88.1365,91.7361
2017-10-10,84.4799,88.3075,92.1351
2017-10-11,84.2828,88.503,92.7232
2017-10-12,84.213,88.613,93.013
2017-10-13,84.3296,88.778,93.2264
2017-10-16,84.8104,89.064,93.3176
2017-10-17,85.0838,89.354,93.6242
2017-10-18,84.7185,89.7855,94.8525
2017-10-19,84.5218,90.239,95.9562
2017-10-20,84.5633,90.67,96.7767
2017-10-23,85.0464,91.067,97.0876
2017-10-24,85.963,91.384,96.805
2017-10-25,87.2497,91.7355,96.2213
2017-10-26,87.3469,91.7655,96.1841
2017-10-27,87.7063,91.919,96.1317
2017-10-30,87.7689,91.9475,96.1261
2017-10-31,87.8491,91.975,96.1009
2017-11-01,88.0844,92.102,96.1196
2017-11-02,88.1906,92.144,96.0974
2017-11-03,88.355,92.235,96.115
2017-11-06,88.5114,92.344,96.1766
2017-11-07,88.629,92.4835,96.338
2017-11-08,88.548,92.65,96.752
2017-11-09,88.5812,92.8735,97.1658
2017-11-10,88.8065,93.1115,97.4165
2017-11-13,89.0359,93.3155,97.5951
2017-11-14,89.1552,93.4445,97.7338
2017-11-15,89.2052,93.3305,97.4558
2017-11-16,89.3244,93.23,97.1356
2017-11-17,89.4213,93.1055,96.7897
2017-11-20,89.4242,93.06,96.6958
2017-11-21,89.5654,93.2095,96.8536
2017-11-22,89.7224,93.344,96.9656
2017-11-24,90.3825,93.602,96.8215
2017-11-27,90.5601,93.7765,96.9929
2017-11-28,90.9829,93.9995,97.0161
2017-11-29,91.7011,94.278,96.8549
2017-11-30,91.8261,94.502,97.1779
2017-12-01,92.5052,94.767,97.0288
2017-12-04,92.9467,94.9125,96.8783
2017-12-05,93.2767,95.035,96.7933
2017-12-06,93.3426,95.057,96.7714
2017-12-07,93.2614,94.9835,96.7056
2017-12-08,93.2579,94.9865,96.7151
2017-12-11,93.2005,95.0385,96.8765
2017-12-12,93.1788,95.0975,97.0162
2017-12-13,93.0818,95.2275,97.3732
2017-12-14,93.2715,95.3545,97.4375
2017-12-15,93.2737,95.5035,97.7333
2017-12-18,93.3897,95.7325,98.0753
2017-12-19,93.6356,95.9485,98.2614
2017-12-20,93.7654,96.085,98.4046
2017-12-21,93.9318,96.257,98.5822
2017-12-22,94.0703,96.4315,98.7927
2017-12-26,94.1681,96.548,98.9279
2017-12-27,94.2703,96.6815,99.0927
2017-12-28,94.3567,96.78,99.2033
2017-12-29,94.3469,96.7695,99.1921
2018-01-02,94.3595,96.874,99.3885
2018-01-03,94.3821,97.1105,99.8389
2018-01-04,94.5272,97.309,100.0908
2018-01-05,94.7315,97.6445,100.5575
2018-01-08,95.3432,97.907,100.4708
2018-01-09,95.5309,98.1215,100.7121
2018-01-10,95.7224,98.2825,100.8426
2018-01-11,96.0072,98.431,100.8548
2018-01-12,96.0744,98.5805,101.0866
2018-01-16,96.0768,98.89,101.7032
2018-01-17,95.6291,99.2355,102.8419
2018-01-18,95.4352,99.5165,103.5978
2018-01-19,95.2758,99.8525,104.4292
2018-01-22,95.0397,100.3065,105.5733
2018-01-23,95.096,100.68,106.264
2018-01-24,95.206,101.045,106.884
2018-01-25,95.1432,101.5725,108.0018
2018-01-26,91.593,102.8285,114.064
2018-01-29,90.2323,104.0545,117.8767
2018-01-30,90.7106,105.013,119.3154
2018-01-31,91.4095,105.7035,119.9975
2018-02-01,91.7704,106.523,121.2756
2018-02-02,92.4836,107.3125,122.1414
2018-02-05,93.1564,107.7325,122.3086
2018-02-06,94.1791,108.318,122.4569
2018-02-07,95.178,108.987,122.796
2018-02-08,96.2857,109.4265,122.5673
2018-02-09,97.7274,110.028,122.3286
2018-02-12,99.1222,110.6075,122.0928
2018-02-13,100.2054,111.076,121.9466
2018-02-14,101.0625,111.512,121.9615
2018-02-15 12:15:53,102.1465,112.0245,121.9025
