date,MACD_Hist,MACD,MACD_Signal
2010-06-15,0.4055,-0.8729,-1.2784
2010-06-16,0.3988,-0.7799,-1.1787
2010-06-17,0.3627,-0.7253,-1.088
2010-06-18,0.3253,-0.6814,-1.0067
2010-06-21,0.2869,-0.648,-0.9349
2010-06-22,0.2398,-0.6352,-0.875
2010-06-23,0.1935,-0.6331,-0.8266
2010-06-24,0.1715,-0.6123,-0.7837
2010-06-25,0.1571,-0.5874,-0.7445
2010-06-28,0.1498,-0.5572,-0.707
2010-06-29,0.1043,-0.5767,-0.6809
2010-06-30,0.0701,-0.5933,-0.6634
2010-07-01,0.0128,-0.6475,-0.6602
2010-07-02,-0.0223,-0.6881,-0.6658
2010-07-06,-0.0638,-0.7456,-0.6818
2010-07-07,-0.0841,-0.7869,-0.7028
2010-07-08,-0.0828,-0.8063,-0.7235
2010-07-09,-0.0232,-0.7526,-0.7293
2010-07-12,0.0233,-0.7002,-0.7235
2010-07-13,0.0948,-0.605,-0.6998
2010-07-14,0.141,-0.5235,-0.6645
2010-07-15,0.1668,-0.456,-0.6228
2010-07-16,0.169,-0.4116,-0.5806
2010-07-19,0.1828,-0.3521,-0.5349
2010-07-20,0.1701,-0.3222,-0.4924
2010-07-21,0.1609,-0.2912,-0.4521
2010-07-22,0.1707,-0.2388,-0.4095
2010-07-23,0.1862,-0.1767,-0.3629
2010-07-26,0.245,-0.0566,-0.3016
2010-07-27,0.3088,0.0844,-0.2244
2010-07-28,0.3155,0.17,-0.1456
2010-07-29,0.3051,0.2359,-0.0693
2010-07-30,0.2871,0.2896,0.0025
2010-08-02,0.2645,0.3332,0.0686
2010-08-03,0.2257,0.3508,0.1251
2010-08-04,0.2139,0.3925,0.1785
2010-08-05,0.1899,0.4159,0.226
2010-08-06,0.1474,0.4103,0.2629
2010-08-09,0.1139,0.4053,0.2913
2010-08-10,0.0805,0.3919,0.3115
2010-08-11,0.0282,0.3467,0.3185
2010-08-12,-0.016,0.2985,0.3145
2010-08-13,-0.0125,0.2989,0.3114
2010-08-16,0.0309,0.35,0.3191
2010-08-17,0.0771,0.4155,0.3384
2010-08-18,0.1456,0.5204,0.3748
2010-08-19,0.1775,0.5966,0.4192
2010-08-20,0.1901,0.6567,0.4667
2010-08-23,0.1946,0.7099,0.5153
2010-08-24,0.1781,0.7379,0.5598
2010-08-25,0.1494,0.7466,0.5972
2010-08-26,0.1227,0.7505,0.6279
2010-08-27,0.1218,0.7801,0.6583
2010-08-30,0.0949,0.7769,0.682
2010-08-31,0.0847,0.7878,0.7032
2010-09-01,0.1006,0.8289,0.7283
2010-09-02,0.0942,0.8461,0.7519
2010-09-03,0.0899,0.8642,0.7744
2010-09-07,0.0646,0.8551,0.7905
2010-09-08,0.04,0.8405,0.8005
2010-09-09,-0.0033,0.7964,0.7997
2010-09-10,-0.0318,0.7599,0.7917
2010-09-13,-0.0176,0.7698,0.7873
2010-09-14,-0.0066,0.7791,0.7857
2010-09-15,-0.0034,0.7815,0.7849
2010-09-16,0.0102,0.7976,0.7874
2010-09-17,0.0365,0.8331,0.7965
2010-09-20,0.0406,0.8473,0.8067
2010-09-21,0.0344,0.8497,0.8153
2010-09-22,0.004,0.8203,0.8163
2010-09-23,-0.0285,0.7807,0.8092
2010-09-24,-0.0157,0.7895,0.8052
2010-09-27,0.0266,0.8384,0.8119
2010-09-28,0.0663,0.8947,0.8284
2010-09-29,0.0913,0.9426,0.8513
2010-09-30,0.1123,0.9917,0.8794
2010-10-01,0.1097,1.0165,0.9068
2010-10-04,0.1081,1.0419,0.9338
2010-10-05,0.1375,1.1057,0.9682
2010-10-06,0.1036,1.0977,0.9941
2010-10-07,0.0825,1.0972,1.0147
2010-10-08,0.1068,1.1482,1.0414
2010-10-11,0.1649,1.2476,1.0826
2010-10-12,0.1918,1.3224,1.1306
2010-10-13,0.2311,1.4194,1.1884
2010-10-14,0.2359,1.4833,1.2473
2010-10-15,0.182,1.4749,1.2929
2010-10-18,0.1429,1.4715,1.3286
2010-10-19,0.0841,1.4337,1.3496
2010-10-20,0.0694,1.4364,1.3669
2010-10-21,0.0716,1.4564,1.3848
2010-10-22,0.0559,1.4547,1.3988
2010-10-25,0.0566,1.4695,1.413
2010-10-26,0.0258,1.4452,1.4194
2010-10-27,-0.0403,1.3691,1.4093
2010-10-28,-0.0733,1.3177,1.391
2010-10-29,-0.1443,1.2106,1.3549
2010-11-01,-0.2485,1.0443,1.2928
2010-11-02,-0.2724,0.9523,1.2247
2010-11-03,-0.2638,0.895,1.1588
2010-11-04,-0.2258,0.8765,1.1023
2010-11-05,-0.1402,0.9271,1.0673
2010-11-08,-0.057,0.996,1.053
2010-11-09,-0.0377,1.0059,1.0436
2010-11-10,-0.0395,0.9943,1.0337
2010-11-11,-0.0511,0.9698,1.0209
2010-11-12,-0.1219,0.8686,0.9905
2010-11-15,-0.1522,0.8002,0.9524
2010-11-16,-0.2333,0.6608,0.8941
2010-11-17,-0.2461,0.5864,0.8326
2010-11-18,-0.2195,0.5581,0.7777
2010-11-19,-0.1308,0.6142,0.745
2010-11-22,-0.0158,0.7253,0.741
2010-11-23,0.0038,0.7458,0.742
2010-11-24,0.0442,0.7973,0.753
2010-11-26,0.0527,0.8189,0.7662
2010-11-29,0.0719,0.8561,0.7842
2010-11-30,0.0385,0.8324,0.7938
2010-12-01,0.0511,0.8577,0.8066
2010-12-02,0.0879,0.9165,0.8286
2010-12-03,0.1007,0.9545,0.8538
2010-12-06,0.1314,1.0181,0.8866
2010-12-07,0.1689,1.0977,0.9289
2010-12-08,0.1278,1.0886,0.9608
2010-12-09,0.0707,1.0491,0.9785
2010-12-10,0.0535,1.0453,0.9918
2010-12-13,0.0794,1.0911,1.0117
2010-12-14,0.0905,1.1248,1.0343
2010-12-15,0.068,1.1193,1.0513
2010-12-16,0.0056,1.0584,1.0527
2010-12-17,-0.0006,1.052,1.0526
2010-12-20,0.0006,1.0534,1.0527
2010-12-21,0.0205,1.0783,1.0579
2010-12-22,0.0477,1.1175,1.0698
2010-12-23,0.0513,1.1339,1.0826
2010-12-27,0.0429,1.1362,1.0933
2010-12-28,0.0458,1.1506,1.1048
2010-12-29,0.0428,1.1583,1.1155
2010-12-30,0.0515,1.1799,1.1284
2010-12-31,0.0848,1.2344,1.1496
2011-01-03,0.101,1.2758,1.1748
2011-01-04,0.1149,1.3184,1.2035
2011-01-05,0.1053,1.3352,1.2299
2011-01-06,0.0903,1.3427,1.2524
2011-01-07,0.0423,1.3053,1.263
2011-01-10,0.0381,1.3107,1.2725
2011-01-11,0.1004,1.398,1.2976
2011-01-12,0.1395,1.4721,1.3325
2011-01-13,0.1229,1.4862,1.3633
2011-01-14,0.107,1.4971,1.39
2011-01-18,0.0718,1.4797,1.408
2011-01-19,-0.0205,1.3823,1.4028
2011-01-20,-0.1054,1.2711,1.3765
2011-01-21,-0.1892,1.1399,1.3292
2011-01-24,-0.2057,1.072,1.2777
2011-01-25,-0.2137,1.0106,1.2243
2011-01-26,-0.1995,0.9749,1.1744
2011-01-27,-0.1781,0.9518,1.1299
2011-01-28,-0.2512,0.8159,1.0671
2011-01-31,-0.2246,0.7863,1.011
2011-02-01,-0.148,0.826,0.974
2011-02-02,-0.1196,0.8245,0.9441
2011-02-03,-0.1315,0.7797,0.9112
2011-02-04,-0.1373,0.7396,0.8769
2011-02-07,-0.1831,0.648,0.8311
2011-02-08,-0.2124,0.5656,0.778
2011-02-09,-0.2037,0.5233,0.7271
2011-02-10,-0.1362,0.5568,0.693
2011-02-11,-0.0726,0.6023,0.6749
2011-02-14,-0.014,0.6573,0.6714
2011-02-15,0.0224,0.6993,0.6769
2011-02-16,0.0417,0.7291,0.6874
2011-02-17,0.1124,0.8278,0.7155
2011-02-18,0.1034,0.8447,0.7413
2011-02-22,-0.049,0.68,0.7291
2011-02-23,-0.0976,0.607,0.7047
2011-02-24,-0.1255,0.5477,0.6733
2011-02-25,-0.0488,0.6123,0.6611
2011-02-28,-0.0099,0.6487,0.6586
2011-03-01,-0.0561,0.5885,0.6446
2011-03-02,-0.0235,0.6151,0.6387
2011-03-03,0.0874,0.7479,0.6605
2011-03-04,0.1514,0.8498,0.6984
2011-03-07,0.1893,0.935,0.7457
2011-03-08,0.2538,1.063,0.8092
2011-03-09,0.2844,1.1647,0.8803
2011-03-10,0.2034,1.1346,0.9311
2011-03-11,0.0997,1.0558,0.9561
2011-03-14,0.0227,0.9844,0.9617
2011-03-15,-0.0937,0.8447,0.9383
2011-03-16,-0.1823,0.7104,0.8927
2011-03-17,-0.1791,0.6689,0.848
2011-03-18,-0.213,0.5817,0.7947
2011-03-21,-0.1493,0.6081,0.7574
2011-03-22,-0.148,0.5723,0.7204
2011-03-23,-0.0937,0.6032,0.6969
2011-03-24,-0.0279,0.662,0.69
2011-03-25,0.0066,0.6982,0.6916
2011-03-28,0.012,0.7066,0.6946
2011-03-29,0.0039,0.6995,0.6956
2011-03-30,-0.037,0.6493,0.6863
2011-03-31,-0.0753,0.5922,0.6675
2011-04-01,-0.0555,0.5982,0.6536
2011-04-04,-0.0218,0.6263,0.6482
2011-04-05,0.0385,0.6963,0.6578
2011-04-06,0.0855,0.7647,0.6792
2011-04-07,0.0973,0.8008,0.7035
2011-04-08,0.1621,0.9062,0.744
2011-04-11,0.1817,0.9712,0.7895
2011-04-12,0.0522,0.8547,0.8025
2011-04-13,-0.0327,0.7617,0.7943
2011-04-14,-0.1048,0.6633,0.7681
2011-04-15,-0.1139,0.6258,0.7397
2011-04-18,-0.1809,0.5135,0.6944
2011-04-19,-0.1739,0.4771,0.651
2011-04-20,-0.0884,0.5405,0.6289
2011-04-21,0.0106,0.6422,0.6315
2011-04-25,0.1002,0.7568,0.6566
2011-04-26,0.179,0.8803,0.7013
2011-04-27,0.2068,0.9598,0.753
2011-04-28,0.2538,1.0702,0.8165
2011-04-29,0.2663,1.1493,0.883
2011-05-02,0.3236,1.2875,0.9639
2011-05-03,0.2668,1.2974,1.0306
2011-05-04,0.0967,1.1515,1.0548
2011-05-05,-0.0999,0.93,1.0298
2011-05-06,-0.2636,0.7003,0.9639
2011-05-09,-0.3344,0.546,0.8804
2011-05-10,-0.322,0.4778,0.7998
2011-05-11,-0.306,0.4174,0.7233
2011-05-12,-0.3433,0.2943,0.6375
2011-05-13,-0.4598,0.0628,0.5226
2011-05-16,-0.6143,-0.2452,0.369
2011-05-17,-0.628,-0.416,0.212
2011-05-18,-0.4748,-0.3815,0.0933
2011-05-19,-0.3548,-0.3502,0.0046
2011-05-20,-0.3248,-0.4014,-0.0766
2011-05-23,-0.3585,-0.5247,-0.1662
2011-05-24,-0.305,-0.5475,-0.2425
2011-05-25,-0.1359,-0.4123,-0.2764
2011-05-26,-0.0094,-0.2882,-0.2788
2011-05-27,0.1355,-0.1095,-0.2449
2011-05-31,0.2897,0.1172,-0.1725
2011-06-01,0.2751,0.1713,-0.1037
2011-06-02,0.2154,0.1656,-0.0499
2011-06-03,0.0517,0.0148,-0.037
2011-06-06,-0.1586,-0.2352,-0.0766
2011-06-07,-0.2405,-0.3773,-0.1367
2011-06-08,-0.2564,-0.4572,-0.2008
2011-06-09,-0.2012,-0.4523,-0.2511
2011-06-10,-0.1985,-0.4992,-0.3007
2011-06-13,-0.2475,-0.6101,-0.3626
2011-06-14,-0.161,-0.5639,-0.4029
2011-06-15,-0.1918,-0.6426,-0.4508
2011-06-16,-0.283,-0.8046,-0.5216
2011-06-17,-0.3289,-0.9327,-0.6038
2011-06-20,-0.3553,-1.048,-0.6926
2011-06-21,-0.2162,-0.9628,-0.7467
2011-06-22,-0.105,-0.8779,-0.7729
2011-06-23,-0.0637,-0.8525,-0.7888
2011-06-24,-0.0578,-0.8611,-0.8033
2011-06-27,-0.0643,-0.8836,-0.8194
2011-06-28,-0.0434,-0.8736,-0.8302
2011-06-29,0.0312,-0.7912,-0.8224
2011-06-30,0.0985,-0.6993,-0.7978
2011-07-01,0.1683,-0.5874,-0.7557
2011-07-05,0.2721,-0.4156,-0.6877
2011-07-06,0.301,-0.3114,-0.6124
2011-07-07,0.4225,-0.0843,-0.5068
2011-07-08,0.4589,0.0668,-0.3921
2011-07-11,0.308,-0.0071,-0.3151
2011-07-12,0.195,-0.0713,-0.2663
2011-07-13,0.1209,-0.1152,-0.2361
2011-07-14,0.0352,-0.1921,-0.2273
2011-07-15,-0.0075,-0.2367,-0.2292
2011-07-18,-0.1115,-0.3686,-0.2571
2011-07-19,-0.1532,-0.4486,-0.2954
2011-07-20,-0.1355,-0.4647,-0.3292
2011-07-21,-0.0191,-0.3531,-0.334
2011-07-22,0.0866,-0.2258,-0.3124
2011-07-25,0.0726,-0.2216,-0.2942
2011-07-26,0.103,-0.1655,-0.2685
2011-07-27,0.059,-0.1947,-0.2537
2011-07-28,0.002,-0.2512,-0.2532
2011-07-29,0.0904,-0.1403,-0.2306
2011-08-01,0.1986,0.0176,-0.181
2011-08-02,0.0701,-0.0934,-0.1635
2011-08-03,-0.019,-0.1873,-0.1682
2011-08-04,-0.3136,-0.5602,-0.2466
2011-08-05,-0.5051,-0.878,-0.3729
2011-08-08,-0.8913,-1.487,-0.5957
2011-08-09,-0.8662,-1.6784,-0.8123
2011-08-10,-0.8429,-1.8659,-1.023
2011-08-11,-0.5904,-1.761,-1.1706
2011-08-12,-0.3982,-1.6683,-1.2701
2011-08-15,-0.2427,-1.5735,-1.3308
2011-08-16,-0.2046,-1.5865,-1.3819
2011-08-17,-0.2027,-1.6353,-1.4326
2011-08-18,-0.3604,-1.8831,-1.5227
2011-08-19,-0.4947,-2.1411,-1.6464
2011-08-22,-0.4888,-2.2574,-1.7686
2011-08-23,-0.3732,-2.235,-1.8619
2011-08-24,-0.2042,-2.1171,-1.9129
2011-08-25,-0.0937,-2.03,-1.9363
2011-08-26,0.0894,-1.8246,-1.914
2011-08-29,0.3981,-1.4164,-1.8145
2011-08-30,0.5471,-1.1306,-1.6777
2011-08-31,0.6647,-0.8468,-1.5115
2011-09-01,0.6708,-0.673,-1.3438
2011-09-02,0.5362,-0.6736,-1.2098
2011-09-06,0.4341,-0.6671,-1.1012
2011-09-07,0.4748,-0.5077,-0.9825
2011-09-08,0.4468,-0.4241,-0.8708
2011-09-09,0.2759,-0.526,-0.8019
2011-09-12,0.1763,-0.5815,-0.7578
2011-09-13,0.1811,-0.5315,-0.7125
2011-09-14,0.2309,-0.424,-0.6548
2011-09-15,0.2815,-0.303,-0.5845
2011-09-16,0.3235,-0.18,-0.5036
2011-09-19,0.2686,-0.1678,-0.4364
2011-09-20,0.1501,-0.2488,-0.3989
2011-09-21,-0.1116,-0.5385,-0.4268
2011-09-22,-0.3348,-0.8454,-0.5105
2011-09-23,-0.4104,-1.0235,-0.6131
2011-09-26,-0.3969,-1.1092,-0.7123
2011-09-27,-0.3234,-1.1166,-0.7932
2011-09-28,-0.3693,-1.2549,-0.8855
2011-09-29,-0.4422,-1.4382,-0.9961
2011-09-30,-0.5972,-1.7426,-1.1454
2011-10-03,-0.6737,-1.9875,-1.3138
2011-10-04,-0.5608,-2.0148,-1.454
2011-10-05,-0.4339,-1.9964,-1.5625
2011-10-06,-0.2345,-1.8556,-1.6211
2011-10-07,-0.1379,-1.7935,-1.6556
2011-10-10,-0.0085,-1.6662,-1.6577
2011-10-11,0.1393,-1.4836,-1.6229
2011-10-12,0.2808,-1.2718,-1.5527
2011-10-13,0.3282,-1.1425,-1.4706
2011-10-14,0.4268,-0.9371,-1.3639
2011-10-17,0.4174,-0.8422,-1.2596
2011-10-18,0.4043,-0.7542,-1.1585
2011-10-19,0.2987,-0.7852,-1.0838
2011-10-20,0.256,-0.7638,-1.0198
2011-10-21,0.4569,-0.4487,-0.9056
2011-10-24,0.6506,-0.0923,-0.7429
2011-10-25,0.6427,0.0604,-0.5823
2011-10-26,0.6737,0.2599,-0.4139
2011-10-27,0.7797,0.5608,-0.2189
2011-10-28,0.8653,0.8628,-0.0026
2011-10-31,0.769,0.9587,0.1897
2011-11-01,0.6187,0.9631,0.3443
2011-11-02,0.5592,1.0433,0.4841
2011-11-03,0.5679,1.194,0.6261
2011-11-04,0.573,1.3423,0.7693
2011-11-07,0.525,1.4257,0.9006
2011-11-08,0.4689,1.4867,1.0178
2011-11-09,0.3436,1.4474,1.1037
2011-11-10,0.3015,1.4806,1.1791
2011-11-11,0.313,1.5704,1.2574
2011-11-14,0.2573,1.5789,1.3217
2011-11-15,0.1578,1.519,1.3611
2011-11-16,0.0812,1.4627,1.3814
2011-11-17,0.0272,1.4154,1.3882
2011-11-18,-0.0629,1.3097,1.3725
2011-11-21,-0.1298,1.2103,1.3401
2011-11-22,-0.4797,0.7405,1.2202
2011-11-23,-0.7768,0.2491,1.026
2011-11-25,-0.9113,-0.1132,0.7981
2011-11-28,-0.8747,-0.2952,0.5795
2011-11-29,-0.7824,-0.3986,0.3838
2011-11-30,-0.5397,-0.2908,0.2489
2011-12-01,-0.3781,-0.2237,0.1544
2011-12-02,-0.2335,-0.1375,0.096
2011-12-05,-0.0728,0.005,0.0778
2011-12-06,0.0297,0.115,0.0852
2011-12-07,0.0432,0.1392,0.096
2011-12-08,0.028,0.1311,0.103
2011-12-09,0.0519,0.1679,0.116
2011-12-12,0.0056,0.123,0.1174
2011-12-13,-0.0496,0.0554,0.105
2011-12-14,-0.1586,-0.0932,0.0654
2011-12-15,-0.2128,-0.2006,0.0122
2011-12-16,-0.1559,-0.1827,-0.0268
2011-12-19,-0.1661,-0.2344,-0.0683
2011-12-20,-0.0534,-0.135,-0.0817
2011-12-21,0.0234,-0.0525,-0.0758
2011-12-22,0.0665,0.0072,-0.0592
2011-12-23,0.0969,0.0619,-0.035
2011-12-27,0.11,0.1025,-0.0075
2011-12-28,0.0665,0.0756,0.0091
2011-12-29,0.0714,0.0984,0.027
2011-12-30,0.0501,0.0896,0.0395
2012-01-03,0.0963,0.1599,0.0636
2012-01-04,0.2007,0.3144,0.1137
2012-01-05,0.2226,0.392,0.1694
2012-01-06,0.2366,0.4651,0.2285
2012-01-09,0.2225,0.5067,0.2842
2012-01-10,0.3673,0.7433,0.376
2012-01-11,0.4641,0.9561,0.492
2012-01-12,0.591,1.2308,0.6398
2012-01-13,0.6351,1.4336,0.7985
2012-01-17,0.6399,1.5985,0.9585
2012-01-18,0.6926,1.8243,1.1317
2012-01-19,0.6388,1.9302,1.2914
2012-01-20,0.5534,1.9832,1.4297
2012-01-23,0.4221,1.9574,1.5353
2012-01-24,0.3439,1.9652,1.6212
2012-01-25,0.2781,1.9688,1.6908
2012-01-26,0.2112,1.9548,1.7436
2012-01-27,0.2024,1.9965,1.7942
2012-01-30,0.2458,2.1014,1.8556
2012-01-31,0.2866,2.2139,1.9273
2012-02-01,0.3115,2.3166,2.0051
2012-02-02,0.2734,2.3468,2.0735
2012-02-03,0.3119,2.4634,2.1515
2012-02-06,0.297,2.5227,2.2257
2012-02-07,0.2594,2.5499,2.2905
2012-02-08,0.1905,2.5287,2.3382
2012-02-09,0.1083,2.4736,2.3653
2012-02-10,0.0405,2.4158,2.3754
2012-02-13,0.0546,2.4436,2.389
2012-02-14,-0.0506,2.3258,2.3764
2012-02-15,-0.2025,2.1232,2.3257
2012-02-16,-0.2809,1.9746,2.2555
2012-02-17,-0.3365,1.8349,2.1714
2012-02-21,-0.4431,1.6176,2.0606
2012-02-22,-0.4792,1.4616,1.9408
2012-02-23,-0.5015,1.3139,1.8154
2012-02-24,-0.4445,1.2598,1.7043
2012-02-27,-0.3952,1.2103,1.6055
2012-02-28,-0.3736,1.1385,1.5121
2012-02-29,-0.4065,1.0039,1.4105
2012-03-01,-0.3939,0.9181,1.312
2012-03-02,-0.3683,0.8516,1.2199
2012-03-05,-0.466,0.6375,1.1034
2012-03-06,-0.6737,0.2614,0.935
2012-03-07,-0.6928,0.069,0.7618
2012-03-08,-0.5401,0.0867,0.6268
2012-03-09,-0.4589,0.0532,0.5121
2012-03-12,-0.4868,-0.0964,0.3904
2012-03-13,-0.3764,-0.0802,0.2963
2012-03-14,-0.3094,-0.0904,0.2189
2012-03-15,-0.2052,-0.0376,0.1676
2012-03-16,-0.1186,0.0193,0.138
2012-03-19,-0.0823,0.035,0.1174
2012-03-20,-0.0347,0.0741,0.1087
2012-03-21,0.0452,0.1652,0.12
2012-03-22,-0.0384,0.072,0.1104
2012-03-23,-0.0317,0.0707,0.1025
2012-03-26,0.0593,0.1767,0.1173
2012-03-27,0.0752,0.2113,0.1361
2012-03-28,0.0385,0.1843,0.1457
2012-03-29,0.0434,0.2,0.1566
2012-03-30,0.076,0.2516,0.1756
2012-04-02,0.1495,0.3625,0.213
2012-04-03,0.1386,0.3863,0.2476
2012-04-04,0.1388,0.4212,0.2824
2012-04-05,0.0857,0.3895,0.3038
2012-04-09,-0.0148,0.2853,0.3001
2012-04-10,-0.1768,0.0791,0.2559
2012-04-11,-0.2541,-0.0618,0.1924
2012-04-12,-0.1883,-0.043,0.1453
2012-04-13,-0.0594,0.0711,0.1304
2012-04-16,0.0368,0.1764,0.1396
2012-04-17,0.0843,0.245,0.1607
2012-04-18,0.0915,0.2751,0.1836
2012-04-19,0.1037,0.3132,0.2095
2012-04-20,0.1084,0.345,0.2366
2012-04-23,0.0774,0.3333,0.2559
2012-04-24,0.0732,0.3475,0.2743
2012-04-25,0.1338,0.4416,0.3077
2012-04-26,0.1844,0.5382,0.3538
2012-04-27,0.2159,0.6237,0.4078
2012-04-30,-0.0315,0.3684,0.3999
2012-05-01,-0.1196,0.2505,0.37
2012-05-02,-0.154,0.1775,0.3315
2012-05-03,-0.2912,-0.0325,0.2587
2012-05-04,-0.4772,-0.3378,0.1394
2012-05-07,-0.586,-0.5931,-0.0071
2012-05-08,-0.6477,-0.8167,-0.169
2012-05-09,-0.5711,-0.8828,-0.3118
2012-05-10,-0.4673,-0.8959,-0.4286
2012-05-11,-0.3981,-0.9262,-0.5281
2012-05-14,-0.3775,-1.0,-0.6225
2012-05-15,-0.3124,-1.013,-0.7006
2012-05-16,-0.282,-1.0531,-0.7711
2012-05-17,-0.3853,-1.2528,-0.8674
2012-05-18,-0.4169,-1.3885,-0.9717
2012-05-21,-0.2809,-1.3228,-1.0419
2012-05-22,-0.1548,-1.2354,-1.0806
2012-05-23,-0.077,-1.1768,-1.0998
2012-05-24,-0.0135,-1.1167,-1.1032
2012-05-25,0.0773,-1.0066,-1.0839
2012-05-29,0.2223,-0.806,-1.0283
2012-05-30,0.2127,-0.7625,-0.9751
2012-05-31,0.2114,-0.7109,-0.9223
2012-06-01,0.0675,-0.8379,-0.9054
2012-06-04,-0.0499,-0.9678,-0.9179
2012-06-05,-0.064,-0.9978,-0.9339
2012-06-06,-0.0022,-0.9366,-0.9344
2012-06-07,0.0171,-0.9131,-0.9302
2012-06-08,0.0514,-0.8659,-0.9173
2012-06-11,0.0039,-0.9124,-0.9163
2012-06-12,0.0314,-0.877,-0.9085
2012-06-13,0.0515,-0.8441,-0.8956
2012-06-14,0.0587,-0.8222,-0.8809
2012-06-15,0.1537,-0.6888,-0.8425
2012-06-18,0.3143,-0.4496,-0.7639
2012-06-19,0.4661,-0.1813,-0.6474
2012-06-20,0.5389,0.0262,-0.5127
2012-06-21,0.4231,0.0161,-0.4069
2012-06-22,0.355,0.0368,-0.3182
2012-06-25,0.2647,0.0127,-0.252
2012-06-26,0.2227,0.0264,-0.1963
2012-06-27,0.1463,-0.0135,-0.1598
2012-06-28,0.0743,-0.0669,-0.1412
2012-06-29,0.1319,0.0237,-0.1082
2012-07-02,0.1991,0.1406,-0.0584
2012-07-03,0.3008,0.3176,0.0168
2012-07-05,0.3723,0.4821,0.1098
2012-07-06,0.3225,0.513,0.1905
2012-07-09,0.251,0.5043,0.2532
2012-07-10,0.169,0.4645,0.2955
2012-07-11,0.0557,0.3651,0.3094
2012-07-12,-0.025,0.2782,0.3032
2012-07-13,-0.0029,0.2995,0.3024
2012-07-16,0.0357,0.3471,0.3114
2012-07-17,0.1037,0.4411,0.3373
2012-07-18,0.1551,0.5312,0.3761
2012-07-19,0.1579,0.5734,0.4155
2012-07-20,0.1245,0.5712,0.4467
2012-07-23,0.0567,0.5175,0.4609
2012-07-24,-0.0313,0.4217,0.453
2012-07-25,-0.0896,0.341,0.4306
2012-07-26,-0.0947,0.3122,0.4069
2012-07-27,0.1337,0.5741,0.4404
2012-07-30,0.2703,0.7783,0.508
2012-07-31,0.334,0.9254,0.5914
2012-08-01,0.3318,1.0062,0.6744
2012-08-02,0.3184,1.0724,0.754
2012-08-03,0.3477,1.1886,0.8409
2012-08-06,0.3778,1.3132,0.9354
2012-08-07,0.4162,1.4556,1.0394
2012-08-08,0.4409,1.5906,1.1497
2012-08-09,0.4317,1.6893,1.2576
2012-08-10,0.3874,1.7418,1.3544
2012-08-13,0.3321,1.7695,1.4375
2012-08-14,0.279,1.7862,1.5072
2012-08-15,0.2314,1.7965,1.5651
2012-08-16,0.2231,1.8439,1.6208
2012-08-17,0.2373,1.9174,1.6801
2012-08-20,0.258,2.0027,1.7446
2012-08-21,0.1905,1.9828,1.7923
2012-08-22,0.0913,1.9064,1.8151
2012-08-23,-0.0465,1.7569,1.8035
2012-08-24,-0.136,1.6334,1.7695
2012-08-27,-0.2503,1.4566,1.7069
2012-08-28,-0.302,1.3294,1.6314
2012-08-29,-0.3456,1.1994,1.545
2012-08-30,-0.2808,1.194,1.4748
2012-08-31,-0.2281,1.1897,1.4178
2012-09-04,-0.3128,1.0268,1.3396
2012-09-05,-0.3642,0.8843,1.2485
2012-09-06,-0.2937,0.8814,1.1751
2012-09-07,-0.181,0.9489,1.1298
2012-09-10,-0.1194,0.9805,1.1
2012-09-11,-0.0802,0.9998,1.0799
2012-09-12,-0.0478,1.0202,1.068
2012-09-13,0.1127,1.2089,1.0962
2012-09-14,0.2931,1.4625,1.1694
2012-09-17,0.2882,1.5298,1.2415
2012-09-18,0.2562,1.5618,1.3056
2012-09-19,0.2466,1.6138,1.3672
2012-09-20,0.2164,1.6377,1.4213
2012-09-21,0.1636,1.6258,1.4622
2012-09-24,0.0876,1.5716,1.4841
2012-09-25,-0.0574,1.4124,1.4697
2012-09-26,-0.1484,1.2843,1.4327
2012-09-27,-0.152,1.2427,1.3947
2012-09-28,-0.1731,1.1783,1.3514
2012-10-01,-0.155,1.1576,1.3126
2012-10-02,-0.1023,1.1848,1.2871
2012-10-03,-0.112,1.1471,1.2591
2012-10-04,-0.1453,1.0774,1.2227
2012-10-05,-0.1264,1.0648,1.1912
2012-10-08,-0.1379,1.0188,1.1567
2012-10-09,-0.2224,0.8786,1.1011
2012-10-10,-0.307,0.7173,1.0243
2012-10-11,-0.3118,0.6346,0.9464
2012-10-12,-0.3383,0.5235,0.8618
2012-10-15,-0.3093,0.4752,0.7845
2012-10-16,-0.0945,0.6664,0.7609
2012-10-17,0.1263,0.9187,0.7924
2012-10-18,0.2182,1.0652,0.847
2012-10-19,0.1993,1.0961,0.8968
2012-10-22,0.2415,1.1987,0.9572
2012-10-23,0.0909,1.0708,0.9799
2012-10-24,0.0339,1.0223,0.9884
2012-10-25,-0.0401,0.9382,0.9784
2012-10-26,-0.071,0.8896,0.9606
2012-10-31,-0.1183,0.8127,0.931
2012-11-01,-0.0444,0.8756,0.9199
2012-11-02,-0.131,0.7561,0.8872
2012-11-05,-0.1643,0.6819,0.8461
2012-11-06,-0.158,0.6486,0.8066
2012-11-07,-0.2196,0.5322,0.7517
2012-11-08,-0.3083,0.3663,0.6746
2012-11-09,-0.4223,0.1468,0.5691
2012-11-12,-0.4895,-0.0428,0.4467
2012-11-13,-0.5477,-0.2379,0.3098
2012-11-14,-0.6125,-0.4559,0.1566
2012-11-15,-0.865,-0.9246,-0.0596
2012-11-16,-0.8842,-1.1648,-0.2806
2012-11-19,-0.7752,-1.2496,-0.4744
2012-11-20,-0.6906,-1.3377,-0.6471
2012-11-21,-0.5674,-1.3564,-0.7889
2012-11-23,-0.4131,-1.3053,-0.8922
2012-11-26,-0.3261,-1.2998,-0.9737
2012-11-27,-0.2743,-1.3167,-1.0423
2012-11-28,-0.1848,-1.2733,-1.0885
2012-11-29,-0.0664,-1.1715,-1.1051
2012-11-30,0.0846,-0.9993,-1.084
2012-12-03,0.1305,-0.9209,-1.0513
2012-12-04,0.2181,-0.7787,-0.9968
2012-12-05,0.4041,-0.4917,-0.8958
2012-12-06,0.5108,-0.2573,-0.7681
2012-12-07,0.6798,0.0817,-0.5981
2012-12-10,0.7913,0.391,-0.4003
2012-12-11,0.8029,0.6034,-0.1996
2012-12-12,0.768,0.7605,-0.0076
2012-12-13,0.6396,0.7919,0.1523
2012-12-14,0.5759,0.8722,0.2963
2012-12-17,0.5643,1.0017,0.4374
2012-12-18,0.5331,1.1037,0.5706
2012-12-19,0.4771,1.1671,0.6899
2012-12-20,0.4561,1.26,0.804
2012-12-21,0.3849,1.285,0.9002
2012-12-24,0.3578,1.3474,0.9896
2012-12-26,0.3532,1.4312,1.0779
2012-12-27,0.3157,1.4725,1.1568
2012-12-28,0.2089,1.4179,1.2091
2012-12-31,0.2208,1.485,1.2642
2013-01-02,0.3379,1.6866,1.3487
2013-01-03,0.2836,1.7033,1.4196
2013-01-04,0.271,1.7583,1.4874
2013-01-07,0.2818,1.8397,1.5578
2013-01-08,0.298,1.9303,1.6323
2013-01-09,0.2687,1.9681,1.6995
2013-01-10,0.2852,2.0559,1.7708
2013-01-11,0.2835,2.1252,1.8417
2013-01-14,0.2694,2.1784,1.909
2013-01-15,0.2379,2.2064,1.9685
2013-01-16,0.1355,2.1378,2.0024
2013-01-17,0.1486,2.1881,2.0395
2013-01-18,0.1598,2.2393,2.0795
2013-01-22,0.0681,2.1646,2.0965
2013-01-23,0.0287,2.1324,2.1037
2013-01-24,0.0095,2.1156,2.106
2013-01-25,-0.0075,2.0966,2.1042
2013-01-28,-0.1334,1.9374,2.0708
2013-01-29,-0.0952,1.9518,2.047
2013-01-30,-0.1003,1.9216,2.0219
2013-01-31,-0.0911,1.908,1.9992
2013-02-01,-0.2297,1.7121,1.9417
2013-02-04,-0.34,1.5167,1.8567
2013-02-05,-0.3981,1.3591,1.7572
2013-02-06,-0.4417,1.205,1.6468
2013-02-07,-0.438,1.0993,1.5373
2013-02-08,-0.3827,1.0589,1.4416
2013-02-11,-0.4413,0.89,1.3313
2013-02-12,-0.4689,0.7451,1.2141
2013-02-13,-0.3585,0.7659,1.1244
2013-02-14,-0.3529,0.6834,1.0362
2013-02-15,-0.3894,0.5494,0.9389
2013-02-19,-0.3507,0.5005,0.8512
2013-02-20,-0.3745,0.383,0.7576
2013-02-21,-0.5414,0.0808,0.6222
2013-02-22,-0.5186,-0.026,0.4926
2013-02-25,-0.6309,-0.2961,0.3348
2013-02-26,-0.6803,-0.5155,0.1648
2013-02-27,-0.5902,-0.573,0.0172
2013-02-28,-0.4762,-0.5781,-0.1019
2013-03-01,-0.3106,-0.4901,-0.1795
2013-03-04,-0.141,-0.3557,-0.2147
2013-03-05,-0.0043,-0.2201,-0.2158
2013-03-06,0.1953,0.0283,-0.167
2013-03-07,0.2868,0.1915,-0.0953
2013-03-08,0.4237,0.4344,0.0106
2013-03-11,0.4956,0.6301,0.1345
2013-03-12,0.5358,0.8042,0.2685
2013-03-13,0.4806,0.8692,0.3886
2013-03-14,0.5111,1.0275,0.5164
2013-03-15,0.4503,1.0792,0.629
2013-03-18,0.3662,1.0867,0.7205
2013-03-19,0.3043,1.1009,0.7966
2013-03-20,0.3323,1.2119,0.8797
2013-03-21,0.2599,1.2046,0.9446
2013-03-22,0.1981,1.1922,0.9942
2013-03-25,0.0665,1.0773,1.0108
2013-03-26,-0.0223,0.9829,1.0052
2013-03-27,-0.0911,0.8913,0.9824
2013-03-28,-0.1435,0.8031,0.9466
2013-04-01,-0.2757,0.602,0.8776
2013-04-02,-0.474,0.2851,0.7591
2013-04-03,-0.6563,-0.0613,0.5951
2013-04-04,-0.7333,-0.3216,0.4117
2013-04-05,-0.7341,-0.5059,0.2282
2013-04-08,-0.7097,-0.6589,0.0508
2013-04-09,-0.567,-0.658,-0.091
2013-04-10,-0.412,-0.606,-0.194
2013-04-11,-0.2525,-0.5096,-0.2571
2013-04-12,-0.2595,-0.5814,-0.322
2013-04-15,-0.4994,-0.9462,-0.4468
2013-04-16,-0.5034,-1.076,-0.5727
2013-04-17,-0.5527,-1.2636,-0.7108
2013-04-18,-0.5667,-1.4193,-0.8525
2013-04-19,-0.4072,-1.3616,-0.9543
2013-04-22,-0.2274,-1.2386,-1.0112
2013-04-23,-0.0489,-1.0723,-1.0234
2013-04-24,0.1381,-0.8508,-0.9889
2013-04-25,0.2947,-0.6205,-0.9152
2013-04-26,0.336,-0.4952,-0.8312
2013-04-29,0.4361,-0.2862,-0.7222
2013-04-30,0.434,-0.1797,-0.6137
2013-05-01,0.2139,-0.3463,-0.5602
2013-05-02,0.1566,-0.3644,-0.5211
2013-05-03,0.2481,-0.2109,-0.459
2013-05-06,0.4051,0.0473,-0.3578
2013-05-07,0.5257,0.2994,-0.2263
2013-05-08,0.5478,0.4584,-0.0894
2013-05-09,0.4463,0.4684,0.0222
2013-05-10,0.3641,0.4773,0.1132
2013-05-13,0.3404,0.5387,0.1983
2013-05-14,0.4552,0.7673,0.3121
2013-05-15,0.503,0.9409,0.4379
2013-05-16,0.5939,1.1802,0.5863
2013-05-17,0.6916,1.4508,0.7592
2013-05-20,0.686,1.6167,0.9307
2013-05-21,0.5679,1.6406,1.0727
2013-05-22,0.4045,1.5783,1.1738
2013-05-23,0.3187,1.5722,1.2535
2013-05-24,0.2298,1.5407,1.311
2013-05-28,0.2432,1.615,1.3718
2013-05-29,0.1689,1.5829,1.414
2013-05-30,0.1332,1.5805,1.4473
2013-05-31,0.0817,1.5494,1.4677
2013-06-03,0.0738,1.56,1.4862
2013-06-04,0.0751,1.5801,1.5049
2013-06-05,-0.0694,1.4182,1.4876
2013-06-06,-0.1239,1.3327,1.4566
2013-06-07,-0.2625,1.1285,1.391
2013-06-10,-0.34,0.966,1.306
2013-06-11,-0.4344,0.763,1.1974
2013-06-12,-0.4861,0.5897,1.0759
2013-06-13,-0.3453,0.6443,0.9896
2013-06-14,-0.1949,0.7459,0.9408
2013-06-17,-0.0531,0.8745,0.9276
2013-06-18,0.0729,1.0186,0.9458
2013-06-19,0.1266,1.1041,0.9774
2013-06-20,0.042,1.03,0.9879
2013-06-21,-0.0382,0.9402,0.9784
2013-06-24,-0.2051,0.722,0.9271
2013-06-25,-0.2162,0.6569,0.8731
2013-06-26,-0.1866,0.6398,0.8264
2013-06-27,-0.1326,0.6607,0.7933
2013-06-28,-0.1782,0.5706,0.7487
2013-07-01,-0.2029,0.4951,0.698
2013-07-02,-0.2697,0.3609,0.6306
2013-07-03,-0.2336,0.3385,0.5722
2013-07-05,-0.1287,0.4113,0.54
2013-07-08,-0.0215,0.5132,0.5346
2013-07-09,0.0847,0.6405,0.5558
2013-07-10,0.1954,0.8,0.6046
2013-07-11,0.2222,0.8823,0.6602
2013-07-12,0.2602,0.9855,0.7252
2013-07-15,0.3206,1.126,0.8054
2013-07-16,0.2303,1.0933,0.863
2013-07-17,0.0695,0.9499,0.8804
2013-07-18,-0.0685,0.7948,0.8632
2013-07-19,-0.1037,0.7336,0.8373
2013-07-22,-0.1248,0.6813,0.8061
2013-07-23,-0.1746,0.5879,0.7625
2013-07-24,-0.2342,0.4697,0.7039
2013-07-25,-0.2255,0.4221,0.6476
2013-07-26,-0.2556,0.328,0.5837
2013-07-29,-0.246,0.2762,0.5222
2013-07-30,-0.1552,0.3281,0.4833
2013-07-31,-0.108,0.3483,0.4563
2013-08-01,-0.1229,0.3027,0.4256
2013-08-02,-0.0684,0.3401,0.4085
2013-08-05,-0.0012,0.4071,0.4082
2013-08-06,-0.0195,0.3839,0.4034
2013-08-07,-0.0713,0.3143,0.3855
2013-08-08,-0.0652,0.304,0.3692
2013-08-09,-0.0544,0.3013,0.3556
2013-08-12,-0.0735,0.2638,0.3373
2013-08-13,0.0289,0.3734,0.3445
2013-08-14,0.0565,0.4151,0.3586
2013-08-15,-0.0115,0.3442,0.3557
2013-08-16,-0.023,0.327,0.35
2013-08-19,-0.0545,0.2818,0.3364
2013-08-20,-0.0923,0.2209,0.3133
2013-08-21,-0.1453,0.1316,0.2769
2013-08-22,-0.0618,0.1997,0.2615
2013-08-23,0.031,0.3003,0.2692
2013-08-26,0.0851,0.3756,0.2905
2013-08-27,0.027,0.3243,0.2973
2013-08-28,0.0305,0.3354,0.3049
2013-08-29,0.0806,0.4057,0.3251
2013-08-30,0.0953,0.4442,0.3489
2013-09-03,0.1168,0.4948,0.3781
2013-09-04,0.0562,0.4483,0.3921
2013-09-05,0.0678,0.4769,0.4091
2013-09-06,0.0666,0.4923,0.4257
2013-09-09,0.0852,0.5322,0.447
2013-09-10,0.0986,0.5703,0.4717
2013-09-11,0.0866,0.58,0.4933
2013-09-12,0.0357,0.5379,0.5022
2013-09-13,0.0489,0.5634,0.5145
2013-09-16,0.0749,0.6081,0.5332
2013-09-17,0.1647,0.7391,0.5744
2013-09-18,0.2512,0.8883,0.6372
2013-09-19,0.3132,1.0286,0.7155
2013-09-20,0.2806,1.0662,0.7856
2013-09-23,0.2128,1.0516,0.8388
2013-09-24,0.1381,1.0114,0.8733
2013-09-25,0.108,1.0083,0.9003
2013-09-26,0.1448,1.0813,0.9365
2013-09-27,0.1122,1.0767,0.9646
2013-09-30,0.0668,1.0481,0.9813
2013-10-01,0.0821,1.0839,1.0018
2013-10-02,0.0738,1.0941,1.0203
2013-10-03,0.0516,1.0848,1.0332
2013-10-04,0.1155,1.1776,1.062
2013-10-07,0.0882,1.1723,1.0841
2013-10-08,-0.0335,1.0423,1.0757
2013-10-09,-0.1458,0.8934,1.0393
2013-10-10,-0.0675,0.9549,1.0224
2013-10-11,0.032,1.0624,1.0304
2013-10-14,0.0667,1.1138,1.0471
2013-10-15,0.0422,1.0998,1.0576
2013-10-16,0.0986,1.1809,1.0823
2013-10-17,0.1872,1.3163,1.1291
2013-10-18,0.2443,1.4345,1.1902
2013-10-21,0.2852,1.5466,1.2615
2013-10-22,0.3099,1.6488,1.3389
2013-10-23,0.2912,1.7029,1.4117
2013-10-24,0.2117,1.6764,1.4646
2013-10-25,0.0769,1.5607,1.4839
2013-10-28,-0.1267,1.3255,1.4522
2013-10-29,-0.2577,1.1301,1.3878
2013-10-30,-0.3555,0.9433,1.2989
2013-10-31,-0.4547,0.7305,1.1852
2013-11-01,-0.5466,0.5019,1.0485
2013-11-04,-0.5494,0.3618,0.9112
2013-11-05,-0.5428,0.2327,0.7755
2013-11-06,-0.4617,0.1984,0.6601
2013-11-07,-0.4157,0.1405,0.5561
2013-11-08,-0.3331,0.1398,0.4729
2013-11-11,-0.2535,0.156,0.4095
2013-11-12,-0.2126,0.1438,0.3563
2013-11-13,-0.1031,0.2275,0.3306
2013-11-14,0.079,0.4293,0.3503
2013-11-15,0.2055,0.6072,0.4017
2013-11-18,0.264,0.7317,0.4677
2013-11-19,0.2303,0.7556,0.5253
2013-11-20,0.1833,0.7544,0.5711
2013-11-21,0.155,0.7649,0.6099
2013-11-22,0.2212,0.8864,0.6652
2013-11-25,0.0702,0.753,0.6827
2013-11-26,-0.0477,0.6231,0.6708
2013-11-27,-0.0538,0.6035,0.6573
2013-11-29,-0.0787,0.559,0.6377
2013-12-02,-0.0532,0.5712,0.6244
2013-12-03,-0.0867,0.516,0.6027
2013-12-04,-0.1444,0.4223,0.5666
2013-12-05,-0.2681,0.2315,0.4996
2013-12-06,-0.2468,0.1911,0.4379
2013-12-09,-0.2086,0.1772,0.3857
2013-12-10,-0.1727,0.1698,0.3426
2013-12-11,-0.2286,0.0569,0.2854
2013-12-12,-0.1936,0.0435,0.237
2013-12-13,-0.1834,0.0078,0.1912
2013-12-16,-0.1175,0.0443,0.1618
2013-12-17,-0.0313,0.1227,0.154
2013-12-18,0.0747,0.2473,0.1727
2013-12-19,0.105,0.3039,0.1989
2013-12-20,0.1575,0.3958,0.2383
2013-12-23,0.1468,0.4218,0.275
2013-12-24,0.1994,0.5243,0.3248
2013-12-26,0.2292,0.6114,0.3821
2013-12-27,0.2388,0.6806,0.4418
2013-12-30,0.2295,0.7287,0.4992
2013-12-31,0.2601,0.8243,0.5642
2014-01-02,0.1647,0.7702,0.6054
2014-01-03,0.0864,0.7134,0.627
2014-01-06,-0.0202,0.6017,0.622
2014-01-07,-0.0298,0.5848,0.6145
2014-01-08,0.0106,0.6278,0.6172
2014-01-09,0.0777,0.7143,0.6366
2014-01-10,0.1015,0.7634,0.662
2014-01-13,0.0712,0.751,0.6798
2014-01-14,0.1693,0.8915,0.7221
2014-01-15,0.2754,1.0663,0.791
2014-01-16,0.2863,1.1489,0.8625
2014-01-17,0.218,1.1351,0.917
2014-01-21,0.1267,1.0754,0.9487
2014-01-22,0.0076,0.9582,0.9506
2014-01-23,-0.2331,0.6592,0.8923
2014-01-24,-0.4974,0.2706,0.768
2014-01-27,-0.6554,-0.0512,0.6041
2014-01-28,-0.665,-0.227,0.4379
2014-01-29,-0.642,-0.3646,0.2774
2014-01-30,-0.5071,-0.3565,0.1506
2014-01-31,-0.3527,-0.2903,0.0624
2014-02-03,-0.3369,-0.3587,-0.0218
2014-02-04,-0.2562,-0.3421,-0.0859
2014-02-05,-0.2189,-0.3594,-0.1406
2014-02-06,-0.0863,-0.2485,-0.1621
2014-02-07,0.1119,-0.0223,-0.1342
2014-02-10,0.2398,0.1656,-0.0742
2014-02-11,0.354,0.3683,0.0143
2014-02-12,0.4669,0.5979,0.131
2014-02-13,0.5598,0.8308,0.2709
2014-02-14,0.6565,1.0915,0.4351
2014-02-18,0.7335,1.352,0.6185
2014-02-19,0.6708,1.4569,0.7861
2014-02-20,0.6861,1.6437,0.9577
2014-02-21,0.6414,1.7594,1.118
2014-02-24,0.59,1.8555,1.2655
2014-02-25,0.5364,1.936,1.3996
2014-02-26,0.5334,2.0663,1.533
2014-02-27,0.5183,2.1808,1.6625
2014-02-28,0.4799,2.2624,1.7825
2014-03-03,0.4393,2.3316,1.8923
2014-03-04,0.4508,2.4558,2.005
2014-03-05,0.4429,2.5587,2.1158
2014-03-06,0.4567,2.6867,2.2299
2014-03-07,0.4109,2.7435,2.3327
2014-03-10,0.3477,2.7672,2.4196
2014-03-11,0.2301,2.7072,2.4771
2014-03-12,0.1039,2.6069,2.5031
2014-03-13,-0.0756,2.4086,2.4842
2014-03-14,-0.2138,2.2169,2.4307
2014-03-17,-0.2042,2.1755,2.3797
2014-03-18,-0.2027,2.1263,2.329
2014-03-19,-0.2763,1.9837,2.2599
2014-03-20,-0.2927,1.894,2.1867
2014-03-21,-0.3217,1.7847,2.1063
2014-03-24,-0.3722,1.6411,2.0133
2014-03-25,-0.3388,1.5898,1.9286
2014-03-26,-0.3618,1.4763,1.8381
2014-03-27,-0.5348,1.1696,1.7044
2014-03-28,-0.5656,0.9974,1.563
2014-03-31,-0.5338,0.8957,1.4296
2014-04-01,-0.5098,0.7923,1.3021
2014-04-02,-0.3842,0.8219,1.2061
2014-04-03,-0.2841,0.8509,1.135
2014-04-04,-0.3082,0.7498,1.058
2014-04-07,-0.4386,0.5098,0.9484
2014-04-08,-0.5111,0.3095,0.8206
2014-04-09,-0.4415,0.2687,0.7102
2014-04-10,-0.4553,0.1411,0.5964
2014-04-11,-0.4627,0.018,0.4807
2014-04-14,-0.3811,0.0044,0.3854
2014-04-15,-0.2241,0.1053,0.3294
2014-04-16,0.0049,0.3355,0.3306
2014-04-17,0.1866,0.5639,0.3773
2014-04-21,0.2956,0.7468,0.4512
2014-04-22,0.4101,0.9638,0.5537
2014-04-23,0.3933,1.0454,0.652
2014-04-24,0.304,1.032,0.728
2014-04-25,0.1979,0.9754,0.7775
2014-04-28,0.0942,0.8953,0.8011
2014-04-29,0.0317,0.8406,0.809
2014-04-30,0.081,0.9103,0.8292
2014-05-01,0.0951,0.9481,0.853
2014-05-02,0.0899,0.9653,0.8755
2014-05-05,0.1543,1.0683,0.914
2014-05-06,0.2031,1.168,0.9648
2014-05-07,0.3241,1.3699,1.0459
2014-05-08,0.2891,1.4073,1.1181
2014-05-09,0.3057,1.5002,1.1946
2014-05-12,0.3421,1.6222,1.2801
2014-05-13,0.3168,1.6761,1.3593
2014-05-14,0.309,1.7456,1.4366
2014-05-15,0.1899,1.674,1.484
2014-05-16,0.1492,1.6706,1.5213
2014-05-19,0.1442,1.7015,1.5574
2014-05-20,0.132,1.7224,1.5904
2014-05-21,0.177,1.8116,1.6346
2014-05-22,0.1516,1.8242,1.6725
2014-05-23,0.1815,1.8994,1.7179
2014-05-27,0.1552,1.9119,1.7567
2014-05-28,0.1478,1.9414,1.7936
2014-05-29,0.2058,2.0509,1.8451
2014-05-30,0.1648,2.0511,1.8863
2014-06-02,0.1535,2.0782,1.9247
2014-06-03,0.101,2.0509,1.9499
2014-06-04,0.0604,2.0254,1.965
2014-06-05,-0.0558,1.8953,1.9511
2014-06-06,-0.146,1.7686,1.9146
2014-06-09,-0.2174,1.6428,1.8602
2014-06-10,-0.202,1.6077,1.8097
2014-06-11,-0.2461,1.5021,1.7482
2014-06-12,-0.273,1.4069,1.6799
2014-06-13,-0.31,1.2925,1.6024
2014-06-16,-0.3373,1.1808,1.5181
2014-06-17,-0.3563,1.0728,1.4291
2014-06-18,-0.3504,0.991,1.3415
2014-06-19,-0.3515,0.9021,1.2536
2014-06-20,-0.259,0.9299,1.1888
2014-06-23,-0.1619,0.9865,1.1484
2014-06-24,-0.1426,0.9702,1.1127
2014-06-25,-0.2301,0.8251,1.0552
2014-06-26,-0.2877,0.6956,0.9833
2014-06-27,-0.4217,0.4562,0.8779
2014-06-30,-0.4418,0.3257,0.7674
2014-07-01,-0.3827,0.2891,0.6718
2014-07-02,-0.317,0.2755,0.5925
2014-07-03,-0.206,0.3351,0.541
2014-07-07,-0.2153,0.2718,0.4872
2014-07-08,-0.2565,0.1665,0.423
2014-07-09,-0.2,0.1731,0.3731
2014-07-10,-0.1785,0.1499,0.3284
2014-07-11,-0.1159,0.1835,0.2995
2014-07-14,-0.0842,0.1942,0.2784
2014-07-15,-0.0956,0.1589,0.2545
2014-07-16,-0.0376,0.2075,0.2451
2014-07-17,0.0037,0.2497,0.246
2014-07-18,0.1228,0.3995,0.2767
2014-07-21,0.2006,0.5275,0.3269
2014-07-22,0.2953,0.696,0.4007
2014-07-23,0.3578,0.848,0.4902
2014-07-24,0.3687,0.951,0.5823
2014-07-25,0.6744,1.4253,0.7509
2014-07-28,0.9617,1.953,0.9913
2014-07-29,0.9955,2.2357,1.2402
2014-07-30,0.9462,2.4229,1.4767
2014-07-31,0.729,2.388,1.659
2014-08-01,0.5587,2.3574,1.7987
2014-08-04,0.5397,2.4733,1.9336
2014-08-05,0.4001,2.4338,2.0336
2014-08-06,0.3772,2.5051,2.1279
2014-08-07,0.256,2.4479,2.1919
2014-08-08,0.1747,2.4103,2.2356
2014-08-11,0.0884,2.3461,2.2577
2014-08-12,0.0481,2.3178,2.2697
2014-08-13,0.0609,2.3458,2.2849
2014-08-14,0.041,2.3362,2.2952
2014-08-15,0.0572,2.3667,2.3095
2014-08-18,0.079,2.4083,2.3292
2014-08-19,0.1337,2.4964,2.3627
2014-08-20,0.1375,2.5345,2.397
2014-08-21,0.1191,2.5459,2.4268
2014-08-22,0.069,2.5131,2.4441
2014-08-25,0.0634,2.5233,2.4599
2014-08-26,0.0118,2.4747,2.4629
2014-08-27,0.0202,2.4881,2.4679
2014-08-28,-0.0057,2.4607,2.4665
2014-08-29,0.0113,2.4806,2.4693
2014-09-02,-0.0113,2.4552,2.4665
2014-09-03,-0.0448,2.4105,2.4553
2014-09-04,-0.1107,2.3169,2.4276
2014-09-05,-0.1205,2.2769,2.3975
2014-09-08,-0.1799,2.1726,2.3525
2014-09-09,-0.291,1.9888,2.2798
2014-09-10,-0.3393,1.8556,2.1949
2014-09-11,-0.3859,1.7125,2.0985
2014-09-12,-0.5129,1.4573,1.9702
2014-09-15,-0.5721,1.2551,1.8272
2014-09-16,-0.615,1.0584,1.6734
2014-09-17,-0.6237,0.8938,1.5175
2014-09-18,-0.4717,0.9278,1.3996
2014-09-19,-0.3486,0.9638,1.3124
2014-09-22,-0.3538,0.8702,1.224
2014-09-23,-0.4965,0.6034,1.0999
2014-09-24,-0.4652,0.5184,0.9836
2014-09-25,-0.5508,0.295,0.8459
2014-09-26,-0.3797,0.3712,0.7509
2014-09-29,-0.2563,0.4306,0.6869
2014-09-30,-0.4678,0.1021,0.5699
2014-10-01,-0.8146,-0.4484,0.3662
2014-10-02,-1.1203,-1.0341,0.0862
2014-10-03,-1.3356,-1.5834,-0.2477
2014-10-06,-1.3875,-1.9821,-0.5946
2014-10-07,-1.5052,-2.4761,-0.9709
2014-10-08,-1.2838,-2.5756,-1.2919
2014-10-09,-1.2829,-2.8955,-1.6126
2014-10-10,-1.4647,-3.4434,-1.9788
2014-10-13,-2.023,-4.5075,-2.4845
2014-10-14,-2.3208,-5.3855,-3.0647
2014-10-15,-2.3234,-5.969,-3.6456
2014-10-16,-1.9531,-6.0869,-4.1338
2014-10-17,-1.5617,-6.086,-4.5243
2014-10-20,-1.0408,-5.8252,-4.7844
2014-10-21,-0.4138,-5.3017,-4.8879
2014-10-22,-0.0637,-4.9675,-4.9038
2014-10-23,0.2581,-4.5812,-4.8393
2014-10-24,0.3665,-4.3812,-4.7477
2014-10-27,0.1267,-4.5893,-4.716
2014-10-28,0.1429,-4.5373,-4.6803
2014-10-29,-0.0657,-4.7624,-4.6967
2014-10-30,0.0629,-4.618,-4.681
2014-10-31,0.3769,-4.2098,-4.5867
2014-11-03,0.442,-4.0342,-4.4762
2014-11-04,0.1718,-4.2615,-4.4333
2014-11-05,0.1091,-4.2969,-4.406
2014-11-06,0.1713,-4.1919,-4.3632
2014-11-07,0.3151,-3.9693,-4.2844
2014-11-10,0.4641,-3.7042,-4.1684
2014-11-11,0.6038,-3.4136,-4.0174
2014-11-12,0.6995,-3.1431,-3.8426
2014-11-13,0.7163,-2.9471,-3.6635
2014-11-14,0.7476,-2.7289,-3.4766
2014-11-17,0.7196,-2.5771,-3.2967
2014-11-18,0.7798,-2.3219,-3.1017
2014-11-19,0.8248,-2.0708,-2.8955
2014-11-20,0.9044,-1.7651,-2.6694
2014-11-21,0.981,-1.4432,-2.4242
2014-11-24,0.9588,-1.2257,-2.1845
2014-11-25,0.9203,-1.0341,-1.9544
2014-11-26,0.795,-0.9607,-1.7557
2014-11-28,0.0091,-1.7443,-1.7534
2014-12-01,-0.5987,-2.5018,-1.9031
2014-12-02,-0.917,-3.0493,-2.1323
2014-12-03,-0.9411,-3.3086,-2.3676
2014-12-04,-0.7308,-3.2811,-2.5503
2014-12-05,-0.5611,-3.2516,-2.6905
2014-12-08,-0.5967,-3.4364,-2.8397
2014-12-09,-0.4986,-3.463,-2.9644
2014-12-10,-0.6438,-3.7691,-3.1253
2014-12-11,-0.6291,-3.9117,-3.2826
2014-12-12,-0.8563,-4.3529,-3.4966
2014-12-15,-0.9181,-4.6443,-3.7262
2014-12-16,-0.8186,-4.7494,-3.9308
2014-12-17,-0.419,-4.4546,-4.0356
2014-12-18,0.1238,-3.8808,-4.0046
2014-12-19,0.6689,-3.1685,-3.8374
2014-12-22,0.9536,-2.6453,-3.599
2014-12-23,1.1845,-2.1183,-3.3029
2014-12-24,1.2404,-1.7523,-2.9928
2014-12-26,1.2167,-1.4719,-2.6886
2014-12-29,1.1466,-1.2554,-2.4019
2014-12-30,1.0561,-1.0818,-2.1379
2014-12-31,0.8863,-1.03,-1.9163
2015-01-02,0.7943,-0.9234,-1.7177
2015-01-05,0.4535,-1.1509,-1.6044
2015-01-06,0.128,-1.4444,-1.5724
2015-01-07,-0.0187,-1.5957,-1.577
2015-01-08,0.0969,-1.4559,-1.5528
2015-01-09,0.2269,-1.2692,-1.4961
2015-01-12,0.1295,-1.3342,-1.4637
2015-01-13,0.0208,-1.4377,-1.4585
2015-01-14,-0.0951,-1.5774,-1.4823
2015-01-15,-0.0912,-1.5963,-1.5051
2015-01-16,0.2214,-1.2284,-1.4498
2015-01-20,0.2977,-1.0777,-1.3753
2015-01-21,0.562,-0.6729,-1.2348
2015-01-22,0.7113,-0.3457,-1.057
2015-01-23,0.7384,-0.1341,-0.8724
2015-01-26,0.6269,-0.0888,-0.7157
2015-01-27,0.4924,-0.1002,-0.5926
2015-01-28,0.2467,-0.2842,-0.5309
2015-01-29,0.1682,-0.3207,-0.4889
2015-01-30,0.1988,-0.2403,-0.4392
2015-02-02,0.3974,0.0575,-0.3398
2015-02-03,0.8168,0.6811,-0.1356
2015-02-04,0.9391,1.0383,0.0991
2015-02-05,1.1125,1.4897,0.3773
2015-02-06,1.1064,1.7603,0.6539
2015-02-09,1.1356,2.0734,0.9378
2015-02-10,1.0776,2.2847,1.2072
2015-02-11,0.908,2.3421,1.4342
2015-02-12,0.9082,2.5694,1.6612
2015-02-13,0.8577,2.7333,1.8756
2015-02-17,0.7608,2.8266,2.0658
2015-02-18,0.6126,2.8316,2.219
2015-02-19,0.5791,2.9429,2.3638
2015-02-20,0.457,2.935,2.478
2015-02-23,0.4029,2.9816,2.5787
2015-02-24,0.3097,2.9658,2.6562
2015-02-25,0.1004,2.7816,2.6812
2015-02-26,-0.2418,2.379,2.6208
2015-02-27,-0.521,1.9695,2.4905
2015-03-02,-0.6793,1.6414,2.3207
2015-03-03,-0.7392,1.3967,2.1359
2015-03-04,-0.7096,1.2489,1.9585
2015-03-05,-0.6245,1.1779,1.8024
2015-03-06,-0.5918,1.0626,1.6544
2015-03-09,-0.5427,0.9761,1.5188
2015-03-10,-0.7027,0.6403,1.3431
2015-03-11,-0.7319,0.4282,1.1601
2015-03-12,-0.6643,0.3297,0.994
2015-03-13,-0.743,0.0653,0.8083
2015-03-16,-0.6618,-0.0189,0.6429
2015-03-17,-0.7486,-0.2929,0.4557
2015-03-18,-0.5031,-0.1732,0.3299
2015-03-19,-0.4401,-0.2202,0.2199
2015-03-20,-0.347,-0.2138,0.1332
2015-03-23,-0.2174,-0.1386,0.0788
2015-03-24,-0.1472,-0.1052,0.042
2015-03-25,-0.1367,-0.1289,0.0078
2015-03-26,0.0339,0.0502,0.0163
2015-03-27,0.056,0.0863,0.0303
2015-03-30,0.1439,0.2101,0.0663
2015-03-31,0.1927,0.3071,0.1145
2015-04-01,0.2651,0.4458,0.1807
2015-04-02,0.2535,0.4976,0.2441
2015-04-06,0.4202,0.7694,0.3492
2015-04-07,0.5557,1.0437,0.4881
2015-04-08,0.5706,1.2013,0.6307
2015-04-09,0.5111,1.2697,0.7585
2015-04-10,0.4829,1.3621,0.8792
2015-04-13,0.4121,1.3944,0.9823
2015-04-14,0.4776,1.5792,1.1017
2015-04-15,0.689,1.9629,1.2739
2015-04-16,0.7349,2.1925,1.4576
2015-04-17,0.6952,2.3266,1.6314
2015-04-20,0.6637,2.4611,1.7973
2015-04-21,0.6055,2.5543,1.9487
2015-04-22,0.5553,2.6429,2.0876
2015-04-23,0.5051,2.7189,2.2138
2015-04-24,0.6349,3.0075,2.3726
2015-04-27,0.8337,3.4147,2.581
2015-04-28,0.93,3.7435,2.8135
2015-04-29,0.9358,3.9832,3.0474
2015-04-30,0.8032,4.0514,3.2482
2015-05-01,0.7109,4.1369,3.426
2015-05-04,0.5443,4.1064,3.5621
2015-05-05,0.3215,3.9639,3.6424
2015-05-06,0.1503,3.8303,3.68
2015-05-07,-0.0923,3.5647,3.6569
2015-05-08,-0.1426,3.4787,3.6213
2015-05-11,-0.2259,3.3389,3.5648
2015-05-12,-0.3108,3.1763,3.4871
2015-05-13,-0.3049,3.1059,3.4109
2015-05-14,-0.3285,3.0003,3.3288
2015-05-15,-0.3225,2.9256,3.2481
2015-05-18,-0.3532,2.8066,3.1598
2015-05-19,-0.585,2.4286,3.0136
2015-05-20,-0.6901,2.1509,2.841
2015-05-21,-0.643,2.0373,2.6803
2015-05-22,-0.6373,1.8837,2.521
2015-05-26,-0.7689,1.5599,2.3288
2015-05-27,-0.7863,1.3459,2.1322
2015-05-28,-0.7678,1.1725,1.9402
2015-05-29,-0.7566,0.9945,1.7511
2015-06-01,-0.7048,0.8701,1.5749
2015-06-02,-0.593,0.8337,1.4266
2015-06-03,-0.4754,0.8323,1.3078
2015-06-04,-0.5994,0.5586,1.1579
2015-06-05,-0.6434,0.3537,0.9971
2015-06-08,-0.6592,0.1731,0.8323
2015-06-09,-0.4921,0.2172,0.7093
2015-06-10,-0.2257,0.4271,0.6528
2015-06-11,-0.0363,0.6075,0.6438
2015-06-12,0.0759,0.7387,0.6627
2015-06-15,0.1101,0.8003,0.6903
2015-06-16,0.1704,0.9033,0.7329
2015-06-17,0.127,0.8916,0.7646
2015-06-18,0.1614,0.9663,0.8049
2015-06-19,0.111,0.9437,0.8327
2015-06-22,0.1311,0.9965,0.8655
2015-06-23,0.0964,0.9859,0.8896
2015-06-24,0.0844,0.9951,0.9107
2015-06-25,0.1485,1.0962,0.9478
2015-06-26,0.0764,1.0433,0.9669
2015-06-29,-0.1736,0.7499,0.9235
2015-06-30,-0.2084,0.663,0.8714
2015-07-01,-0.3842,0.3911,0.7753
2015-07-02,-0.4437,0.2207,0.6644
2015-07-06,-0.6488,-0.1467,0.5022
2015-07-07,-0.8201,-0.5229,0.2972
2015-07-08,-1.0499,-1.0152,0.0347
2015-07-09,-0.9963,-1.2106,-0.2144
2015-07-10,-0.8402,-1.2646,-0.4244
2015-07-13,-0.6261,-1.2071,-0.581
2015-07-14,-0.3473,-1.0151,-0.6678
2015-07-15,-0.2006,-0.9185,-0.7179
2015-07-16,-0.0628,-0.7964,-0.7336
2015-07-17,-0.1739,-0.951,-0.7771
2015-07-20,-0.3084,-1.1626,-0.8542
2015-07-21,-0.3796,-1.3286,-0.9491
2015-07-22,-0.418,-1.4715,-1.0536
2015-07-23,-0.5324,-1.7191,-1.1867
2015-07-24,-0.7843,-2.1671,-1.3827
2015-07-27,-0.9217,-2.5348,-1.6132
2015-07-28,-0.7782,-2.5859,-1.8077
2015-07-29,-0.548,-2.4927,-1.9447
2015-07-30,-0.3324,-2.3602,-2.0278
2015-07-31,-0.1817,-2.255,-2.0732
2015-08-03,-0.2988,-2.4468,-2.1479
2015-08-04,-0.2419,-2.4503,-2.2084
2015-08-05,-0.1683,-2.4188,-2.2505
2015-08-06,-0.186,-2.483,-2.297
2015-08-07,-0.37,-2.7595,-2.3895
2015-08-10,-0.1614,-2.5913,-2.4298
2015-08-11,-0.1315,-2.5943,-2.4627
2015-08-12,-0.0822,-2.5654,-2.4833
2015-08-13,-0.0307,-2.5216,-2.4909
2015-08-14,-0.1126,-2.6316,-2.5191
2015-08-17,-0.1216,-2.6711,-2.5495
2015-08-18,-0.1704,-2.7625,-2.5921
2015-08-19,-0.2482,-2.9024,-2.6542
2015-08-20,-0.3249,-3.0603,-2.7354
2015-08-21,-0.5645,-3.441,-2.8765
2015-08-24,-0.8504,-3.9395,-3.0891
2015-08-25,-0.9268,-4.2476,-3.3208
2015-08-26,-0.6929,-4.1869,-3.494
2015-08-27,-0.1999,-3.7438,-3.544
2015-08-28,0.1628,-3.3405,-3.5033
2015-08-31,0.4103,-2.9904,-3.4007
2015-09-01,0.3305,-2.9876,-3.3181
2015-09-02,0.3707,-2.8548,-3.2254
2015-09-03,0.4013,-2.7238,-3.1251
2015-09-04,0.2723,-2.7847,-3.057
2015-09-08,0.3913,-2.5678,-2.9592
2015-09-09,0.4692,-2.3726,-2.8419
2015-09-10,0.5826,-2.1137,-2.6962
2015-09-11,0.6259,-1.9138,-2.5398
2015-09-14,0.5554,-1.8455,-2.4009
2015-09-15,0.5926,-1.6601,-2.2527
2015-09-16,0.8301,-1.2151,-2.0452
2015-09-17,0.8839,-0.9404,-1.8243
2015-09-18,0.8553,-0.7551,-1.6104
2015-09-21,0.8756,-0.516,-1.3915
2015-09-22,0.7383,-0.4687,-1.207
2015-09-23,0.5141,-0.5644,-1.0784
2015-09-24,0.3979,-0.581,-0.979
2015-09-25,0.3553,-0.5348,-0.8901
2015-09-28,0.0686,-0.8044,-0.873
2015-09-29,-0.0838,-0.9777,-0.8939
2015-09-30,-0.0136,-0.9109,-0.8973
2015-10-01,0.2065,-0.6392,-0.8457
2015-10-02,0.4977,-0.2236,-0.7213
2015-10-05,0.796,0.2737,-0.5223
2015-10-06,1.1425,0.9058,-0.2367
2015-10-07,1.4271,1.5472,0.1201
2015-10-08,1.6514,2.1844,0.533
2015-10-09,1.5698,2.4952,0.9254
2015-10-12,1.2511,2.4893,1.2382
2015-10-13,0.949,2.4244,1.4754
2015-10-14,0.8157,2.4951,1.6794
2015-10-15,0.6263,2.4622,1.8359
2015-10-16,0.5065,2.469,1.9626
2015-10-19,0.3359,2.3824,2.0465
2015-10-20,0.1914,2.2858,2.0944
2015-10-21,-0.0616,2.0174,2.079
2015-10-22,-0.0279,2.0441,2.072
2015-10-23,-0.0465,2.0138,2.0604
2015-10-26,-0.1862,1.8276,2.0138
2015-10-27,-0.4088,1.5028,1.9116
2015-10-28,-0.4345,1.3685,1.803
2015-10-29,-0.4538,1.2357,1.6895
2015-10-30,-0.3995,1.1902,1.5897
2015-11-02,-0.3137,1.1976,1.5113
2015-11-03,-0.1494,1.3246,1.4739
2015-11-04,-0.045,1.4177,1.4627
2015-11-05,-0.018,1.4402,1.4582
2015-11-06,0.0626,1.5364,1.4738
2015-11-09,-0.0115,1.4594,1.4709
2015-11-10,-0.1359,1.3011,1.437
2015-11-11,-0.2798,1.0873,1.367
2015-11-12,-0.526,0.7095,1.2355
2015-11-13,-0.5537,0.5434,1.0971
2015-11-16,-0.3835,0.6177,1.0012
2015-11-17,-0.2933,0.6346,0.9279
2015-11-18,-0.1609,0.7268,0.8877
2015-11-19,-0.2021,0.6351,0.8372
2015-11-20,-0.214,0.5696,0.7837
2015-11-23,-0.1453,0.602,0.7473
2015-11-24,0.0198,0.772,0.7523
2015-11-25,0.0918,0.867,0.7752
2015-11-27,0.0746,0.8684,0.7939
2015-11-30,0.0948,0.9123,0.8175
2015-12-01,0.1754,1.0368,0.8614
2015-12-02,0.0813,0.963,0.8817
2015-12-03,0.0157,0.9014,0.8857
2015-12-04,0.0398,0.9354,0.8956
2015-12-07,-0.3281,0.4855,0.8136
2015-12-08,-0.748,-0.1214,0.6266
2015-12-09,-0.8845,-0.4791,0.4055
2015-12-10,-1.0123,-0.8599,0.1524
2015-12-11,-1.1632,-1.3017,-0.1384
2015-12-14,-1.1867,-1.6218,-0.4351
2015-12-15,-0.9865,-1.6682,-0.6817
2015-12-16,-0.7469,-1.6154,-0.8684
2015-12-17,-0.6288,-1.6545,-1.0257
2015-12-18,-0.5227,-1.679,-1.1563
2015-12-21,-0.4534,-1.723,-1.2697
2015-12-22,-0.3675,-1.7291,-1.3615
2015-12-23,-0.1123,-1.5019,-1.3896
2015-12-24,-0.0346,-1.4329,-1.3983
2015-12-28,-0.0511,-1.4621,-1.411
2015-12-29,0.0651,-1.3296,-1.3948
2015-12-30,0.0899,-1.2824,-1.3723
2015-12-31,0.0583,-1.2995,-1.3577
2016-01-04,0.0657,-1.2757,-1.3413
2016-01-05,0.1084,-1.2058,-1.3142
2016-01-06,-0.122,-1.4667,-1.3447
2016-01-07,-0.4661,-1.9273,-1.4612
2016-01-08,-0.6759,-2.3061,-1.6302
2016-01-11,-0.9651,-2.8366,-1.8715
2016-01-12,-0.9626,-3.0747,-2.1121
2016-01-13,-1.0962,-3.4823,-2.3862
2016-01-14,-1.0094,-3.6479,-2.6385
2016-01-15,-0.9668,-3.847,-2.8802
2016-01-19,-0.9269,-4.0389,-3.1119
2016-01-20,-0.9296,-4.274,-3.3444
2016-01-21,-0.7085,-4.23,-3.5215
2016-01-22,-0.2518,-3.8363,-3.5844
2016-01-25,-0.0888,-3.6954,-3.6066
2016-01-26,0.1645,-3.401,-3.5655
2016-01-27,0.2891,-3.2041,-3.4932
2016-01-28,0.4273,-2.9591,-3.3864
2016-01-29,0.5594,-2.6872,-3.2466
2016-02-01,0.5965,-2.501,-3.0975
2016-02-02,0.4859,-2.4901,-2.976
2016-02-03,0.4361,-2.4308,-2.867
2016-02-04,0.6749,-2.0233,-2.6982
2016-02-05,0.8196,-1.6737,-2.4933
2016-02-08,0.6328,-1.7023,-2.3351
2016-02-09,0.5039,-1.7052,-2.2091
2016-02-10,0.3721,-1.744,-2.1161
2016-02-11,0.1879,-1.8813,-2.0691
2016-02-12,0.2748,-1.7257,-2.0004
2016-02-16,0.4269,-1.4669,-1.8937
2016-02-17,0.5917,-1.1541,-1.7458
2016-02-18,0.7502,-0.8081,-1.5583
2016-02-19,0.6929,-0.6921,-1.385
2016-02-22,0.7878,-0.4003,-1.1881
2016-02-23,0.5896,-0.4511,-1.0407
2016-02-24,0.5237,-0.3861,-0.9098
2016-02-25,0.4588,-0.3363,-0.7951
2016-02-26,0.5283,-0.1348,-0.663
2016-02-29,0.5527,0.0279,-0.5248
2016-03-01,0.5873,0.2093,-0.378
2016-03-02,0.5522,0.3123,-0.24
2016-03-03,0.4697,0.3472,-0.1225
2016-03-04,0.5285,0.538,0.0096
2016-03-07,0.6805,0.8602,0.1797
2016-03-08,0.5048,0.8108,0.3059
2016-03-09,0.4938,0.9231,0.4294
2016-03-10,0.6096,1.1913,0.5818
2016-03-11,0.8045,1.5873,0.7829
2016-03-14,0.7031,1.6617,0.9586
2016-03-15,0.5601,1.6588,1.0987
2016-03-16,0.5658,1.8059,1.2401
2016-03-17,0.6732,2.0816,1.4084
2016-03-18,0.6299,2.1958,1.5659
2016-03-21,0.4648,2.1469,1.6821
2016-03-22,0.3134,2.0738,1.7604
2016-03-23,0.0992,1.8844,1.7852
2016-03-24,-0.0145,1.7671,1.7816
2016-03-28,-0.1177,1.6344,1.7522
2016-03-29,-0.1872,1.5182,1.7054
2016-03-30,-0.1911,1.4665,1.6576
2016-03-31,-0.2191,1.3837,1.6028
2016-04-01,-0.16,1.4028,1.5628
2016-04-04,-0.1716,1.3483,1.5199
2016-04-05,-0.266,1.1874,1.4534
2016-04-06,-0.2377,1.1563,1.394
2016-04-07,-0.3377,0.9719,1.3096
2016-04-08,-0.4277,0.7749,1.2026
2016-04-11,-0.3885,0.717,1.1055
2016-04-12,-0.1819,0.8781,1.06
2016-04-13,-0.0194,1.0358,1.0552
2016-04-14,0.0739,1.1475,1.0737
2016-04-15,0.1027,1.202,1.0993
2016-04-18,0.1264,1.2574,1.1309
2016-04-19,0.2916,1.4954,1.2038
2016-04-20,0.3267,1.6122,1.2855
2016-04-21,0.3358,1.7053,1.3695
2016-04-22,0.2802,1.7197,1.4395
2016-04-25,0.0931,1.5558,1.4628
2016-04-26,0.0463,1.5206,1.4743
2016-04-27,-0.0296,1.4374,1.4669
2016-04-28,-0.2676,1.1324,1.4
2016-04-29,-0.651,0.5862,1.2373
2016-05-02,-0.7951,0.2434,1.0385
2016-05-03,-0.9075,-0.0958,0.8116
2016-05-04,-1.0379,-0.4857,0.5522
2016-05-05,-1.0562,-0.7681,0.2881
2016-05-06,-0.9844,-0.9423,0.042
2016-05-09,-0.9481,-1.1431,-0.195
2016-05-10,-0.7998,-1.1948,-0.395
2016-05-11,-0.6901,-1.2576,-0.5675
2016-05-12,-0.6195,-1.3419,-0.7224
2016-05-13,-0.5701,-1.435,-0.8649
2016-05-16,-0.3386,-1.2881,-0.9495
2016-05-17,-0.1275,-1.1089,-0.9814
2016-05-18,-0.1244,-1.1369,-1.0125
2016-05-19,-0.1565,-1.2082,-1.0516
2016-05-20,-0.1844,-1.2821,-1.0977
2016-05-23,-0.2039,-1.3526,-1.1487
2016-05-24,-0.1726,-1.3644,-1.1919
2016-05-25,0.0112,-1.1779,-1.1891
2016-05-26,0.0511,-1.1252,-1.1763
2016-05-27,0.086,-1.0687,-1.1548
2016-05-31,0.1114,-1.0155,-1.1269
2016-06-01,0.2045,-0.8713,-1.0758
2016-06-02,0.1394,-0.9015,-1.0409
2016-06-03,0.0485,-0.9803,-1.0288
2016-06-06,0.11,-0.8913,-1.0013
2016-06-07,0.203,-0.7476,-0.9506
2016-06-08,0.2618,-0.6233,-0.8851
2016-06-09,0.138,-0.7126,-0.8506
2016-06-10,0.096,-0.7306,-0.8266
2016-06-13,-0.0076,-0.8361,-0.8285
2016-06-14,-0.101,-0.9547,-0.8538
2016-06-15,-0.1171,-1.0001,-0.883
2016-06-16,-0.1142,-1.0258,-0.9116
2016-06-17,-0.0369,-0.9577,-0.9208
2016-06-20,-0.0062,-0.9285,-0.9223
2016-06-21,-0.0228,-0.9509,-0.9281
2016-06-22,-0.0198,-0.9528,-0.933
2016-06-23,-0.0033,-0.9371,-0.9338
2016-06-24,-0.2484,-1.2443,-0.9959
2016-06-27,-0.6091,-1.7573,-1.1482
2016-06-28,-0.7276,-2.0577,-1.3301
2016-06-29,-0.6451,-2.1365,-1.4914
2016-06-30,-0.5198,-2.1411,-1.6213
2016-07-01,-0.382,-2.0988,-1.7168
2016-07-05,-0.3774,-2.1885,-1.8112
2016-07-06,-0.3216,-2.2131,-1.8916
2016-07-07,-0.1625,-2.0947,-1.9322
2016-07-08,0.105,-1.801,-1.9059
2016-07-11,0.2347,-1.6125,-1.8473
2016-07-12,0.4163,-1.3269,-1.7432
2016-07-13,0.4795,-1.1438,-1.6233
2016-07-14,0.5631,-0.9195,-1.4825
2016-07-15,0.6186,-0.7093,-1.3279
2016-07-18,0.6707,-0.4895,-1.1602
2016-07-19,0.6941,-0.2926,-0.9867
2016-07-20,0.7286,-0.076,-0.8046
2016-07-21,0.6945,0.0635,-0.6309
2016-07-22,0.5831,0.0979,-0.4852
2016-07-25,0.5324,0.1804,-0.3521
2016-07-26,0.4747,0.2413,-0.2334
2016-07-27,0.3705,0.2297,-0.1408
2016-07-28,0.3431,0.2882,-0.055
2016-07-29,0.0686,0.0307,-0.0378
2016-08-01,-0.1304,-0.2008,-0.0704
2016-08-02,-0.4339,-0.6129,-0.1789
2016-08-03,-0.4984,-0.8019,-0.3035
2016-08-04,-0.4601,-0.8786,-0.4185
2016-08-05,-0.3979,-0.916,-0.518
2016-08-08,-0.2747,-0.8614,-0.5867
2016-08-09,-0.2332,-0.8782,-0.645
2016-08-10,-0.1987,-0.8934,-0.6947
2016-08-11,-0.0173,-0.7163,-0.699
2016-08-12,0.02,-0.674,-0.694
2016-08-15,0.1865,-0.4608,-0.6474
2016-08-16,0.243,-0.3436,-0.5866
2016-08-17,0.2959,-0.2168,-0.5126
2016-08-18,0.3769,-0.0415,-0.4184
2016-08-19,0.5241,0.2367,-0.2874
2016-08-22,0.4996,0.3371,-0.1625
2016-08-23,0.494,0.4549,-0.039
2016-08-24,0.4087,0.4719,0.0632
2016-08-25,0.3876,0.5476,0.1601
2016-08-26,0.3672,0.6191,0.2519
2016-08-29,0.3648,0.7079,0.3431
2016-08-30,0.3583,0.7909,0.4326
2016-08-31,0.2645,0.7632,0.4987
2016-09-01,0.1611,0.7001,0.539
2016-09-02,0.162,0.7416,0.5795
2016-09-06,0.1329,0.7457,0.6128
2016-09-07,0.104,0.7428,0.6388
2016-09-08,0.0127,0.6547,0.642
2016-09-09,-0.2003,0.3916,0.5919
2016-09-12,-0.293,0.2256,0.5186
2016-09-13,-0.486,-0.0889,0.3971
2016-09-14,-0.5219,-0.2553,0.2666
2016-09-15,-0.4519,-0.2982,0.1537
2016-09-16,-0.3474,-0.2805,0.0668
2016-09-19,-0.18,-0.1582,0.0218
2016-09-20,-0.1234,-0.1324,-0.009
2016-09-21,-0.043,-0.0628,-0.0198
2016-09-22,0.0124,-0.0043,-0.0167
2016-09-23,-0.0038,-0.0215,-0.0176
2016-09-26,-0.0711,-0.1065,-0.0354
2016-09-27,-0.0268,-0.069,-0.0421
2016-09-28,0.1443,0.1383,-0.006
2016-09-29,0.2741,0.3366,0.0625
2016-09-30,0.3527,0.5033,0.1507
2016-10-03,0.3935,0.6425,0.249
2016-10-04,0.3324,0.6645,0.3321
2016-10-05,0.3687,0.793,0.4243
2016-10-06,0.5444,1.1049,0.5604
2016-10-07,0.4518,1.1252,0.6734
2016-10-10,0.4162,1.1937,0.7774
2016-10-11,0.24,1.0774,0.8374
2016-10-12,0.0901,0.9501,0.86
2016-10-13,-0.0227,0.8315,0.8543
2016-10-14,-0.1224,0.7012,0.8237
2016-10-17,-0.1873,0.5896,0.7768
2016-10-18,-0.1837,0.5472,0.7309
2016-10-19,-0.0847,0.6251,0.7098
2016-10-20,-0.0304,0.6718,0.7022
2016-10-21,0.0186,0.7254,0.7068
2016-10-24,0.026,0.7393,0.7133
2016-10-25,-0.0832,0.6093,0.6925
2016-10-26,-0.1288,0.5316,0.6603
2016-10-27,-0.1629,0.4567,0.6196
2016-10-28,-0.1795,0.3952,0.5747
2016-10-31,-0.2324,0.2842,0.5166
2016-11-01,-0.3435,0.0872,0.4307
2016-11-02,-0.4514,-0.1336,0.3179
2016-11-03,-0.4396,-0.2316,0.208
2016-11-04,-0.4021,-0.2947,0.1074
2016-11-07,-0.3132,-0.284,0.0291
2016-11-08,-0.2547,-0.2892,-0.0345
2016-11-09,-0.0774,-0.1313,-0.0539
2016-11-10,0.1921,0.1862,-0.0059
2016-11-11,0.2776,0.3411,0.0635
2016-11-14,0.3288,0.4746,0.1458
2016-11-15,0.4075,0.6551,0.2476
2016-11-16,0.4191,0.7715,0.3524
2016-11-17,0.3891,0.8387,0.4497
2016-11-18,0.3528,0.8906,0.5379
2016-11-21,0.4368,1.0839,0.6471
2016-11-22,0.4996,1.2716,0.772
2016-11-23,0.5613,1.4736,0.9123
2016-11-25,0.5641,1.6174,1.0533
2016-11-28,0.4571,1.6248,1.1676
2016-11-29,0.2368,1.4636,1.2268
2016-11-30,0.4963,1.8471,1.3509
2016-12-01,0.6755,2.1952,1.5197
2016-12-02,0.6083,2.2801,1.6718
2016-12-05,0.4847,2.2776,1.793
2016-12-06,0.3131,2.1843,1.8712
2016-12-07,0.2761,2.2163,1.9403
2016-12-08,0.2928,2.3063,2.0135
2016-12-09,0.1343,2.1814,2.047
2016-12-12,0.0839,2.152,2.068
2016-12-13,0.031,2.1068,2.0758
2016-12-14,-0.1203,1.9254,2.0457
2016-12-15,-0.1803,1.8203,2.0006
2016-12-16,-0.2363,1.7053,1.9416
2016-12-19,-0.3111,1.5526,1.8638
2016-12-20,-0.3594,1.4146,1.7739
2016-12-21,-0.4099,1.2616,1.6715
2016-12-22,-0.4506,1.1081,1.5588
2016-12-23,-0.4559,0.9889,1.4448
2016-12-27,-0.4868,0.8363,1.3231
2016-12-28,-0.5386,0.6498,1.1885
2016-12-29,-0.5773,0.4668,1.0441
2016-12-30,-0.5955,0.2997,0.8952
2017-01-03,-0.5137,0.2531,0.7668
2017-01-04,-0.3205,0.3661,0.6867
2017-01-05,-0.196,0.4417,0.6377
2017-01-06,-0.146,0.4552,0.6012
2017-01-09,-0.1942,0.3585,0.5527
2017-01-10,-0.2199,0.2778,0.4977
2017-01-11,-0.1294,0.3359,0.4653
2017-01-12,0.0051,0.4717,0.4666
2017-01-13,0.0919,0.5815,0.4896
2017-01-17,0.1524,0.6801,0.5277
2017-01-18,0.1826,0.7559,0.5733
2017-01-19,0.1682,0.7836,0.6154
2017-01-20,0.2169,0.8865,0.6696
2017-01-23,0.2471,0.9785,0.7314
2017-01-24,0.4998,1.3562,0.8564
2017-01-25,0.704,1.7363,1.0324
2017-01-26,0.7225,1.9354,1.213
2017-01-27,0.6794,2.0622,1.3828
2017-01-30,0.5403,2.0582,1.5179
2017-01-31,0.3452,1.9494,1.6042
2017-02-01,0.3051,1.9856,1.6805
2017-02-02,0.1645,1.886,1.7216
2017-02-03,0.1119,1.8615,1.7496
2017-02-06,0.0732,1.841,1.7679
2017-02-07,-0.1364,1.5974,1.7338
2017-02-08,-0.3204,1.3333,1.6537
2017-02-09,-0.397,1.1574,1.5544
2017-02-10,-0.4627,0.9761,1.4387
2017-02-13,-0.4697,0.8517,1.3213
2017-02-14,-0.4022,0.8186,1.2208
2017-02-15,-0.3537,0.7787,1.1324
2017-02-16,-0.3407,0.7065,1.0472
2017-02-17,-0.3101,0.6596,0.9697
2017-02-21,-0.1808,0.7436,0.9245
2017-02-22,-0.1313,0.7604,0.8916
2017-02-23,-0.1576,0.6946,0.8522
2017-02-24,-0.2183,0.5793,0.7977
2017-02-27,-0.3224,0.3947,0.7171
2017-02-28,-0.383,0.2383,0.6213
2017-03-01,-0.2375,0.3245,0.5619
2017-03-02,-0.241,0.2607,0.5017
2017-03-03,-0.2384,0.2037,0.4421
2017-03-06,-0.2723,0.1017,0.374
2017-03-07,-0.3031,-0.0049,0.2982
2017-03-08,-0.4012,-0.2032,0.198
2017-03-09,-0.4619,-0.3794,0.0825
2017-03-10,-0.458,-0.49,-0.032
2017-03-13,-0.4063,-0.5399,-0.1336
2017-03-14,-0.4536,-0.7006,-0.247
2017-03-15,-0.3097,-0.6341,-0.3244
2017-03-16,-0.2348,-0.618,-0.3831
2017-03-17,-0.1893,-0.6198,-0.4305
2017-03-20,-0.1329,-0.5966,-0.4637
2017-03-21,-0.2236,-0.7431,-0.5196
2017-03-22,-0.2639,-0.8495,-0.5856
2017-03-23,-0.2605,-0.9111,-0.6507
2017-03-24,-0.286,-1.0081,-0.7222
2017-03-27,-0.2127,-0.988,-0.7753
2017-03-28,-0.0031,-0.7792,-0.7761
2017-03-29,0.1247,-0.6202,-0.7449
2017-03-30,0.2395,-0.4455,-0.685
2017-03-31,0.3001,-0.31,-0.61
2017-04-03,0.2685,-0.2744,-0.5429
2017-04-04,0.267,-0.2091,-0.4761
2017-04-05,0.1103,-0.3383,-0.4486
2017-04-06,0.0608,-0.3726,-0.4334
2017-04-07,0.005,-0.4271,-0.4321
2017-04-10,-0.0429,-0.4857,-0.4428
2017-04-11,-0.0992,-0.5668,-0.4676
2017-04-12,-0.2322,-0.7579,-0.5257
2017-04-13,-0.3899,-1.013,-0.6231
2017-04-17,-0.439,-1.1718,-0.7329
2017-04-18,-0.4043,-1.2382,-0.834
2017-04-19,-0.3736,-1.3009,-0.9273
2017-04-20,-0.3275,-1.3368,-1.0092
2017-04-21,-0.2781,-1.3568,-1.0787
2017-04-24,-0.1524,-1.2693,-1.1169
2017-04-25,-0.0243,-1.1472,-1.1229
2017-04-26,0.0708,-1.0344,-1.1052
2017-04-27,0.1597,-0.9056,-1.0653
2017-04-28,0.047,-1.0065,-1.0535
2017-05-01,-0.0994,-1.1779,-1.0784
2017-05-02,-0.1711,-1.2923,-1.1212
2017-05-03,-0.3027,-1.4996,-1.1969
2017-05-04,-0.3878,-1.6817,-1.2938
2017-05-05,-0.2342,-1.5865,-1.3524
2017-05-08,-0.329,-1.7636,-1.4346
2017-05-09,-0.2859,-1.792,-1.5061
2017-05-10,-0.1952,-1.75,-1.5549
2017-05-11,-0.1451,-1.7363,-1.5912
2017-05-12,-0.151,-1.7799,-1.6289
2017-05-15,-0.0368,-1.6749,-1.6381
2017-05-16,0.0854,-1.5313,-1.6168
2017-05-17,-0.0242,-1.6471,-1.6228
2017-05-18,-0.0495,-1.6847,-1.6352
2017-05-19,-0.0038,-1.6399,-1.6361
2017-05-22,-0.011,-1.6499,-1.6389
2017-05-23,0.0171,-1.6175,-1.6346
2017-05-24,0.1165,-1.489,-1.6055
2017-05-25,0.126,-1.448,-1.574
2017-05-26,0.1435,-1.3946,-1.5381
2017-05-30,0.1502,-1.3504,-1.5006
2017-05-31,0.1576,-1.3036,-1.4612
2017-06-01,0.1692,-1.2497,-1.4189
2017-06-02,0.148,-1.2339,-1.3819
2017-06-05,0.0675,-1.2976,-1.365
2017-06-06,0.0405,-1.3143,-1.3549
2017-06-07,0.0403,-1.3045,-1.3448
2017-06-08,0.0656,-1.2628,-1.3284
2017-06-09,0.2433,-1.0243,-1.2676
2017-06-12,0.3471,-0.8337,-1.1808
2017-06-13,0.4794,-0.5816,-1.061
2017-06-14,0.4179,-0.5386,-0.9565
2017-06-15,0.3158,-0.5617,-0.8775
2017-06-16,0.2905,-0.5144,-0.8049
2017-06-19,0.2935,-0.438,-0.7315
2017-06-20,0.2101,-0.4689,-0.679
2017-06-21,0.1192,-0.53,-0.6492
2017-06-22,0.09,-0.5368,-0.6267
2017-06-23,0.0828,-0.5232,-0.606
2017-06-26,0.1255,-0.4491,-0.5746
2017-06-27,0.2262,-0.2919,-0.5181
2017-06-28,0.3926,-0.0273,-0.4199
2017-06-29,0.4782,0.1779,-0.3004
2017-06-30,0.5491,0.3861,-0.1631
2017-07-03,0.6282,0.6222,-0.006
2017-07-05,0.5172,0.6405,0.1233
2017-07-06,0.3996,0.6228,0.2232
2017-07-07,0.3591,0.6721,0.313
2017-07-10,0.3293,0.7246,0.3953
2017-07-11,0.3063,0.7782,0.4719
2017-07-12,0.352,0.9118,0.5598
2017-07-13,0.3417,0.987,0.6453
2017-07-14,0.3364,1.0657,0.7294
2017-07-17,0.2947,1.0977,0.803
2017-07-18,0.2203,1.0784,0.8581
2017-07-19,0.2762,1.2033,0.9271
2017-07-20,0.2793,1.2763,0.997
2017-07-21,0.248,1.307,1.059
2017-07-24,0.23,1.3464,1.1165
2017-07-25,0.2411,1.4178,1.1767
2017-07-26,0.1858,1.409,1.2232
2017-07-27,0.0785,1.3213,1.2428
2017-07-28,0.2103,1.5057,1.2954
2017-07-31,0.2828,1.6489,1.3661
2017-08-01,0.248,1.6761,1.4281
2017-08-02,0.1434,1.6073,1.4639
2017-08-03,0.0812,1.5654,1.4842
2017-08-04,0.0263,1.5171,1.4908
2017-08-07,-0.0013,1.4891,1.4905
2017-08-08,-0.0571,1.4191,1.4762
2017-08-09,-0.0725,1.3856,1.4581
2017-08-10,-0.1937,1.2159,1.4096
2017-08-11,-0.2986,1.0364,1.335
2017-08-14,-0.3072,0.9509,1.2582
2017-08-15,-0.3131,0.8668,1.1799
2017-08-16,-0.3297,0.7678,1.0975
2017-08-17,-0.424,0.5675,0.9915
2017-08-18,-0.3991,0.4926,0.8917
2017-08-21,-0.3222,0.4889,0.8111
2017-08-22,-0.2218,0.5339,0.7557
2017-08-23,-0.1164,0.6102,0.7266
2017-08-24,-0.0413,0.6749,0.7163
2017-08-25,0.0492,0.7778,0.7286
2017-08-28,0.1006,0.8543,0.7537
2017-08-29,0.0747,0.8471,0.7724
2017-08-30,0.0941,0.89,0.7959
2017-08-31,0.1107,0.9342,0.8236
2017-09-01,0.086,0.9311,0.8451
2017-09-05,0.0035,0.8494,0.8459
2017-09-06,0.0926,0.9617,0.8691
2017-09-07,0.1356,1.0386,0.903
2017-09-08,0.1396,1.0775,0.9379
2017-09-11,0.2577,1.26,1.0023
2017-09-12,0.3678,1.462,1.0943
2017-09-13,0.3814,1.571,1.1896
2017-09-14,0.3756,1.6591,1.2835
2017-09-15,0.3879,1.7683,1.3805
2017-09-18,0.3888,1.8664,1.4777
2017-09-19,0.418,2.0002,1.5822
2017-09-20,0.3675,2.0416,1.6741
2017-09-21,0.2847,2.0299,1.7452
2017-09-22,0.2709,2.0838,1.8129
2017-09-25,0.2985,2.1861,1.8876
2017-09-26,0.4004,2.3881,1.9877
2017-09-27,0.4264,2.5207,2.0943
2017-09-28,0.4013,2.5959,2.1946
2017-09-29,0.2979,2.567,2.2691
2017-10-02,0.2925,2.6347,2.3422
2017-10-03,0.202,2.5948,2.3927
2017-10-04,0.0568,2.4637,2.4069
2017-10-05,-0.0209,2.3808,2.4017
2017-10-06,-0.1274,2.2424,2.3698
2017-10-09,-0.2002,2.1196,2.3198
2017-10-10,-0.319,1.9211,2.2401
2017-10-11,-0.4482,1.6799,2.128
2017-10-12,-0.5078,1.4932,2.0011
2017-10-13,-0.5273,1.342,1.8692
2017-10-16,-0.5276,1.2098,1.7373
2017-10-17,-0.4834,1.1331,1.6165
2017-10-18,-0.4419,1.0641,1.506
2017-10-19,-0.3344,1.088,1.4224
2017-10-20,-0.2911,1.0585,1.3496
2017-10-23,-0.2853,0.993,1.2783
2017-10-24,-0.1265,1.1202,1.2467
2017-10-25,-0.1057,1.1146,1.2202
2017-10-26,-0.0057,1.2131,1.2188
2017-10-27,-0.0955,1.0994,1.1949
2017-10-30,0.2884,1.5554,1.267
2017-10-31,0.3447,1.6979,1.3532
2017-11-01,0.3432,1.7822,1.439
2017-11-02,0.3182,1.8367,1.5186
2017-11-03,0.4022,2.0213,1.6191
2017-11-06,0.477,2.2154,1.7384
2017-11-07,0.4467,2.2968,1.85
2017-11-08,0.3836,2.3296,1.9459
2017-11-09,0.1996,2.1955,1.9959
2017-11-10,0.0601,2.071,2.0109
2017-11-13,-0.0533,1.9443,1.9976
2017-11-14,-0.1685,1.787,1.9555
2017-11-15,-0.3288,1.5444,1.8732
2017-11-16,-0.3845,1.3926,1.7771
2017-11-17,-0.3707,1.3137,1.6844
2017-11-20,-0.3344,1.2664,1.6008
2017-11-21,-0.3375,1.179,1.5165
2017-11-22,-0.361,1.0652,1.4262
2017-11-24,-0.3112,1.0372,1.3484
2017-11-27,-0.2733,1.0067,1.2801
2017-11-28,-0.2112,1.016,1.2273
2017-11-29,-0.168,1.0173,1.1853
2017-11-30,-0.1626,0.982,1.1446
2017-12-01,-0.1995,0.8953,1.0948
2017-12-04,-0.2406,0.794,1.0346
2017-12-05,-0.2141,0.767,0.9811
2017-12-06,-0.1881,0.7459,0.9341
2017-12-07,-0.0544,0.8661,0.9205
2017-12-08,0.0641,1.0006,0.9365
2017-12-11,0.1501,1.1241,0.974
2017-12-12,0.1541,1.1666,1.0125
2017-12-13,0.1718,1.2273,1.0555
2017-12-14,0.0322,1.0957,1.0635
2017-12-15,-0.0284,1.028,1.0564
2017-12-18,0.1507,1.2448,1.0941
2017-12-19,0.2062,1.3518,1.1456
2017-12-20,0.2816,1.4977,1.216
2017-12-21,0.326,1.6236,1.2975
2017-12-22,0.3058,1.6798,1.374
2017-12-26,0.2614,1.7007,1.4393
2017-12-27,0.2131,1.7057,1.4926
2017-12-28,0.2301,1.7803,1.5501
2017-12-29,0.161,1.7514,1.5904
2018-01-02,0.2167,1.8612,1.6446
2018-01-03,0.2271,1.9284,1.7013
2018-01-04,0.2407,2.0022,1.7615
2018-01-05,0.3207,2.1624,1.8417
2018-01-08,0.3207,2.2425,1.9219
2018-01-09,0.3527,2.3627,2.01
2018-01-10,0.3283,2.4204,2.0921
2018-01-11,0.4471,2.651,2.2039
2018-01-12,0.4768,2.7999,2.3231
2018-01-16,0.335,2.7418,2.4068
2018-01-17,0.2698,2.744,2.4743
2018-01-18,0.1928,2.7153,2.5225
2018-01-19,0.3049,2.9036,2.5987
2018-01-22,0.2729,2.9398,2.6669
2018-01-23,0.1817,2.894,2.7123
2018-01-24,0.1228,2.8658,2.743
2018-01-25,0.1693,2.9547,2.7853
2018-01-26,0.2121,3.0504,2.8384
2018-01-29,0.1649,3.0444,2.8796
2018-01-30,-0.0311,2.8407,2.8718
2018-01-31,-0.1153,2.7277,2.843
2018-02-01,-0.3334,2.4262,2.7596
2018-02-02,-0.8218,1.7324,2.5542
2018-02-05,-1.3251,0.8978,2.2229
2018-02-06,-1.2691,0.6365,1.9056
2018-02-07,-1.4114,0.1414,1.5528
2018-02-08,-1.7266,-0.6055,1.1211
2018-02-09,-1.7674,-1.0881,0.6793
2018-02-12,-1.5335,-1.2376,0.2959
2018-02-13,-1.313,-1.3454,-0.0323
2018-02-14,-0.9551,-1.2262,-0.2711
2018-02-15 12:17:05,-0.7957,-1.2657,-0.47
