date,Real Upper Band,Real Lower Band,Real Middle Band
2010-05-25,23.415,15.446,19.4305
2010-05-26,23.1073,15.2687,19.188
2010-05-27,22.4723,15.3937,18.933
2010-05-28,21.9197,15.4933,18.7065
2010-06-01,21.0841,15.7989,18.4415
2010-06-02,20.5102,15.9558,18.233
2010-06-03,20.1026,16.0374,18.07
2010-06-04,19.9251,15.9749,17.95
2010-06-07,19.8675,15.8615,17.8645
2010-06-08,19.7382,15.7648,17.7515
2010-06-09,19.6014,15.6906,17.646
2010-06-10,19.2094,15.7996,17.5045
2010-06-11,18.7753,15.9827,17.379
2010-06-14,18.5652,16.0668,17.316
2010-06-15,18.3525,16.1915,17.272
2010-06-16,18.0633,16.3657,17.2145
2010-06-17,18.015,16.374,17.1945
2010-06-18,18.0193,16.4007,17.21
2010-06-21,17.9907,16.4843,17.2375
2010-06-22,17.9935,16.4755,17.2345
2010-06-23,17.9842,16.4928,17.2385
2010-06-24,17.9902,16.4518,17.221
2010-06-25,17.8881,16.4459,17.167
2010-06-28,17.7979,16.4461,17.122
2010-06-29,17.8109,16.3081,17.0595
2010-06-30,17.8381,16.1629,17.0005
2010-07-01,17.9454,15.8776,16.9115
2010-07-02,18.0373,15.6287,16.833
2010-07-06,18.1715,15.3115,16.7415
2010-07-07,18.2729,15.0351,16.654
2010-07-08,18.3281,14.8059,16.567
2010-07-09,18.2897,14.7273,16.5085
2010-07-12,18.2231,14.6619,16.4425
2010-07-13,18.1025,14.6735,16.388
2010-07-14,17.8633,14.7557,16.3095
2010-07-15,17.676,14.816,16.246
2010-07-16,17.5367,14.8453,16.191
2010-07-19,17.4223,14.8837,16.153
2010-07-20,17.3007,14.9143,16.1075
2010-07-21,17.2248,14.9302,16.0775
2010-07-22,17.2106,14.9344,16.0725
2010-07-23,17.2071,14.9359,16.0715
2010-07-26,17.4049,14.8211,16.113
2010-07-27,17.7405,14.6215,16.181
2010-07-28,18.0013,14.5287,16.265
2010-07-29,18.2363,14.4727,16.3545
2010-07-30,18.4501,14.5039,16.477
2010-08-02,18.638,14.574,16.606
2010-08-03,18.7242,14.7718,16.748
2010-08-04,18.8279,14.9981,16.913
2010-08-05,18.8678,15.2772,17.0725
2010-08-06,18.9212,15.4438,17.1825
2010-08-09,18.9531,15.6349,17.294
2010-08-10,19.0058,15.7412,17.3735
2010-08-11,19.006,15.862,17.434
2010-08-12,18.9848,15.9962,17.4905
2010-08-13,18.9682,16.1948,17.5815
2010-08-16,19.0602,16.3278,17.694
2010-08-17,19.1456,16.5304,17.838
2010-08-18,19.3733,16.6587,18.016
2010-08-19,19.5725,16.7845,18.1785
2010-08-20,19.7627,16.9053,18.334
2010-08-23,20.031,16.878,18.4545
2010-08-24,20.2501,16.8349,18.5425
2010-08-25,20.4274,16.8576,18.6425
2010-08-26,20.593,16.898,18.7455
2010-08-27,20.8212,16.9138,18.8675
2010-08-30,20.9769,16.9741,18.9755
2010-08-31,21.1479,17.0631,19.1055
2010-09-01,21.4096,17.0734,19.2415
2010-09-02,21.6154,17.1386,19.377
2010-09-03,21.8024,17.2646,19.5335
2010-09-07,21.9218,17.4362,19.679
2010-09-08,22.0,17.658,19.829
2010-09-09,21.929,18.038,19.9835
2010-09-10,21.7521,18.5439,20.148
2010-09-13,21.6791,18.9529,20.316
2010-09-14,21.6983,19.2147,20.4565
2010-09-15,21.7382,19.4238,20.581
2010-09-16,21.9071,19.4599,20.6835
2010-09-17,22.1371,19.4749,20.806
2010-09-20,22.3141,19.5289,20.9215
2010-09-21,22.47,19.588,21.029
2010-09-22,22.5367,19.7163,21.1265
2010-09-23,22.553,19.892,21.2225
2010-09-24,22.6559,20.0351,21.3455
2010-09-27,22.9269,20.0301,21.4785
2010-09-28,23.2052,20.0743,21.6397
2010-09-29,23.4921,20.0994,21.7957
2010-09-30,23.8265,20.053,21.9397
2010-10-01,24.0917,20.0798,22.0857
2010-10-04,24.3685,20.099,22.2337
2010-10-05,24.7475,20.103,22.4252
2010-10-06,24.9364,20.2371,22.5867
2010-10-07,25.0899,20.4586,22.7742
2010-10-08,25.3641,20.6304,22.9972
2010-10-11,25.8537,20.6188,23.2362
2010-10-12,26.2869,20.6646,23.4757
2010-10-13,26.7988,20.6937,23.7462
2010-10-14,27.2413,20.7682,24.0047
2010-10-15,27.5224,20.9121,24.2172
2010-10-18,27.7893,21.1002,24.4447
2010-10-19,27.9561,21.3644,24.6602
2010-10-20,28.1343,21.7052,24.9197
2010-10-21,28.2902,22.1203,25.2052
2010-10-22,28.4347,22.4848,25.4597
2010-10-25,28.6609,22.7446,25.7027
2010-10-26,28.8082,23.0248,25.9165
2010-10-27,28.837,23.355,26.096
2010-10-28,28.8876,23.6654,26.2765
2010-10-29,28.8006,24.0514,26.426
2010-11-01,28.6539,24.3891,26.5215
2010-11-02,28.5924,24.6346,26.6135
2010-11-03,28.3987,25.1013,26.75
2010-11-04,28.1863,25.6097,26.898
2010-11-05,28.2539,25.8521,27.053
2010-11-08,28.5499,25.8251,27.1875
2010-11-09,28.6968,25.8922,27.2945
2010-11-10,28.8277,25.8983,27.363
2010-11-11,28.9356,25.9174,27.4265
2010-11-12,28.9199,26.0231,27.4715
2010-11-15,28.9286,26.1054,27.517
2010-11-16,28.9141,26.1379,27.526
2010-11-17,28.9141,26.1479,27.531
2010-11-18,28.9223,26.1527,27.5375
2010-11-19,29.0798,26.1152,27.5975
2010-11-22,29.4181,25.9489,27.6835
2010-11-23,29.5655,25.9245,27.745
2010-11-24,29.8141,25.9049,27.8595
2010-11-26,30.0081,25.8979,27.953
2010-11-29,30.2298,25.9652,28.0975
2010-11-30,30.2103,26.3057,28.258
2010-12-01,30.3446,26.4964,28.4205
2010-12-02,30.5977,26.5973,28.5975
2010-12-03,30.8413,26.6647,28.753
2010-12-06,31.1997,26.5793,28.8895
2010-12-07,31.6213,26.4327,29.027
2010-12-08,31.8452,26.4508,29.148
2010-12-09,32.0039,26.5191,29.2615
2010-12-10,32.2178,26.5862,29.402
2010-12-13,32.4775,26.7725,29.625
2010-12-14,32.7217,26.9613,29.8415
2010-12-15,32.7008,27.4872,30.094
2010-12-16,32.582,28.003,30.2925
2010-12-17,32.5534,28.4496,30.5015
2010-12-20,32.6678,28.6702,30.669
2010-12-21,32.9161,28.7089,30.8125
2010-12-22,33.1303,28.8947,31.0125
2010-12-23,33.3393,29.0287,31.184
2010-12-27,33.4836,29.2424,31.363
2010-12-28,33.6812,29.3978,31.5395
2010-12-29,33.7536,29.7444,31.749
2010-12-30,33.9375,29.9485,31.943
2010-12-31,34.2857,29.9913,32.1385
2011-01-03,34.5979,30.0831,32.3405
2011-01-04,34.9619,30.0981,32.53
2011-01-05,35.2833,30.1017,32.6925
2011-01-06,35.5265,30.2695,32.898
2011-01-07,35.6073,30.5897,33.0985
2011-01-10,35.8037,30.8073,33.3055
2011-01-11,36.2953,30.7767,33.536
2011-01-12,36.7673,30.7797,33.7735
2011-01-13,37.0568,30.9552,34.006
2011-01-14,37.2424,31.3106,34.2765
2011-01-18,37.4084,31.6076,34.508
2011-01-19,37.4047,31.9673,34.686
2011-01-20,37.3799,32.2791,34.8295
2011-01-21,37.3352,32.5338,34.9345
2011-01-24,37.304,32.837,35.0705
2011-01-25,37.2328,33.1822,35.2075
2011-01-26,37.1902,33.4968,35.3435
2011-01-27,37.1337,33.8333,35.4835
2011-01-28,37.0199,34.0571,35.5385
2011-01-31,37.0098,34.2212,35.6155
2011-02-01,37.1327,34.3263,35.7295
2011-02-02,37.2019,34.4251,35.8135
2011-02-03,37.1979,34.5561,35.877
2011-02-04,37.1952,34.6788,35.937
2011-02-07,37.1057,34.8583,35.982
2011-02-08,37.0906,34.8974,35.994
2011-02-09,37.0386,34.8864,35.9625
2011-02-10,37.0405,34.8855,35.963
2011-02-11,37.1642,34.8288,35.9965
2011-02-14,37.3306,34.7414,36.036
2011-02-15,37.5134,34.6566,36.085
2011-02-16,37.7257,34.6323,36.179
2011-02-17,38.1648,34.5102,36.3375
2011-02-18,38.3382,34.6268,36.4825
2011-02-22,38.3324,34.6516,36.492
2011-02-23,38.3438,34.7342,36.539
2011-02-24,38.3627,34.7853,36.574
2011-02-25,38.5809,34.7641,36.6725
2011-02-28,38.6439,35.0231,36.8335
2011-03-01,38.6546,35.1244,36.8895
2011-03-02,38.7891,35.1129,36.951
2011-03-03,39.2503,34.9527,37.1015
2011-03-04,39.6417,34.9133,37.2775
2011-03-07,40.0126,34.9084,37.4605
2011-03-08,40.4826,34.9594,37.721
2011-03-09,40.8816,35.1024,37.992
2011-03-10,40.9866,35.3824,38.1845
2011-03-11,41.0568,35.5532,38.305
2011-03-14,41.1275,35.6945,38.411
2011-03-15,41.1328,35.7772,38.455
2011-03-16,41.1319,35.8391,38.4855
2011-03-17,41.1761,35.9399,38.558
2011-03-18,41.1674,35.9296,38.5485
2011-03-21,41.282,35.987,38.6345
2011-03-22,41.1142,36.4758,38.795
2011-03-23,41.0958,36.8172,38.9565
2011-03-24,41.0989,37.1831,39.141
2011-03-25,41.2238,37.2772,39.2505
2011-03-28,41.2957,37.4183,39.357
2011-03-29,41.1636,37.8584,39.511
2011-03-30,41.1066,38.0764,39.5915
2011-03-31,41.1062,38.0758,39.591
2011-04-01,41.1664,38.0786,39.6225
2011-04-04,41.2695,38.0575,39.6635
2011-04-05,41.3999,37.9881,39.694
2011-04-06,41.5594,37.8996,39.7295
2011-04-07,41.8055,37.8345,39.82
2011-04-08,42.2849,37.6971,39.991
2011-04-11,42.6607,37.6513,40.156
2011-04-12,42.6237,37.9133,40.2685
2011-04-13,42.5308,38.2602,40.3955
2011-04-14,42.5027,38.4313,40.467
2011-04-15,42.4087,38.7863,40.5975
2011-04-18,42.396,38.838,40.617
2011-04-19,42.3311,39.0759,40.7035
2011-04-20,42.4836,39.1364,40.81
2011-04-21,42.7839,39.0701,40.927
2011-04-25,43.1668,38.9772,41.072
2011-04-26,43.6151,38.8869,41.251
2011-04-27,43.9618,38.8962,41.429
2011-04-28,44.3854,38.9486,41.667
2011-04-29,44.7169,39.1121,41.9145
2011-05-02,45.3081,39.0559,42.182
2011-05-03,45.5858,39.1702,42.378
2011-05-04,45.6295,39.2755,42.4525
2011-05-05,45.6294,39.2796,42.4545
2011-05-06,45.6388,39.2282,42.4335
2011-05-09,45.6094,39.1496,42.3795
2011-05-10,45.597,39.137,42.367
2011-05-11,45.5714,39.3316,42.4515
2011-05-12,45.5389,39.4341,42.4865
2011-05-13,45.6169,39.2821,42.4495
2011-05-16,45.9533,38.6547,42.304
2011-05-17,46.0626,38.4344,42.2485
2011-05-18,46.0579,38.4611,42.2595
2011-05-19,46.0464,38.3726,42.2095
2011-05-20,46.0188,38.1272,42.073
2011-05-23,45.9915,37.7185,41.855
2011-05-24,45.7864,37.5196,41.653
2011-05-25,45.5728,37.5222,41.5475
2011-05-26,45.2171,37.6099,41.4135
2011-05-27,44.9148,37.7362,41.3255
2011-05-31,44.4593,38.0107,41.235
2011-06-01,44.008,38.233,41.1205
2011-06-02,43.8582,38.2698,41.064
2011-06-03,43.8015,38.1505,40.976
2011-06-06,43.8996,37.7684,40.834
2011-06-07,43.8659,37.5401,40.703
2011-06-08,43.6953,37.4087,40.552
2011-06-09,43.4964,37.3856,40.441
2011-06-10,43.4049,37.2741,40.3395
2011-06-13,43.4521,37.0889,40.2705
2011-06-14,43.3892,37.3298,40.3595
2011-06-15,43.4248,37.2352,40.33
2011-06-16,43.5266,36.7344,40.1305
2011-06-17,43.5749,36.2741,39.9245
2011-06-20,43.6857,35.8193,39.7525
2011-06-21,43.6858,35.7902,39.738
2011-06-22,43.6591,35.7119,39.6855
2011-06-23,43.4419,35.5761,39.509
2011-06-24,43.176,35.424,39.3
2011-06-27,42.6577,35.3943,39.026
2011-06-28,41.6572,35.7618,38.7095
2011-06-29,40.9626,36.0574,38.51
2011-06-30,40.3205,36.3815,38.351
2011-07-01,40.1628,36.4422,38.3025
2011-07-05,40.3691,36.4009,38.385
2011-07-06,40.4411,36.3859,38.4135
2011-07-07,40.865,36.163,38.514
2011-07-08,41.0475,36.0685,38.558
2011-07-11,40.9832,36.0508,38.517
2011-07-12,40.9868,36.0572,38.522
2011-07-13,40.8362,36.0668,38.4515
2011-07-14,40.8253,36.0337,38.4295
2011-07-15,40.7961,36.1709,38.4835
2011-07-18,40.7997,36.1633,38.4815
2011-07-19,40.7494,36.2656,38.5075
2011-07-20,40.7326,36.1814,38.457
2011-07-21,40.7667,36.1863,38.4765
2011-07-22,40.8775,36.2235,38.5505
2011-07-25,40.8745,36.2995,38.587
2011-07-26,40.8794,36.4626,38.671
2011-07-27,40.8605,36.5335,38.697
2011-07-28,40.8748,36.4452,38.66
2011-07-29,40.9477,36.4663,38.707
2011-08-01,41.1266,36.4284,38.7775
2011-08-02,41.0175,36.2875,38.6525
2011-08-03,40.9509,36.1381,38.5445
2011-08-04,41.1286,35.1884,38.1585
2011-08-05,41.2101,34.3299,37.77
2011-08-08,42.5638,31.9752,37.2695
2011-08-09,42.7068,31.1762,36.9415
2011-08-10,42.8185,30.3305,36.5745
2011-08-11,42.6865,30.0725,36.3795
2011-08-12,42.5141,29.8259,36.17
2011-08-15,42.4335,29.6165,36.025
2011-08-16,42.3568,29.2472,35.802
2011-08-17,42.2276,28.8074,35.5175
2011-08-18,42.0745,27.9565,35.0155
2011-08-19,41.8063,27.0687,34.4375
2011-08-22,41.4998,26.4192,33.9595
2011-08-23,40.8837,26.1263,33.505
2011-08-24,40.311,25.978,33.1445
2011-08-25,39.7489,25.8271,32.788
2011-08-26,38.6643,26.1507,32.4075
2011-08-29,37.3522,26.8988,32.1255
2011-08-30,36.6932,27.2248,31.959
2011-08-31,36.0823,27.5717,31.827
2011-09-01,36.1388,27.5562,31.8475
2011-09-02,36.0519,27.5431,31.7975
2011-09-06,35.9504,28.0076,31.979
2011-09-07,36.1452,28.0228,32.084
2011-09-08,36.2672,28.1228,32.195
2011-09-09,36.0583,28.0487,32.0535
2011-09-12,35.8506,28.0084,31.9295
2011-09-13,35.6808,28.0352,31.858
2011-09-14,35.752,28.031,31.8915
2011-09-15,35.9199,28.0411,31.9805
2011-09-16,36.019,28.437,32.228
2011-09-19,35.733,29.217,32.475
2011-09-20,35.4274,29.8236,32.6255
2011-09-21,35.5927,29.5623,32.5775
2011-09-22,36.0215,28.8355,32.4285
2011-09-23,36.2296,28.4324,32.331
2011-09-26,36.3467,28.0303,32.1885
2011-09-27,36.0722,27.7948,31.9335
2011-09-28,36.0117,27.2263,31.619
2011-09-29,35.8834,26.5546,31.219
2011-09-30,36.0938,25.3952,30.7445
2011-10-03,36.3798,24.3082,30.344
2011-10-04,36.3109,23.7551,30.033
2011-10-05,35.8737,23.4073,29.6405
2011-10-06,35.4054,23.2796,29.3425
2011-10-07,35.2287,22.9893,29.109
2011-10-10,34.9751,22.8259,28.9005
2011-10-11,34.529,22.826,28.6775
2011-10-12,33.9046,22.9914,28.448
2011-10-13,33.0647,23.2683,28.1665
2011-10-14,32.0701,23.7829,27.9265
2011-10-17,31.1542,24.2308,27.6925
2011-10-18,30.4559,24.5821,27.519
2011-10-19,30.2985,24.5435,27.421
2011-10-20,30.272,24.528,27.4
2011-10-21,30.7795,24.2755,27.5275
2011-10-24,31.5207,23.8673,27.694
2011-10-25,31.7203,23.7817,27.751
2011-10-26,32.2831,23.6159,27.9495
2011-10-27,33.2284,23.3646,28.2965
2011-10-28,34.093,23.507,28.8
2011-10-31,34.3495,24.1265,29.238
2011-11-01,34.5629,24.5361,29.5495
2011-11-02,34.8968,24.9142,29.9055
2011-11-03,35.4836,25.0344,30.259
2011-11-04,36.0027,25.3643,30.6835
2011-11-07,36.4215,25.6995,31.0605
2011-11-08,36.833,25.977,31.405
2011-11-09,37.0695,26.2765,31.673
2011-11-10,37.3459,26.7011,32.0235
2011-11-11,37.8036,26.9314,32.3675
2011-11-14,37.9868,27.4772,32.732
2011-11-15,37.9813,28.1457,33.0635
2011-11-16,37.5633,29.3727,33.468
2011-11-17,36.9187,30.7973,33.858
2011-11-18,36.8127,31.2543,34.0335
2011-11-21,36.8149,31.4701,34.1425
2011-11-22,37.0317,31.1573,34.0945
2011-11-23,37.672,30.176,33.924
2011-11-25,38.0752,29.2788,33.677
2011-11-28,38.1204,28.7746,33.4475
2011-11-29,38.1817,28.4633,33.3225
2011-11-30,38.1878,28.5132,33.3505
2011-12-01,38.165,28.456,33.3105
2011-12-02,38.0572,28.3978,33.2275
2011-12-05,37.9298,28.3962,33.163
2011-12-06,37.8243,28.3927,33.1085
2011-12-07,37.649,28.368,33.0085
2011-12-08,37.5541,28.3189,32.9365
2011-12-09,37.3573,28.3267,32.842
2011-12-12,36.9193,28.3847,32.652
2011-12-13,36.5366,28.4034,32.47
2011-12-14,36.232,28.286,32.259
2011-12-15,35.8569,28.2391,32.048
2011-12-16,35.4173,28.3647,31.891
2011-12-19,35.0451,28.4039,31.7245
2011-12-20,34.7652,28.5248,31.645
2011-12-21,34.8502,28.7588,31.8045
2011-12-22,34.6573,29.4077,32.0325
2011-12-23,34.3934,30.1056,32.2495
2011-12-27,34.2765,30.5285,32.4025
2011-12-28,34.1238,30.8702,32.497
2011-12-29,34.1349,30.8731,32.504
2011-12-30,34.1384,30.8776,32.508
2012-01-03,34.2213,30.8617,32.5415
2012-01-04,34.4634,30.7216,32.5925
2012-01-05,34.5675,30.6715,32.6195
2012-01-06,34.7977,30.5923,32.695
2012-01-09,34.998,30.562,32.78
2012-01-10,35.8361,30.1009,32.9685
2012-01-11,36.6587,29.7903,33.2245
2012-01-12,37.7419,29.4071,33.5745
2012-01-13,38.5385,29.4315,33.985
2012-01-17,39.2439,29.5651,34.4045
2012-01-18,40.2489,29.4181,34.8335
2012-01-19,40.8637,29.6833,35.2735
2012-01-20,41.448,29.797,35.6225
2012-01-23,41.847,30.036,35.9415
2012-01-24,42.2752,30.3158,36.2955
2012-01-25,42.6678,30.6462,36.657
2012-01-26,42.9824,31.0636,37.023
2012-01-27,43.2765,31.6675,37.472
2012-01-30,43.7247,32.1803,37.9525
2012-01-31,44.0976,32.8684,38.483
2012-02-01,44.531,33.448,38.9895
2012-02-02,44.902,33.933,39.4175
2012-02-03,45.3675,34.5235,39.9455
2012-02-06,45.6483,35.2727,40.4605
2012-02-07,45.6942,36.2818,40.988
2012-02-08,45.9627,36.7883,41.3755
2012-02-09,46.1413,37.3277,41.7345
2012-02-10,46.418,37.637,42.0275
2012-02-13,46.8547,37.9103,42.3825
2012-02-14,46.9733,38.3337,42.6535
2012-02-15,47.0333,38.5667,42.8
2012-02-16,47.0586,38.9404,42.9995
2012-02-17,47.022,39.385,43.2035
2012-02-21,46.7706,39.9914,43.381
2012-02-22,46.5563,40.5387,43.5475
2012-02-23,46.299,41.093,43.696
2012-02-24,45.9741,41.8039,43.889
2012-02-27,45.7329,42.3461,44.0395
2012-02-28,45.6411,42.5959,44.1185
2012-02-29,45.6348,42.6102,44.1225
2012-03-01,45.6354,42.6066,44.121
2012-03-02,45.6216,42.6614,44.1415
2012-03-05,45.7552,42.2278,43.9915
2012-03-06,46.3893,41.0467,43.718
2012-03-07,46.4426,40.5664,43.5045
2012-03-08,46.3091,40.5019,43.4055
2012-03-09,46.1844,40.3826,43.2835
2012-03-12,46.1179,40.0341,43.076
2012-03-13,45.6315,40.1455,42.8885
2012-03-14,45.4081,40.1039,42.756
2012-03-15,45.3398,40.0872,42.7135
2012-03-16,45.2216,40.0964,42.659
2012-03-19,45.077,40.097,42.587
2012-03-20,45.0762,40.0968,42.5865
2012-03-21,45.1183,40.0897,42.604
2012-03-22,45.0599,39.9901,42.525
2012-03-23,44.8665,40.0205,42.4435
2012-03-26,44.798,40.052,42.425
2012-03-27,44.6873,40.0917,42.3895
2012-03-28,44.635,40.09,42.3625
2012-03-29,44.574,40.107,42.3405
2012-03-30,44.5638,40.1112,42.3375
2012-04-02,44.8882,40.0638,42.476
2012-04-03,44.6873,40.7197,42.7035
2012-04-04,44.6982,41.0578,42.878
2012-04-05,44.7456,41.0794,42.9125
2012-04-09,44.7398,41.1182,42.929
2012-04-10,44.6716,41.2214,42.9465
2012-04-11,44.7565,41.0325,42.8945
2012-04-12,44.7507,41.1253,42.938
2012-04-13,44.8803,41.1317,43.006
2012-04-16,45.0286,41.1214,43.075
2012-04-17,45.1436,41.1654,43.1545
2012-04-18,45.2125,41.1955,43.204
2012-04-19,45.263,41.189,43.226
2012-04-20,45.2865,41.4205,43.3535
2012-04-23,45.316,41.514,43.415
2012-04-24,45.3399,41.5121,43.426
2012-04-25,45.5794,41.4616,43.5205
2012-04-26,45.8577,41.4723,43.665
2012-04-27,46.1479,41.4421,43.795
2012-04-30,46.2133,41.1897,43.7015
2012-05-01,46.1201,41.1119,43.616
2012-05-02,46.0918,41.0712,43.5815
2012-05-03,46.1333,40.7457,43.4395
2012-05-04,46.4426,40.0434,43.243
2012-05-07,46.7188,39.4432,43.081
2012-05-08,46.9587,38.9933,42.976
2012-05-09,47.0294,38.8106,42.92
2012-05-10,47.0488,38.5542,42.8015
2012-05-11,46.9655,38.2385,42.602
2012-05-14,46.869,37.839,42.354
2012-05-15,46.7092,37.5598,42.1345
2012-05-16,46.5719,37.2321,41.902
2012-05-17,46.5681,36.5229,41.5455
2012-05-18,46.4252,35.9538,41.1895
2012-05-21,46.1322,35.7718,40.952
2012-05-22,45.7309,35.6901,40.7105
2012-05-23,45.0293,35.7697,40.3995
2012-05-24,44.0901,36.0529,40.0715
2012-05-25,42.8333,36.6967,39.765
2012-05-29,42.695,36.746,39.7205
2012-05-30,42.1489,36.9411,39.545
2012-05-31,41.3763,37.3457,39.361
2012-06-01,41.1793,37.1437,39.1615
2012-06-04,41.2906,36.7604,39.0255
2012-06-05,41.2951,36.5849,38.94
2012-06-06,41.2845,36.5545,38.9195
2012-06-07,41.1467,36.4823,38.8145
2012-06-08,40.9203,36.4857,38.703
2012-06-11,40.7849,36.3191,38.552
2012-06-12,40.7024,36.2526,38.4775
2012-06-13,40.5452,36.2128,38.379
2012-06-14,40.4535,36.1425,38.298
2012-06-15,40.4782,36.3158,38.397
2012-06-18,40.7512,36.3918,38.5715
2012-06-19,41.2144,36.1766,38.6955
2012-06-20,41.5818,36.0252,38.8035
2012-06-21,41.6033,36.0337,38.8185
2012-06-22,41.6572,36.0448,38.851
2012-06-25,41.6153,36.0387,38.827
2012-06-26,41.4055,36.1125,38.759
2012-06-27,41.3701,36.1029,38.7365
2012-06-28,41.3073,36.0817,38.6945
2012-06-29,41.4567,36.2333,38.845
2012-07-02,41.6163,36.4827,39.0495
2012-07-03,42.0266,36.5144,39.2705
2012-07-05,42.4899,36.4381,39.464
2012-07-06,42.6541,36.5889,39.6215
2012-07-09,42.7547,36.7463,39.7505
2012-07-10,42.6714,37.1706,39.921
2012-07-11,42.5957,37.4313,40.0135
2012-07-12,42.4846,37.7274,40.106
2012-07-13,42.3606,38.1694,40.265
2012-07-16,42.42,38.337,40.3785
2012-07-17,42.6066,38.2944,40.4505
2012-07-18,42.7405,38.2365,40.4885
2012-07-19,42.8238,38.2072,40.5155
2012-07-20,42.9114,38.3536,40.6325
2012-07-23,42.9391,38.4669,40.703
2012-07-24,42.889,38.648,40.7685
2012-07-25,42.8639,38.7621,40.813
2012-07-26,42.7666,39.0594,40.913
2012-07-27,43.3581,39.0569,41.2075
2012-07-30,43.98,38.866,41.423
2012-07-31,44.4824,38.7316,41.607
2012-08-01,44.8149,38.6281,41.7215
2012-08-02,45.1282,38.5248,41.8265
2012-08-03,45.6628,38.4122,42.0375
2012-08-06,46.2515,38.3385,42.295
2012-08-07,46.9078,38.3062,42.607
2012-08-08,47.5061,38.4609,42.9835
2012-08-09,47.9968,38.7432,43.37
2012-08-10,48.4595,38.9305,43.695
2012-08-13,48.8783,39.1267,44.0025
2012-08-14,49.2968,39.2662,44.2815
2012-08-15,49.7007,39.4153,44.558
2012-08-16,50.1592,39.6128,44.886
2012-08-17,50.6397,39.8963,45.268
2012-08-20,51.0668,40.3522,45.7095
2012-08-21,51.1035,41.1785,46.141
2012-08-22,50.8622,42.2358,46.549
2012-08-23,50.3596,43.4214,46.8905
2012-08-24,50.3751,43.7449,47.06
2012-08-27,50.3013,44.0737,47.1875
2012-08-28,50.2009,44.4691,47.335
2012-08-29,49.9764,44.9996,47.488
2012-08-30,49.7974,45.6046,47.701
2012-08-31,49.7312,46.0178,47.8745
2012-09-04,49.616,46.238,47.927
2012-09-05,49.595,46.285,47.94
2012-09-06,49.6368,46.3682,48.0025
2012-09-07,49.8302,46.3858,48.108
2012-09-10,49.9671,46.4539,48.2105
2012-09-11,50.0964,46.5286,48.3125
2012-09-12,50.2486,46.5824,48.4155
2012-09-13,50.9812,46.2648,48.623
2012-09-14,52.0178,45.7182,48.868
2012-09-17,52.4336,45.5764,49.005
2012-09-18,52.7544,45.4636,49.109
2012-09-19,53.2141,45.3479,49.281
2012-09-20,53.639,45.317,49.478
2012-09-21,53.9715,45.4485,49.71
2012-09-24,54.2088,45.6252,49.917
2012-09-25,54.2099,45.9911,50.1005
2012-09-26,54.2167,46.3323,50.2745
2012-09-27,54.2542,46.7538,50.504
2012-09-28,54.3372,46.9698,50.6535
2012-10-01,54.4653,47.1777,50.8215
2012-10-02,54.4174,47.8156,51.1165
2012-10-03,54.1178,48.6522,51.385
2012-10-04,53.951,49.173,51.562
2012-10-05,53.9523,49.4937,51.723
2012-10-08,53.8295,49.9215,51.8755
2012-10-09,53.5929,50.3401,51.9665
2012-10-10,53.3787,50.6633,52.021
2012-10-11,53.3811,50.6039,51.9925
2012-10-12,53.1728,50.5562,51.8645
2012-10-15,53.1576,50.5154,51.8365
2012-10-16,53.6775,50.2375,51.9575
2012-10-17,54.4977,49.7413,52.1195
2012-10-18,54.9909,49.5191,52.255
2012-10-19,55.2349,49.4711,52.353
2012-10-22,55.7043,49.3447,52.5245
2012-10-23,55.7211,49.5509,52.636
2012-10-24,55.8059,49.7531,52.7795
2012-10-25,55.864,49.847,52.8555
2012-10-26,55.9402,49.9798,52.96
2012-10-31,55.9841,50.0549,53.0195
2012-11-01,56.2193,50.0337,53.1265
2012-11-02,56.2345,50.0905,53.1625
2012-11-05,56.2594,50.2066,53.233
2012-11-06,56.3156,50.2644,53.29
2012-11-07,56.3165,50.3035,53.31
2012-11-08,56.2685,50.4215,53.345
2012-11-09,56.2494,50.4556,53.3525
2012-11-12,56.3252,50.3098,53.3175
2012-11-13,56.4325,50.1225,53.2775
2012-11-14,56.7059,49.6281,53.167
2012-11-15,57.5644,47.8746,52.7195
2012-11-16,57.5395,47.0125,52.276
2012-11-19,57.3083,46.5207,51.9145
2012-11-20,57.168,45.983,51.5755
2012-11-21,56.7019,45.7011,51.2015
2012-11-23,56.524,45.4381,50.981
2012-11-26,56.2157,45.1634,50.6895
2012-11-27,55.9376,44.8564,50.397
2012-11-28,55.5176,44.7084,50.113
2012-11-29,55.0981,44.6629,49.8805
2012-11-30,54.2621,44.967,49.6145
2012-12-03,53.7826,45.0284,49.4055
2012-12-04,53.2034,45.2426,49.223
2012-12-05,52.7243,45.5247,49.1245
2012-12-06,52.5183,45.6427,49.0805
2012-12-07,53.0018,45.3483,49.175
2012-12-10,53.7506,44.9514,49.351
2012-12-11,54.35,44.692,49.521
2012-12-12,54.9299,44.5082,49.719
2012-12-13,55.3006,44.5144,49.9075
2012-12-14,55.5565,45.0965,50.3265
2012-12-17,56.0361,45.4049,50.7205
2012-12-18,56.5238,45.6072,51.0655
2012-12-19,56.876,45.985,51.4305
2012-12-20,57.2975,46.3205,51.809
2012-12-21,57.6016,46.6684,52.135
2012-12-24,57.8779,47.1781,52.528
2012-12-26,58.0745,47.8755,52.975
2012-12-27,58.1694,48.6126,53.391
2012-12-28,58.0823,49.3767,53.7295
2012-12-31,58.2766,49.9184,54.0975
2013-01-02,58.6254,50.5986,54.612
2013-01-03,58.5573,51.4547,55.006
2013-01-04,58.8705,51.7975,55.334
2013-01-07,59.2345,52.1575,55.696
2013-01-08,59.8303,52.1547,55.9925
2013-01-09,60.3199,52.1881,56.254
2013-01-10,60.9323,52.2317,56.582
2013-01-11,61.4964,52.3566,56.9265
2013-01-14,61.8922,52.7828,57.3375
2013-01-15,62.2826,53.1474,57.715
2013-01-16,62.5141,53.4929,58.0035
2013-01-17,62.9804,53.7496,58.365
2013-01-18,63.4212,54.0828,58.752
2013-01-22,63.6183,54.4767,59.0475
2013-01-23,63.781,55.011,59.396
2013-01-24,63.9994,55.4586,59.729
2013-01-25,64.2338,55.8502,60.042
2013-01-28,64.1517,56.4173,60.2845
2013-01-29,64.073,57.271,60.672
2013-01-30,64.0912,57.8458,60.9685
2013-01-31,64.3631,57.9989,61.181
2013-02-01,64.1036,58.6314,61.3675
2013-02-04,63.8848,59.1182,61.5015
2013-02-05,63.7361,59.4779,61.607
2013-02-06,63.6423,59.7037,61.673
2013-02-07,63.4956,60.0324,61.764
2013-02-08,63.4924,60.1856,61.839
2013-02-11,63.5226,60.1184,61.8205
2013-02-12,63.5633,60.0087,61.786
2013-02-13,63.6124,60.0556,61.834
2013-02-14,63.5698,60.1632,61.8665
2013-02-15,63.5932,59.9668,61.78
2013-02-19,63.5007,59.9183,61.7095
2013-02-20,63.5471,59.7509,61.649
2013-02-21,63.9798,58.8752,61.4275
2013-02-22,63.9249,58.6101,61.2675
2013-02-25,64.1359,57.8221,60.979
2013-02-26,64.3901,57.1279,60.759
2013-02-27,64.1098,56.9022,60.506
2013-02-28,63.7847,56.7873,60.286
2013-03-01,63.2946,56.9044,60.0995
2013-03-04,63.1995,56.9065,60.053
2013-03-05,63.1654,56.9086,60.037
2013-03-06,63.3731,56.8279,60.1005
2013-03-07,63.5212,56.7868,60.154
2013-03-08,63.9161,56.6099,60.263
2013-03-11,64.2222,56.4658,60.344
2013-03-12,64.728,56.314,60.521
2013-03-13,65.0384,56.2826,60.6605
2013-03-14,65.4685,56.0995,60.784
2013-03-15,65.8164,56.0356,60.926
2013-03-18,66.1277,56.0593,61.0935
2013-03-19,66.4276,56.0424,61.235
2013-03-20,66.9711,56.0149,61.493
2013-03-21,67.154,56.505,61.8295
2013-03-22,67.4034,56.7736,62.0885
2013-03-25,67.1968,57.6172,62.407
2013-03-26,66.8025,58.6725,62.7375
2013-03-27,66.4916,59.5004,62.996
2013-03-28,66.091,60.368,63.2295
2013-04-01,65.7979,60.8671,63.3325
2013-04-02,65.918,60.687,63.3025
2013-04-03,66.3337,60.0593,63.1965
2013-04-04,66.6854,59.3336,63.0095
2013-04-05,66.9147,58.7893,62.852
2013-04-08,67.0219,58.2021,62.612
2013-04-09,66.9329,57.9401,62.4365
2013-04-10,66.7569,57.7851,62.271
2013-04-11,66.6509,57.6991,62.175
2013-04-12,66.3681,57.4509,61.9095
2013-04-15,66.6289,56.3401,61.4845
2013-04-16,66.5,55.827,61.1635
2013-04-17,66.368,55.168,60.768
2013-04-18,65.8575,54.7175,60.2875
2013-04-19,65.2868,54.6332,59.96
2013-04-22,64.5922,54.7418,59.667
2013-04-23,64.0931,54.8399,59.4665
2013-04-24,63.5864,55.0346,59.3105
2013-04-25,63.1181,55.2579,59.188
2013-04-26,62.518,55.543,59.0305
2013-04-29,62.4603,55.5717,59.016
2013-04-30,62.5643,55.5537,59.059
2013-05-01,62.5676,55.4394,59.0035
2013-05-02,62.5725,55.4465,59.0095
2013-05-03,62.7698,55.4462,59.108
2013-05-06,63.2692,55.3318,59.3005
2013-05-07,63.7727,55.1343,59.4535
2013-05-08,64.0913,55.0227,59.557
2013-05-09,64.1032,55.0198,59.5615
2013-05-10,64.289,55.043,59.666
2013-05-13,64.3465,55.6645,60.0055
2013-05-14,64.9725,55.7695,60.371
2013-05-15,65.328,56.272,60.8
2013-05-16,65.7984,56.8316,61.315
2013-05-17,66.6901,56.8859,61.788
2013-05-20,67.3695,57.0375,62.2035
2013-05-21,67.7523,57.3057,62.529
2013-05-22,67.9988,57.5332,62.766
2013-05-23,68.3348,57.6882,63.0115
2013-05-24,68.5673,58.0137,63.2905
2013-05-28,69.0421,58.1109,63.5765
2013-05-29,69.2747,58.4363,63.8555
2013-05-30,69.0358,59.6002,64.318
2013-05-31,68.8133,60.5977,64.7055
2013-06-03,68.8972,61.1498,65.0235
2013-06-04,69.1527,61.3973,65.275
2013-06-05,69.1654,61.6246,65.395
2013-06-06,69.1766,61.9694,65.573
2013-06-07,68.8417,62.6443,65.743
2013-06-10,68.3807,63.4503,65.9155
2013-06-11,68.0156,64.0044,66.01
2013-06-12,68.0718,63.8962,65.984
2013-06-13,68.0934,64.0656,66.0795
2013-06-14,68.2421,64.0479,66.145
2013-06-17,68.4021,63.9699,66.186
2013-06-18,68.7562,63.8018,66.279
2013-06-19,69.0835,63.7505,66.417
2013-06-20,69.117,63.91,66.5135
2013-06-21,69.1455,63.9735,66.5595
2013-06-24,69.1726,63.8774,66.525
2013-06-25,69.1195,63.8585,66.489
2013-06-26,69.1611,63.8869,66.524
2013-06-27,69.2289,63.8901,66.5595
2013-06-28,69.2121,63.8679,66.54
2013-07-01,69.1389,63.8381,66.4885
2013-07-02,69.0059,63.7441,66.375
2013-07-03,69.0278,63.8042,66.416
2013-07-05,69.1492,63.8108,66.48
2013-07-08,69.3257,63.9773,66.6515
2013-07-09,69.5928,64.1072,66.85
2013-07-10,69.8777,64.3843,67.131
2013-07-11,69.9389,64.8501,67.3945
2013-07-12,70.3193,64.8107,67.565
2013-07-15,70.8486,64.6284,67.7385
2013-07-16,70.9711,64.6179,67.7945
2013-07-17,70.8944,64.6076,67.751
2013-07-18,70.817,64.578,67.6975
2013-07-19,70.885,64.651,67.768
2013-07-22,70.9478,64.7592,67.8535
2013-07-23,70.8074,65.1866,67.997
2013-07-24,70.7806,65.3094,68.045
2013-07-25,70.7902,65.4068,68.0985
2013-07-26,70.79,65.397,68.0935
2013-07-29,70.7365,65.5965,68.1665
2013-07-30,70.7351,65.8619,68.2985
2013-07-31,70.5113,66.4157,68.4635
2013-08-01,70.3941,66.6819,68.538
2013-08-02,70.4224,66.7806,68.6015
2013-08-05,70.5133,66.8067,68.66
2013-08-06,70.4885,66.7925,68.6405
2013-08-07,70.3364,66.7626,68.5495
2013-08-08,70.2547,66.7643,68.5095
2013-08-09,70.0544,66.8346,68.4445
2013-08-12,69.4695,67.1605,68.315
2013-08-13,69.6866,67.0254,68.356
2013-08-14,69.8553,67.0207,68.438
2013-08-15,69.8355,67.1205,68.478
2013-08-16,69.8687,67.1333,68.501
2013-08-19,69.8716,67.1364,68.504
2013-08-20,69.8664,67.1756,68.521
2013-08-21,69.8357,67.2393,68.5375
2013-08-22,69.9524,67.2676,68.61
2013-08-23,70.1213,67.3707,68.746
2013-08-26,70.2805,67.4515,68.866
2013-08-27,70.2741,67.4449,68.8595
2013-08-28,70.336,67.46,68.898
2013-08-29,70.5111,67.5159,69.0135
2013-08-30,70.6501,67.4969,69.0735
2013-09-03,70.8071,67.4399,69.1235
2013-09-04,70.8379,67.4971,69.1675
2013-09-05,70.9381,67.6319,69.285
2013-09-06,71.0509,67.6921,69.3715
2013-09-09,71.2237,67.7233,69.4735
2013-09-10,71.3719,67.8351,69.6035
2013-09-11,71.4612,67.8108,69.636
2013-09-12,71.5072,67.8258,69.6665
2013-09-13,71.6219,67.9771,69.7995
2013-09-16,71.8205,68.0305,69.9255
2013-09-17,72.2643,68.0027,70.1335
2013-09-18,72.768,68.012,70.39
2013-09-19,73.1836,68.2004,70.692
2013-09-20,73.4939,68.2431,70.8685
2013-09-23,73.7029,68.2851,70.994
2013-09-24,73.8548,68.3632,71.109
2013-09-25,73.9516,68.6794,71.3155
2013-09-26,74.2846,68.7994,71.542
2013-09-27,74.4896,68.9034,71.6965
2013-09-30,74.6251,69.0759,71.8505
2013-10-01,74.8971,69.1679,72.0325
2013-10-02,74.9962,69.5268,72.2615
2013-10-03,75.1264,69.7606,72.4435
2013-10-04,75.4855,69.9085,72.697
2013-10-07,75.6406,70.1374,72.889
2013-10-08,75.5995,70.4055,73.0025
2013-10-09,75.4871,70.7179,73.1025
2013-10-10,75.4782,71.2168,73.3475
2013-10-11,75.7328,71.4592,73.596
2013-10-14,75.8856,71.7384,73.812
2013-10-15,76.0257,71.8493,73.9375
2013-10-16,76.4416,71.7464,74.094
2013-10-17,77.0698,71.4962,74.283
2013-10-18,77.6647,71.3893,74.527
2013-10-21,78.2392,71.3878,74.8135
2013-10-22,78.7778,71.4832,75.1305
2013-10-23,79.226,71.61,75.418
2013-10-24,79.5349,71.7051,75.62
2013-10-25,79.6307,71.9803,75.8055
2013-10-28,79.5625,72.2765,75.9195
2013-10-29,79.5446,72.4394,75.992
2013-10-30,79.5103,72.5997,76.055
2013-10-31,79.4768,72.6952,76.086
2013-11-01,79.5214,72.5046,76.013
2013-11-04,79.5245,72.4925,76.0085
2013-11-05,79.4298,72.7002,76.065
2013-11-06,79.2198,73.1542,76.187
2013-11-07,79.2284,73.1176,76.173
2013-11-08,79.2175,73.0705,76.144
2013-11-11,79.2158,73.0632,76.1395
2013-11-12,79.2148,73.0782,76.1465
2013-11-13,79.2162,73.0788,76.1475
2013-11-14,79.3285,73.0355,76.182
2013-11-15,79.446,72.984,76.215
2013-11-18,79.4664,72.9746,76.2205
2013-11-19,79.2702,73.0598,76.165
2013-11-20,79.0626,73.1514,76.107
2013-11-21,79.0125,73.1725,76.0925
2013-11-22,79.4145,72.9895,76.202
2013-11-25,79.4537,73.0543,76.254
2013-11-26,79.4769,73.1091,76.293
2013-11-27,79.5893,73.2127,76.401
2013-11-29,79.6238,73.4362,76.53
2013-12-02,79.6267,73.8253,76.726
2013-12-03,79.5734,74.1416,76.8575
2013-12-04,79.4271,74.5139,76.9705
2013-12-05,79.429,74.51,76.9695
2013-12-06,79.3196,74.7934,77.0565
2013-12-09,79.2622,74.9918,77.127
2013-12-10,79.215,75.164,77.1895
2013-12-11,79.1875,75.2135,77.2005
2013-12-12,79.1879,75.2111,77.1995
2013-12-13,79.0683,75.1237,77.096
2013-12-16,78.8702,75.1648,77.0175
2013-12-17,78.7301,75.2209,76.9755
2013-12-18,78.8617,75.1683,77.015
2013-12-19,78.9184,75.1566,77.0375
2013-12-20,79.058,75.101,77.0795
2013-12-23,78.7862,75.2518,77.019
2013-12-24,79.1338,75.1662,77.15
2013-12-26,79.4595,75.1395,77.2995
2013-12-27,79.7494,75.0466,77.398
2013-12-30,80.0236,74.9994,77.5115
2013-12-31,80.4189,74.8471,77.633
2014-01-02,80.5346,74.8974,77.716
2014-01-03,80.6214,75.0256,77.8235
2014-01-06,80.4792,75.4498,77.9645
2014-01-07,80.545,75.623,78.084
2014-01-08,80.7171,75.7439,78.2305
2014-01-09,80.9984,75.8236,78.411
2014-01-10,81.013,76.289,78.651
2014-01-13,81.0117,76.6223,78.817
2014-01-14,81.3144,76.8816,79.098
2014-01-15,81.9091,76.8619,79.3855
2014-01-16,82.2887,76.9413,79.615
2014-01-17,82.4874,77.0386,79.763
2014-01-21,82.5515,77.2735,79.9125
2014-01-22,82.565,77.422,79.9935
2014-01-23,82.5999,77.3551,79.9775
2014-01-24,82.9667,76.6633,79.815
2014-01-27,83.2519,76.0191,79.6355
2014-01-28,83.3365,75.6605,79.4985
2014-01-29,83.3918,75.3262,79.359
2014-01-30,83.2955,75.2005,79.248
2014-01-31,83.2949,75.1991,79.247
2014-02-03,83.3115,75.0325,79.172
2014-02-04,83.3111,75.0399,79.1755
2014-02-05,83.3,74.918,79.109
2014-02-06,83.2598,74.8972,79.0785
2014-02-07,83.3035,74.8885,79.096
2014-02-10,83.3785,74.8745,79.1265
2014-02-11,83.6073,74.8317,79.2195
2014-02-12,83.7563,74.7637,79.26
2014-02-13,83.8905,74.6915,79.291
2014-02-14,84.3788,74.4282,79.4035
2014-02-18,85.1521,74.0479,79.6
2014-02-19,85.6598,73.8732,79.7665
2014-02-20,86.4999,73.5911,80.0455
2014-02-21,87.2425,73.6375,80.44
2014-02-24,87.8196,74.0654,80.9425
2014-02-25,88.2901,74.6509,81.4705
2014-02-26,88.9254,75.0886,82.007
2014-02-27,89.4787,75.6563,82.5675
2014-02-28,90.0524,76.0846,83.0685
2014-03-03,90.6218,76.4862,83.554
2014-03-04,91.0953,77.2597,84.1775
2014-03-05,91.5542,78.0068,84.7805
2014-03-06,91.9087,78.9973,85.453
2014-03-07,92.2227,79.8613,86.042
2014-03-10,92.6104,80.4936,86.552
2014-03-11,92.7334,81.3186,87.026
2014-03-12,92.7513,82.1487,87.45
2014-03-13,92.6209,82.9201,87.7705
2014-03-14,92.4763,83.6197,88.048
2014-03-17,92.5943,84.1147,88.3545
2014-03-18,92.7411,84.5049,88.623
2014-03-19,92.5168,85.2712,88.894
2014-03-20,92.4911,85.7429,89.117
2014-03-21,92.3295,86.3435,89.3365
2014-03-24,92.0802,86.9528,89.5165
2014-03-25,91.8614,87.5986,89.73
2014-03-26,91.7023,88.0037,89.853
2014-03-27,91.7957,87.8593,89.8275
2014-03-28,91.7611,87.9239,89.8425
2014-03-31,91.7275,88.0045,89.866
2014-04-01,91.7415,87.8995,89.8205
2014-04-02,91.7563,87.9017,89.829
2014-04-03,91.6665,87.9315,89.799
2014-04-04,91.5299,87.8811,89.7055
2014-04-07,91.55,87.47,89.51
2014-04-08,91.5968,87.0832,89.34
2014-04-09,91.5086,87.0094,89.259
2014-04-10,91.57,86.783,89.1765
2014-04-11,91.6428,86.5292,89.086
2014-04-14,91.4522,86.4748,88.9635
2014-04-15,91.2822,86.5298,88.906
2014-04-16,91.6005,86.3875,88.994
2014-04-17,91.9815,86.1915,89.0865
2014-04-21,92.3808,86.0122,89.1965
2014-04-22,93.0275,85.7355,89.3815
2014-04-23,93.3001,85.6359,89.468
2014-04-24,93.4767,85.6193,89.548
2014-04-25,93.5786,85.8864,89.7325
2014-04-28,93.6681,86.0329,89.8505
2014-04-29,93.7753,86.1287,89.952
2014-04-30,94.0752,86.2018,90.1385
2014-05-01,94.3066,86.1854,90.246
2014-05-02,94.5107,86.1753,90.343
2014-05-05,94.9347,86.2143,90.5745
2014-05-06,95.2291,86.6129,90.921
2014-05-07,95.772,86.943,91.3575
2014-05-08,96.0648,87.2412,91.653
2014-05-09,96.3044,87.8086,92.0565
2014-05-12,96.4996,88.5304,92.515
2014-05-13,96.6309,89.1831,92.907
2014-05-14,96.9734,89.5426,93.258
2014-05-15,97.1619,89.7321,93.447
2014-05-16,97.4866,89.8104,93.6485
2014-05-19,97.8905,89.8625,93.8765
2014-05-20,98.288,89.838,94.063
2014-05-21,98.8552,89.8568,94.356
2014-05-22,99.1879,90.1461,94.667
2014-05-23,99.5931,90.5139,95.0535
2014-05-27,99.7555,91.1245,95.44
2014-05-28,99.9036,91.7784,95.841
2014-05-29,100.4433,92.0237,96.2335
2014-05-30,100.6565,92.5255,96.591
2014-06-02,100.8556,93.1064,96.981
2014-06-03,101.0489,93.5361,97.2925
2014-06-04,101.2364,93.9566,97.5965
2014-06-05,101.3504,94.1696,97.76
2014-06-06,101.2739,94.7011,97.9875
2014-06-09,101.2539,95.0681,98.161
2014-06-10,101.4046,95.2844,98.3445
2014-06-11,101.3857,95.6243,98.505
2014-06-12,101.3948,95.8842,98.6395
2014-06-13,101.0976,96.5534,98.8255
2014-06-16,100.8714,97.0526,98.962
2014-06-17,100.6976,97.4244,99.061
2014-06-18,100.498,97.821,99.1595
2014-06-19,100.4618,97.9212,99.1915
2014-06-20,100.4509,98.1771,99.314
2014-06-23,100.6732,98.1488,99.411
2014-06-24,100.7109,98.2741,99.4925
2014-06-25,100.7364,98.2076,99.472
2014-06-26,100.6441,98.1149,99.3795
2014-06-27,100.9114,97.5776,99.2445
2014-06-30,100.8604,97.3736,99.117
2014-07-01,100.7726,97.3244,99.0485
2014-07-02,100.634,97.325,98.9795
2014-07-03,100.6927,97.3293,99.011
2014-07-07,100.685,97.271,98.978
2014-07-08,100.7145,97.1175,98.916
2014-07-09,100.5944,97.1246,98.8595
2014-07-10,100.5586,97.0894,98.824
2014-07-11,100.5492,97.0888,98.819
2014-07-14,100.5512,97.0898,98.8205
2014-07-15,100.5377,97.0633,98.8005
2014-07-16,100.594,97.074,98.834
2014-07-17,100.6474,97.0766,98.862
2014-07-18,100.9927,96.9543,98.9735
2014-07-21,101.2175,96.8365,99.027
2014-07-22,101.5795,96.6175,99.0985
2014-07-23,102.084,96.353,99.2185
2014-07-24,102.5778,96.2432,99.4105
2014-07-25,104.5625,95.1575,99.86
2014-07-28,106.6521,94.3459,100.499
2014-07-29,107.9045,94.1575,101.031
2014-07-30,108.9486,94.0794,101.514
2014-07-31,109.483,94.295,101.889
2014-08-01,110.0147,94.4513,102.233
2014-08-04,110.79,94.706,102.748
2014-08-05,111.16,95.304,103.232
2014-08-06,111.7752,95.7058,103.7405
2014-08-07,112.0651,96.3599,104.2125
2014-08-08,112.3649,96.9811,104.673
2014-08-11,112.5162,97.7588,105.1375
2014-08-12,112.5349,98.7821,105.6585
2014-08-13,112.6599,99.6971,106.1785
2014-08-14,112.5842,100.7988,106.6915
2014-08-15,112.6884,101.6516,107.17
2014-08-18,112.7235,102.6105,107.667
2014-08-19,112.9213,103.4177,108.1695
2014-08-20,112.9445,104.3615,108.653
2014-08-21,112.6585,105.6355,109.147
2014-08-22,113.0342,105.7248,109.3795
2014-08-25,113.5173,105.5717,109.5445
2014-08-26,113.9013,105.6187,109.76
2014-08-27,114.4249,105.6371,110.031
2014-08-28,114.6707,106.1143,110.3925
2014-08-29,115.0103,106.5547,110.7825
2014-09-02,115.4155,106.7045,111.06
2014-09-03,115.619,107.188,111.4035
2014-09-04,115.8361,107.4559,111.646
2014-09-05,115.9897,107.9683,111.979
2014-09-08,115.9995,108.5215,112.2605
2014-09-09,115.7697,109.2263,112.498
2014-09-10,115.5675,109.8845,112.726
2014-09-11,115.4162,110.3738,112.895
2014-09-12,115.1546,110.8244,112.9895
2014-09-15,114.998,111.107,113.0525
2014-09-16,114.9467,111.1983,113.0725
2014-09-17,114.9914,111.0916,113.0415
2014-09-18,115.0507,111.1903,113.1205
2014-09-19,115.1334,111.2776,113.2055
2014-09-22,115.1154,111.3426,113.229
2014-09-23,115.3724,110.8216,113.097
2014-09-24,115.3854,110.7436,113.0645
2014-09-25,115.535,110.24,112.8875
2014-09-26,115.5151,110.2369,112.876
2014-09-29,115.3839,110.2631,112.8235
2014-09-30,115.6037,109.4903,112.547
2014-10-01,116.4805,107.6905,112.0855
2014-10-02,117.3774,105.7096,111.5435
2014-10-03,117.9585,103.8415,110.9
2014-10-06,118.2109,102.3781,110.2945
2014-10-07,118.7386,100.4804,109.6095
2014-10-08,118.5048,99.6272,109.066
2014-10-09,118.5221,98.2049,108.3635
2014-10-10,119.0957,95.9673,107.5315
2014-10-13,120.8044,91.7316,106.268
2014-10-14,121.8721,88.0469,104.9595
2014-10-15,122.2004,85.1536,103.677
2014-10-16,121.3776,83.5344,102.456
2014-10-17,120.1672,82.3078,101.2375
2014-10-20,118.7881,81.6279,100.208
2014-10-21,117.5506,81.3534,99.452
2014-10-22,115.8502,81.2068,98.5285
2014-10-23,114.31,81.174,97.742
2014-10-24,111.7913,81.6067,96.699
2014-10-27,108.9554,81.8316,95.3935
2014-10-28,106.773,82.071,94.422
2014-10-29,105.3966,81.4724,93.4345
2014-10-30,104.0016,81.4264,92.714
2014-10-31,102.7169,81.7021,92.2095
2014-11-03,101.1596,81.9924,91.576
2014-11-04,100.2342,81.3918,90.813
2014-11-05,97.9623,81.9307,89.9465
2014-11-06,96.2453,82.3597,89.3025
2014-11-07,95.3828,82.4642,88.9235
2014-11-10,95.3809,82.6101,88.9955
2014-11-11,95.3268,82.9792,89.153
2014-11-12,95.2885,83.2835,89.286
2014-11-13,95.2475,83.1855,89.2165
2014-11-14,95.1913,83.1117,89.1515
2014-11-17,94.8573,83.0137,88.9355
2014-11-18,93.8115,83.4445,88.628
2014-11-19,93.1219,83.7211,88.4215
2014-11-20,92.1956,84.2564,88.226
2014-11-21,91.9141,84.4189,88.1665
2014-11-24,92.1933,84.4767,88.335
2014-11-25,92.3781,84.4339,88.406
2014-11-26,92.3432,84.8978,88.6205
2014-11-28,93.7878,82.4802,88.134
2014-12-01,94.6711,80.1149,87.393
2014-12-02,95.2862,78.2808,86.7835
2014-12-03,95.6561,77.3759,86.516
2014-12-04,95.7356,76.8854,86.3105
2014-12-05,95.7636,76.3044,86.034
2014-12-08,95.8996,75.1924,85.546
2014-12-09,95.7791,74.3789,85.079
2014-12-10,95.8737,72.8923,84.383
2014-12-11,95.6864,71.7506,83.7185
2014-12-12,95.9298,69.7742,82.852
2014-12-15,95.8106,68.1274,81.969
2014-12-16,95.4487,66.8743,81.1615
2014-12-17,94.4927,66.4863,80.4895
2014-12-18,93.3892,66.5808,79.985
2014-12-19,92.1337,66.9943,79.564
2014-12-22,90.4778,67.6412,79.0595
2014-12-23,88.8982,68.3848,78.6415
2014-12-24,86.9443,69.4047,78.1745
2014-12-26,84.9518,70.5412,77.7465
2014-12-29,85.1485,70.5315,77.84
2014-12-30,85.4174,70.6416,78.0295
2014-12-31,85.5432,70.7518,78.1475
2015-01-02,85.6549,70.7751,78.215
2015-01-05,85.3307,70.5893,77.96
2015-01-06,85.0482,70.2378,77.643
2015-01-07,84.9991,70.0379,77.5185
2015-01-08,84.9636,70.0264,77.495
2015-01-09,85.0872,70.3388,77.713
2015-01-12,85.0832,70.4278,77.7555
2015-01-13,84.6585,71.3215,77.99
2015-01-14,84.1955,72.1535,78.1745
2015-01-15,83.7479,72.9731,78.3605
2015-01-16,83.8411,73.3039,78.5725
2015-01-20,83.7721,73.2409,78.5065
2015-01-21,83.6652,73.2858,78.4755
2015-01-22,83.7122,73.2688,78.4905
2015-01-23,83.4763,73.3647,78.4205
2015-01-26,83.2169,73.4201,78.3185
2015-01-27,82.9515,73.4545,78.203
2015-01-28,82.6475,73.3315,77.9895
2015-01-29,82.3495,73.3465,77.848
2015-01-30,82.3158,73.3502,77.833
2015-02-02,82.6761,73.1829,77.9295
2015-02-03,84.5331,72.4119,78.4725
2015-02-04,85.4784,72.5586,79.0185
2015-02-05,86.8642,72.4168,79.6405
2015-02-06,87.903,72.238,80.0705
2015-02-09,89.1356,71.9414,80.5385
2015-02-10,90.1067,72.1763,81.1415
2015-02-11,90.648,72.823,81.7355
2015-02-12,91.4056,73.6094,82.5075
2015-02-13,92.06,74.427,83.2435
2015-02-17,92.8788,74.6182,83.7485
2015-02-18,93.3744,75.2776,84.326
2015-02-19,94.2384,75.3996,84.819
2015-02-20,94.862,75.682,85.272
2015-02-23,95.5406,76.0784,85.8095
2015-02-24,95.9389,76.8851,86.412
2015-02-25,95.88,78.036,86.958
2015-02-26,94.9899,79.9551,87.4725
2015-02-27,94.0039,81.7551,87.8795
2015-03-02,92.9416,83.5184,88.23
2015-03-03,92.3069,84.6021,88.4545
2015-03-04,92.2992,84.6438,88.4715
2015-03-05,92.1641,85.0419,88.603
2015-03-06,92.1667,85.0143,88.5905
2015-03-09,92.1441,85.1149,88.6295
2015-03-10,92.4052,84.4578,88.4315
2015-03-11,92.5062,84.0468,88.2765
2015-03-12,92.5377,83.8993,88.2185
2015-03-13,92.587,83.242,87.9145
2015-03-16,92.3846,82.9724,87.6785
2015-03-17,92.3772,82.2518,87.3145
2015-03-18,92.1468,82.2142,87.1805
2015-03-19,91.5508,82.1882,86.8695
2015-03-20,91.0312,82.2138,86.6225
2015-03-23,90.1488,82.5792,86.364
2015-03-24,89.1257,83.0743,86.1
2015-03-25,88.4676,83.3134,85.8905
2015-03-26,88.6399,83.2521,85.946
2015-03-27,88.6855,83.2715,85.9785
2015-03-30,88.8796,83.2444,86.062
2015-03-31,89.0411,83.2139,86.1275
2015-04-01,89.2751,83.1189,86.197
2015-04-02,89.2751,83.1189,86.197
2015-04-06,90.0593,82.6897,86.3745
2015-04-07,90.9507,82.2213,86.586
2015-04-08,91.6176,82.2424,86.93
2015-04-09,92.1,82.323,87.2115
2015-04-10,92.6625,82.2995,87.481
2015-04-13,92.9582,82.7418,87.85
2015-04-14,93.7341,82.7689,88.2515
2015-04-15,94.9076,82.9814,88.9445
2015-04-16,95.9966,82.8024,89.3995
2015-04-17,96.7406,83.1214,89.931
2015-04-20,97.5123,83.4317,90.472
2015-04-21,98.2311,83.7299,90.9805
2015-04-22,98.881,84.187,91.534
2015-04-23,99.3715,84.9135,92.1425
2015-04-24,100.6652,84.9168,92.791
2015-04-27,102.2664,85.0126,93.6395
2015-04-28,103.7803,85.1357,94.458
2015-04-29,105.0494,85.5316,95.2905
2015-04-30,105.9189,86.1511,96.035
2015-05-01,106.6751,87.0469,96.861
2015-05-04,107.3804,87.6336,97.507
2015-05-05,107.8501,88.2779,98.064
2015-05-06,108.1755,89.1525,98.664
2015-05-07,108.0846,90.3484,99.2165
2015-05-08,108.1543,91.5207,99.8375
2015-05-11,107.8663,93.0407,100.4535
2015-05-12,107.6783,94.2217,100.95
2015-05-13,107.9095,94.7785,101.344
2015-05-14,107.9358,95.5822,101.759
2015-05-15,107.8385,96.5885,102.2135
2015-05-18,107.6232,97.6088,102.616
2015-05-19,107.0783,98.6217,102.85
2015-05-20,106.4442,99.7258,103.085
2015-05-21,105.5869,101.1681,103.3775
2015-05-22,105.3747,101.5873,103.481
2015-05-26,105.6022,101.0688,103.3355
2015-05-27,105.5885,100.8025,103.1955
2015-05-28,105.4801,100.6119,103.046
2015-05-29,105.4899,100.3601,102.925
2015-06-01,105.3083,100.2347,102.7715
2015-06-02,105.1862,100.2018,102.694
2015-06-03,105.1738,100.1952,102.6845
2015-06-04,105.3312,99.6598,102.4955
2015-06-05,105.4694,99.3106,102.39
2015-06-08,105.424,98.921,102.1725
2015-06-09,105.296,98.89,102.093
2015-06-10,105.4159,98.8531,102.1345
2015-06-11,105.401,98.86,102.1305
2015-06-12,105.4136,98.8544,102.134
2015-06-15,105.2516,98.9294,102.0905
2015-06-16,105.3065,98.9015,102.104
2015-06-17,105.4675,98.9815,102.2245
2015-06-18,105.8012,98.9488,102.375
2015-06-19,105.8662,98.9358,102.401
2015-06-22,106.1407,98.8673,102.504
2015-06-23,106.3185,99.0725,102.6955
2015-06-24,106.5476,99.1904,102.869
2015-06-25,106.9812,99.2238,103.1025
2015-06-26,107.0979,99.4601,103.279
2015-06-29,107.0899,99.4871,103.2885
2015-06-30,107.1246,99.5724,103.3485
2015-07-01,107.1628,99.3622,103.2625
2015-07-02,106.952,99.79,103.371
2015-07-06,107.1141,99.5349,103.3245
2015-07-07,107.4598,99.0032,103.2315
2015-07-08,108.4027,97.3843,102.8935
2015-07-09,108.5442,96.5678,102.556
2015-07-10,108.4534,96.0646,102.259
2015-07-13,108.2544,95.7806,102.0175
2015-07-14,108.0685,95.6915,101.88
2015-07-15,107.7483,95.5747,101.6615
2015-07-16,107.546,95.488,101.517
2015-07-17,107.2221,95.0799,101.151
2015-07-20,107.0545,94.4765,100.7655
2015-07-21,106.6189,94.0221,100.3205
2015-07-22,106.188,93.579,99.8835
2015-07-23,105.7425,92.9235,99.333
2015-07-24,105.2848,91.8052,98.545
2015-07-27,104.9443,90.6677,97.806
2015-07-28,104.6229,90.0731,97.348
2015-07-29,103.7103,90.0097,96.86
2015-07-30,103.1771,89.8519,96.5145
2015-07-31,102.4437,89.8033,96.1235
2015-08-03,102.4082,88.9708,95.6895
2015-08-04,102.2741,88.4989,95.3865
2015-08-05,102.2938,88.1362,95.215
2015-08-06,102.1929,87.5241,94.8585
2015-08-07,102.1882,86.3898,94.289
2015-08-10,101.508,86.267,93.8875
2015-08-11,100.3937,86.2053,93.2995
2015-08-12,99.2655,86.2415,92.7535
2015-08-13,97.7221,86.6379,92.18
2015-08-14,97.0564,86.2646,91.6605
2015-08-17,96.4983,85.9317,91.215
2015-08-18,95.9472,85.4948,90.721
2015-08-19,95.4621,84.9019,90.182
2015-08-20,95.3577,84.0173,89.6875
2015-08-21,96.1706,82.1924,89.1815
2015-08-24,97.2488,79.8542,88.5515
2015-08-25,97.5036,78.1254,87.8145
2015-08-26,96.9038,77.4392,87.1715
2015-08-27,95.9421,77.5119,86.727
2015-08-28,94.9359,77.6781,86.307
2015-08-31,94.5329,77.6121,86.0725
2015-09-01,93.8572,77.2868,85.572
2015-09-02,93.0066,77.2494,85.128
2015-09-03,92.3427,77.1643,84.7535
2015-09-04,92.1752,76.6578,84.4165
2015-09-08,91.0763,76.9317,84.004
2015-09-09,90.3288,77.0552,83.692
2015-09-10,89.5387,77.3183,83.4285
2015-09-11,88.649,77.657,83.153
2015-09-14,88.1101,77.7239,82.917
2015-09-15,87.5477,77.9323,82.74
2015-09-16,87.7854,77.8066,82.796
2015-09-17,87.9863,77.7327,82.8595
2015-09-18,88.2053,77.6917,82.9485
2015-09-21,88.6275,77.9205,83.274
2015-09-22,88.2797,79.0363,83.658
2015-09-23,87.6803,80.1837,83.932
2015-09-24,87.5617,80.5973,84.0795
2015-09-25,87.4885,80.5955,84.042
2015-09-28,87.4923,80.1087,83.8005
2015-09-29,87.3938,79.7652,83.5795
2015-09-30,87.3716,79.9684,83.67
2015-10-01,87.6389,80.0231,83.831
2015-10-02,88.3771,79.8589,84.118
2015-10-05,89.3617,79.9043,84.633
2015-10-06,91.2411,79.0709,85.156
2015-10-07,93.2907,78.2683,85.7795
2015-10-08,95.479,77.419,86.449
2015-10-09,96.777,77.289,87.033
2015-10-12,97.343,77.752,87.5475
2015-10-13,97.8148,78.1302,87.9725
2015-10-14,98.5103,78.1197,88.315
2015-10-15,99.0529,78.2971,88.675
2015-10-16,99.6446,78.5524,89.0985
2015-10-19,100.0738,78.7832,89.4285
2015-10-20,100.4144,79.2836,89.849
2015-10-21,100.3772,80.1258,90.2515
2015-10-22,100.6245,80.9445,90.7845
2015-10-23,100.7696,81.7644,91.267
2015-10-26,100.0066,83.7084,91.8575
2015-10-27,98.8247,85.8373,92.331
2015-10-28,97.801,87.74,92.7705
2015-10-29,97.0515,89.0915,93.0715
2015-10-30,96.6624,89.9286,93.2955
2015-11-02,96.5723,90.3257,93.449
2015-11-03,96.7599,90.3061,93.533
2015-11-04,96.7305,90.3185,93.5245
2015-11-05,96.1347,90.6633,93.399
2015-11-06,96.2963,90.5747,93.4355
2015-11-09,96.4,90.652,93.526
2015-11-10,96.4026,90.7684,93.5855
2015-11-11,96.345,90.664,93.5045
2015-11-12,96.5527,90.1213,93.337
2015-11-13,96.4789,89.9571,93.218
2015-11-16,96.5736,89.9684,93.271
2015-11-17,96.621,89.986,93.3035
2015-11-18,96.7565,90.2325,93.4945
2015-11-19,96.6566,90.1934,93.425
2015-11-20,96.5957,90.1673,93.3815
2015-11-23,96.6941,90.2699,93.482
2015-11-24,96.8939,90.6591,93.7765
2015-11-25,97.1272,90.8058,93.9665
2015-11-27,97.1907,91.0583,94.1245
2015-11-30,97.3679,91.1721,94.27
2015-12-01,97.7554,91.1306,94.443
2015-12-02,97.7333,91.1297,94.4315
2015-12-03,97.7076,91.1304,94.419
2015-12-04,97.8716,91.1004,94.486
2015-12-07,97.9107,90.4923,94.2015
2015-12-08,98.5961,89.0949,93.8455
2015-12-09,98.8438,88.3832,93.6135
2015-12-10,99.2223,87.5017,93.362
2015-12-11,99.7764,86.5006,93.1385
2015-12-14,100.2065,85.4645,92.8355
2015-12-15,100.133,84.901,92.517
2015-12-16,100.0027,84.5253,92.264
2015-12-17,99.766,84.024,91.895
2015-12-18,99.6871,83.5439,91.6155
2015-12-21,99.5758,83.0242,91.3
2015-12-22,99.2731,82.5939,90.9335
2015-12-23,98.5797,82.6303,90.605
2015-12-24,97.8621,82.5699,90.216
2015-12-28,97.2247,82.3833,89.804
2015-12-29,96.3437,82.5483,89.446
2015-12-30,94.9484,83.0116,88.98
2015-12-31,93.8979,83.2441,88.571
2016-01-04,92.5778,83.7652,88.1715
2016-01-05,90.0618,85.4122,87.737
2016-01-06,90.029,84.747,87.388
2016-01-07,91.1589,82.8891,87.024
2016-01-08,91.7238,81.4002,86.562
2016-01-11,92.7976,79.2094,86.0035
2016-01-12,93.2416,78.0224,85.632
2016-01-13,94.0153,76.1707,85.093
2016-01-14,94.0856,74.9324,84.509
2016-01-15,94.0104,73.6126,83.8115
2016-01-19,94.01,72.242,83.126
2016-01-20,94.0087,70.7243,82.3665
2016-01-21,93.6569,69.8371,81.747
2016-01-22,93.0438,69.5902,81.317
2016-01-25,91.9068,69.3362,80.6215
2016-01-26,90.8945,69.2935,80.094
2016-01-27,90.0037,69.1633,79.5835
2016-01-28,88.601,69.439,79.02
2016-01-29,87.2357,69.8253,78.5305
2016-02-01,85.869,70.227,78.048
2016-02-02,84.133,70.765,77.449
2016-02-03,81.6578,72.0242,76.841
2016-02-04,80.6168,72.6802,76.6485
2016-02-05,80.5432,72.7198,76.6315
2016-02-08,80.1214,72.7546,76.438
2016-02-09,80.104,72.711,76.4075
2016-02-10,79.904,72.598,76.251
2016-02-11,79.9925,72.3585,76.1755
2016-02-12,79.9981,72.3619,76.18
2016-02-16,80.1765,72.4785,76.3275
2016-02-17,80.455,72.712,76.5835
2016-02-18,80.635,73.318,76.9765
2016-02-19,80.674,73.634,77.154
2016-02-22,81.0405,73.4745,77.2575
2016-02-23,81.0449,73.5861,77.3155
2016-02-24,81.0968,73.5972,77.347
2016-02-25,81.1751,73.6659,77.4205
2016-02-26,81.5005,73.6185,77.5595
2016-02-29,81.7767,73.5663,77.6715
2016-03-01,82.1843,73.5227,77.8535
2016-03-02,82.4048,73.8252,78.115
2016-03-03,82.514,74.158,78.336
2016-03-04,82.8954,74.0106,78.453
2016-03-07,83.7662,73.5888,78.6775
2016-03-08,83.8837,73.9573,78.9205
2016-03-09,84.2445,74.2835,79.264
2016-03-10,84.9336,74.5904,79.762
2016-03-11,85.8186,75.1104,80.4645
2016-03-14,86.2124,75.5456,80.879
2016-03-15,86.536,75.851,81.1935
2016-03-16,87.2489,75.8611,81.555
2016-03-17,88.3995,75.5505,81.975
2016-03-18,89.0677,75.8303,82.449
2016-03-21,89.483,75.979,82.731
2016-03-22,89.5427,76.8263,83.1845
2016-03-23,89.4745,77.5405,83.5075
2016-03-24,89.3539,78.3801,83.867
2016-03-28,89.3521,78.8759,84.114
2016-03-29,89.2999,79.4261,84.363
2016-03-30,89.3232,79.9038,84.6135
2016-03-31,89.1841,80.5579,84.871
2016-04-01,88.9522,81.4828,85.2175
2016-04-04,88.8726,81.9784,85.4255
2016-04-05,88.8715,82.0425,85.457
2016-04-06,88.3283,83.1507,85.7395
2016-04-07,88.0767,83.5823,85.8295
2016-04-08,88.1534,83.3946,85.774
2016-04-11,87.9167,83.4023,85.6595
2016-04-12,88.228,83.404,85.816
2016-04-13,88.5684,83.4816,86.025
2016-04-14,88.8736,83.3834,86.1285
2016-04-15,88.7761,83.4359,86.106
2016-04-18,88.9402,83.3578,86.149
2016-04-19,89.9228,82.8652,86.394
2016-04-20,90.5514,82.6736,86.6125
2016-04-21,91.1256,82.6974,86.9115
2016-04-22,91.5362,82.7698,87.153
2016-04-25,91.6135,83.0065,87.31
2016-04-26,91.8347,83.2303,87.5325
2016-04-27,91.9849,83.4061,87.6955
2016-04-28,91.96,83.509,87.7345
2016-04-29,92.2855,82.7675,87.5265
2016-05-02,92.4062,82.4128,87.4095
2016-05-03,92.5665,82.0625,87.3145
2016-05-04,92.9135,81.2325,87.073
2016-05-05,93.1427,80.7263,86.9345
2016-05-06,93.273,80.419,86.846
2016-05-09,93.5047,79.7843,86.6445
2016-05-10,93.4508,79.2822,86.3665
2016-05-11,93.3186,78.7614,86.04
2016-05-12,93.1619,78.2031,85.6825
2016-05-13,92.9985,77.6235,85.311
2016-05-16,92.6433,77.4577,85.0505
2016-05-17,91.7668,77.6132,84.69
2016-05-18,90.9255,77.5725,84.249
2016-05-19,89.891,77.622,83.7565
2016-05-20,88.798,77.739,83.2685
2016-05-23,88.0529,77.6691,82.861
2016-05-24,86.6539,78.1491,82.4015
2016-05-25,85.0031,79.1549,82.079
2016-05-26,84.0059,79.6531,81.8295
2016-05-27,83.9145,79.6175,81.766
2016-05-31,83.5781,79.7079,81.643
2016-06-01,83.5003,79.7387,81.6195
2016-06-02,83.5116,79.6454,81.5785
2016-06-03,83.5744,79.3966,81.4855
2016-06-06,83.5259,79.3861,81.456
2016-06-07,83.611,79.416,81.5135
2016-06-08,83.6149,79.4151,81.515
2016-06-09,83.6209,79.2141,81.4175
2016-06-10,83.6197,79.1373,81.3785
2016-06-13,83.7213,78.8857,81.3035
2016-06-14,83.5759,78.5691,81.0725
2016-06-15,83.1185,78.5485,80.8335
2016-06-16,83.0821,78.3319,80.707
2016-06-17,83.0587,78.2763,80.6675
2016-06-20,83.06,78.192,80.626
2016-06-21,83.1049,78.0281,80.5665
2016-06-22,83.1248,77.8602,80.4925
2016-06-23,82.805,77.814,80.3095
2016-06-24,83.3653,76.6077,79.9865
2016-06-27,84.4847,74.4803,79.4825
2016-06-28,84.8372,73.2258,79.0315
2016-06-29,84.5755,72.6385,78.607
2016-06-30,84.4611,72.1369,78.299
2016-07-01,84.3615,71.7295,78.0455
2016-07-05,84.1041,71.1209,77.6125
2016-07-06,83.5505,70.7545,77.1525
2016-07-07,82.7864,70.7356,76.761
2016-07-08,82.4508,70.7532,76.602
2016-07-11,81.9528,70.8002,76.3765
2016-07-12,81.7366,70.8404,76.2885
2016-07-13,81.5396,70.8484,76.194
2016-07-14,81.3394,70.8986,76.119
2016-07-15,81.1703,70.9497,76.06
2016-07-18,80.8915,71.0735,75.9825
2016-07-19,80.7327,71.1453,75.939
2016-07-20,80.8377,71.0973,75.9675
2016-07-21,80.8587,71.0883,75.9735
2016-07-22,80.7166,71.1414,75.929
2016-07-25,81.0551,71.1989,76.127
2016-07-26,81.0401,71.9669,76.5035
2016-07-27,80.9544,72.6326,76.7935
2016-07-28,81.1065,72.9815,77.044
2016-07-29,81.0554,73.1166,77.086
2016-08-01,81.0421,73.1499,77.096
2016-08-02,81.2009,72.9031,77.052
2016-08-03,81.1418,73.0072,77.0745
2016-08-04,81.1561,72.9749,77.0655
2016-08-05,81.1935,72.7135,76.9535
2016-08-08,81.1982,72.6548,76.9265
2016-08-09,81.1668,72.3952,76.781
2016-08-10,81.1701,72.1559,76.663
2016-08-11,81.1006,72.1284,76.6145
2016-08-12,80.9635,72.0075,76.4855
2016-08-15,80.8433,72.0267,76.435
2016-08-16,80.6228,72.0532,76.338
2016-08-17,80.2827,72.1643,76.2235
2016-08-18,80.1161,72.2329,76.1745
2016-08-19,80.4373,72.0827,76.26
2016-08-22,80.3644,72.1116,76.238
2016-08-23,80.3859,72.1021,76.244
2016-08-24,80.3789,72.1041,76.2415
2016-08-25,80.3643,72.1107,76.2375
2016-08-26,80.7233,72.1427,76.433
2016-08-29,81.1214,72.2226,76.672
2016-08-30,81.1786,72.9624,77.0705
2016-08-31,81.1827,73.4913,77.337
2016-09-01,81.1611,73.9269,77.544
2016-09-02,81.2553,74.3547,77.805
2016-09-06,81.3477,74.6673,78.0075
2016-09-07,81.2495,75.2605,78.255
2016-09-08,80.8779,76.0451,78.4615
2016-09-09,80.9301,75.9479,78.439
2016-09-12,80.7061,76.3139,78.51
2016-09-13,81.1496,75.5684,78.359
2016-09-14,81.2861,75.2979,78.292
2016-09-15,81.3155,75.2015,78.2585
2016-09-16,81.3058,75.1122,78.209
2016-09-19,81.1423,75.1327,78.1375
2016-09-20,81.1055,75.0805,78.093
2016-09-21,81.0372,75.0658,78.0515
2016-09-22,81.0422,75.0698,78.056
2016-09-23,80.9494,75.0076,77.9785
2016-09-26,80.83,74.859,77.8445
2016-09-27,80.6157,74.8843,77.75
2016-09-28,80.6279,74.8781,77.753
2016-09-29,80.9074,74.7566,77.832
2016-09-30,81.2465,74.6355,77.941
2016-10-03,81.4555,74.5385,77.997
2016-10-04,81.5091,74.5219,78.0155
2016-10-05,81.8391,74.3749,78.107
2016-10-06,82.9394,73.8306,78.385
2016-10-07,83.2703,74.0247,78.6475
2016-10-10,83.7143,74.1317,78.923
2016-10-11,83.5768,74.8522,79.2145
2016-10-12,83.4575,75.4255,79.4415
2016-10-13,83.3985,75.8225,79.6105
2016-10-14,83.3445,76.1195,79.732
2016-10-17,83.3519,76.2211,79.7865
2016-10-18,83.3338,76.5032,79.9185
2016-10-19,83.4864,76.7016,80.094
2016-10-20,83.5933,76.9327,80.263
2016-10-21,83.6105,77.3635,80.487
2016-10-24,83.3036,78.1834,80.7435
2016-10-25,83.06,78.645,80.8525
2016-10-26,83.0556,78.6844,80.87
2016-10-27,83.0548,78.6632,80.859
2016-10-28,83.0489,78.6311,80.84
2016-10-31,83.0548,78.4962,80.7755
2016-11-01,83.206,78.182,80.694
2016-11-02,83.3705,77.6235,80.497
2016-11-03,82.7175,77.6985,80.208
2016-11-04,82.6125,77.5045,80.0585
2016-11-07,82.2739,77.5331,79.9035
2016-11-08,82.2342,77.4378,79.836
2016-11-09,82.3285,77.4375,79.883
2016-11-10,82.9305,77.1805,80.0555
2016-11-11,83.1987,77.1773,80.188
2016-11-14,83.4737,77.1893,80.3315
2016-11-15,83.9099,77.0771,80.4935
2016-11-16,84.155,76.987,80.571
2016-11-17,84.3608,76.9262,80.6435
2016-11-18,84.5438,76.8682,80.706
2016-11-21,85.173,76.593,80.883
2016-11-22,85.9351,76.4119,81.1735
2016-11-23,86.7906,76.1854,81.488
2016-11-25,87.5335,76.0845,81.809
2016-11-28,87.9787,76.1693,82.074
2016-11-29,88.1099,76.4551,82.2825
2016-11-30,89.3761,76.3999,82.888
2016-12-01,90.4985,76.6565,83.5775
2016-12-02,91.0013,77.2367,84.119
2016-12-05,91.254,77.999,84.6265
2016-12-06,91.318,78.797,85.0575
2016-12-07,91.448,79.713,85.5805
2016-12-08,91.9016,80.2194,86.0605
2016-12-09,92.1024,80.5256,86.314
2016-12-12,92.3157,81.0513,86.6835
2016-12-13,92.4533,81.6357,87.0445
2016-12-14,92.4382,82.1178,87.278
2016-12-15,92.4038,82.7152,87.5595
2016-12-16,92.2313,83.4547,87.843
2016-12-19,91.9099,84.2781,88.094
2016-12-20,91.8134,84.6716,88.2425
2016-12-21,91.7386,84.9464,88.3425
2016-12-22,91.7153,85.0587,88.387
2016-12-23,91.69,85.187,88.4385
2016-12-27,91.5597,85.4693,88.5145
2016-12-28,90.9961,86.2989,88.6475
2016-12-29,90.9144,85.9496,88.432
2016-12-30,90.5634,85.7606,88.162
2017-01-03,90.4683,85.6297,88.049
2017-01-04,90.4879,85.6291,88.0585
2017-01-05,90.5439,85.6631,88.1035
2017-01-06,90.4079,85.6751,88.0415
2017-01-09,89.9763,85.7417,87.859
2017-01-10,89.924,85.64,87.782
2017-01-11,89.7264,85.7226,87.7245
2017-01-12,89.7264,85.7226,87.7245
2017-01-13,89.9879,85.6251,87.8065
2017-01-17,90.2028,85.5242,87.8635
2017-01-18,90.4372,85.4268,87.932
2017-01-19,90.6416,85.3844,88.013
2017-01-20,91.0641,85.2379,88.151
2017-01-23,91.5069,85.1341,88.3205
2017-01-24,93.0277,84.3733,88.7005
2017-01-25,94.5719,83.6971,89.1345
2017-01-26,95.5387,83.5593,89.549
2017-01-27,96.2948,83.6952,89.995
2017-01-30,96.6969,84.1221,90.4095
2017-01-31,96.8106,84.7574,90.784
2017-02-01,97.2164,85.1706,91.1935
2017-02-02,97.4565,85.4265,91.4415
2017-02-03,97.7756,85.7084,91.742
2017-02-06,98.0336,86.1274,92.0805
2017-02-07,97.8095,86.8975,92.3535
2017-02-08,97.455,87.73,92.5925
2017-02-09,97.2631,88.3019,92.7825
2017-02-10,97.1601,88.6289,92.8945
2017-02-13,97.0466,88.9914,93.019
2017-02-14,96.9549,89.4011,93.178
2017-02-15,96.8253,89.8347,93.33
2017-02-16,96.5852,90.3678,93.4765
2017-02-17,96.467,90.688,93.5775
2017-02-21,96.4372,91.0538,93.7455
2017-02-22,96.3093,91.0697,93.6895
2017-02-23,95.8449,91.2091,93.527
2017-02-24,95.5771,91.1809,93.379
2017-02-27,95.3658,90.9952,93.1805
2017-02-28,95.3044,90.7506,93.0275
2017-03-01,95.3645,90.7525,93.0585
2017-03-02,95.0524,90.7866,92.9195
2017-03-03,94.9608,90.7272,92.844
2017-03-06,94.6959,90.6781,92.687
2017-03-07,94.3201,90.6829,92.5015
2017-03-08,94.5432,90.2038,92.3735
2017-03-09,94.7576,89.7734,92.2655
2017-03-10,94.8589,89.4271,92.143
2017-03-13,94.9055,89.2125,92.059
2017-03-14,95.0996,88.6544,91.877
2017-03-15,94.9585,88.5695,91.764
2017-03-16,94.8173,88.4367,91.627
2017-03-17,94.7156,88.2774,91.4965
2017-03-20,94.5568,88.1752,91.366
2017-03-21,94.1867,87.9083,91.0475
2017-03-22,93.8261,87.6829,90.7545
2017-03-23,93.559,87.467,90.513
2017-03-24,93.4397,87.0993,90.2695
2017-03-27,93.3427,86.9253,90.134
2017-03-28,93.3056,86.9284,90.117
2017-03-29,92.66,87.258,89.959
2017-03-30,92.4658,87.3502,89.908
2017-03-31,92.258,87.453,89.8555
2017-04-03,92.0744,87.5076,89.791
2017-04-04,91.9908,87.5372,89.764
2017-04-05,91.9991,87.3899,89.6945
2017-04-06,91.9928,87.3652,89.679
2017-04-07,91.974,87.284,89.629
2017-04-10,91.9241,87.1689,89.5465
2017-04-11,91.9534,87.0836,89.5185
2017-04-12,92.0051,86.5769,89.291
2017-04-13,92.2877,85.7503,89.019
2017-04-17,92.388,85.17,88.779
2017-04-18,92.3098,84.8022,88.556
2017-04-19,92.4025,84.4475,88.425
2017-04-20,92.4686,84.1174,88.293
2017-04-21,92.5083,83.7897,88.149
2017-04-24,92.5076,83.6864,88.097
2017-04-25,92.4448,83.5882,88.0165
2017-04-26,92.065,83.584,87.8245
2017-04-27,91.686,83.632,87.659
2017-04-28,91.1891,83.4779,87.3335
2017-05-01,90.7278,83.1662,86.947
2017-05-02,90.3486,82.8734,86.611
2017-05-03,89.9576,82.3834,86.1705
2017-05-04,89.9897,81.6533,85.8215
2017-05-05,89.4948,81.6452,85.57
2017-05-08,89.3261,81.0129,85.1695
2017-05-09,88.9257,80.7513,84.8385
2017-05-10,88.498,80.623,84.5605
2017-05-11,88.3447,80.3393,84.342
2017-05-12,88.3897,79.9073,84.1485
2017-05-15,88.2748,79.7472,84.011
2017-05-16,88.069,79.675,83.872
2017-05-17,88.0427,79.1463,83.5945
2017-05-18,87.9024,78.7766,83.3395
2017-05-19,87.681,78.566,83.1235
2017-05-22,87.2478,78.3772,82.8125
2017-05-23,86.5818,78.3992,82.4905
2017-05-24,85.7426,78.6954,82.219
2017-05-25,84.5329,79.2301,81.8815
2017-05-26,84.02,79.34,81.68
2017-05-30,83.773,79.297,81.535
2017-05-31,83.4624,79.3056,81.384
2017-06-01,83.4132,79.2218,81.3175
2017-06-02,83.4158,79.0812,81.2485
2017-06-05,82.9405,79.0315,80.986
2017-06-06,83.0173,78.7907,80.904
2017-06-07,82.9491,78.5919,80.7705
2017-06-08,82.7238,78.5192,80.6215
2017-06-09,82.7081,78.5259,80.617
2017-06-12,82.7992,78.5088,80.654
2017-06-13,82.9,78.45,80.675
2017-06-14,82.5128,78.6242,80.5685
2017-06-15,82.5124,78.6406,80.5765
2017-06-16,82.5386,78.6614,80.6
2017-06-19,82.5609,78.6591,80.61
2017-06-20,82.5592,78.6408,80.6
2017-06-21,82.5601,78.5399,80.55
2017-06-22,82.4284,78.5096,80.469
2017-06-23,82.4052,78.4828,80.444
2017-06-26,82.4191,78.4849,80.452
2017-06-27,82.6175,78.4375,80.5275
2017-06-28,83.2218,78.1612,80.6915
2017-06-29,83.7143,77.9907,80.8525
2017-06-30,84.2905,77.8495,81.07
2017-07-03,84.9567,77.8283,81.3925
2017-07-05,85.1084,78.0986,81.6035
2017-07-06,85.1764,78.4116,81.794
2017-07-07,85.3458,78.6872,82.0165
2017-07-10,85.5937,78.6713,82.1325
2017-07-11,85.8675,78.6655,82.2665
2017-07-12,86.3014,78.5086,82.405
2017-07-13,86.686,78.579,82.6325
2017-07-14,87.0368,78.8012,82.919
2017-07-17,87.3275,78.9875,83.1575
2017-07-18,87.5286,79.1814,83.355
2017-07-19,87.9148,79.5012,83.708
2017-07-20,88.0694,80.0916,84.0805
2017-07-21,88.1226,80.7244,84.4235
2017-07-24,88.1183,81.4367,84.7775
2017-07-25,88.2375,82.0235,85.1305
2017-07-26,88.3058,82.4822,85.394
2017-07-27,88.386,82.675,85.5305
2017-07-28,89.1472,82.5258,85.8365
2017-07-31,89.8411,82.4019,86.1215
2017-08-01,90.2583,82.3747,86.3165
2017-08-02,90.3593,82.7747,86.567
2017-08-03,90.3926,83.3114,86.852
2017-08-04,90.4615,83.7275,87.0945
2017-08-07,90.5404,84.1406,87.3405
2017-08-08,90.5178,84.5902,87.554
2017-08-09,90.649,84.807,87.728
2017-08-10,90.5689,85.0991,87.834
2017-08-11,90.5026,85.2974,87.9
2017-08-14,90.4081,85.6299,88.019
2017-08-15,90.1795,86.1285,88.154
2017-08-16,90.1668,86.1912,88.179
2017-08-17,90.2457,86.0333,88.1395
2017-08-18,90.222,86.104,88.163
2017-08-21,90.222,86.189,88.2055
2017-08-22,90.2738,86.2192,88.2465
2017-08-23,90.3854,86.3096,88.3475
2017-08-24,90.4132,86.5798,88.4965
2017-08-25,90.4914,86.5386,88.515
2017-08-28,90.5417,86.5113,88.5265
2017-08-29,90.5887,86.4983,88.5435
2017-08-30,90.827,86.456,88.6415
2017-08-31,91.0786,86.3884,88.7335
2017-09-01,91.2437,86.3703,88.807
2017-09-05,91.267,86.374,88.8205
2017-09-06,91.7224,86.2176,88.97
2017-09-07,92.0983,86.0937,89.096
2017-09-08,92.4041,86.1879,89.296
2017-09-11,93.1071,86.1319,89.6195
2017-09-12,93.9658,85.9282,89.947
2017-09-13,94.563,85.953,90.258
2017-09-14,95.0916,86.1014,90.5965
2017-09-15,95.4906,86.5964,91.0435
2017-09-18,95.9799,86.9311,91.4555
2017-09-19,96.6444,87.1126,91.8785
2017-09-20,97.114,87.371,92.2425
2017-09-21,97.4807,87.6473,92.564
2017-09-22,97.9793,87.8847,92.932
2017-09-25,98.6476,87.9824,93.315
2017-09-26,99.623,87.951,93.787
2017-09-27,100.354,88.238,94.296
2017-09-28,100.9874,88.5496,94.7685
2017-09-29,101.3668,89.0162,95.1915
2017-10-02,101.8654,89.5476,95.7065
2017-10-03,101.8963,90.5537,96.225
2017-10-04,101.9683,91.1977,96.583
2017-10-05,102.0057,91.9363,96.971
2017-10-06,101.7846,92.8874,97.336
2017-10-09,101.7737,93.4363,97.605
2017-10-10,101.712,93.846,97.779
2017-10-11,101.5143,94.3527,97.9335
2017-10-12,101.2984,94.8786,98.0885
2017-10-13,101.1415,95.2865,98.214
2017-10-16,101.0015,95.6385,98.32
2017-10-17,100.9611,95.8439,98.4025
2017-10-18,100.8357,96.1903,98.513
2017-10-19,100.6769,96.7091,98.693
2017-10-20,100.5967,96.9963,98.7965
2017-10-23,100.5875,97.0695,98.8285
2017-10-24,100.8364,96.9386,98.8875
2017-10-25,100.8364,96.9386,98.8875
2017-10-26,101.1315,96.7885,98.96
2017-10-27,101.1293,96.7867,98.958
2017-10-30,102.9492,95.5118,99.2305
2017-10-31,103.5816,95.2564,99.419
2017-11-01,104.1498,95.1432,99.6465
2017-11-02,104.66,95.039,99.8495
2017-11-03,105.5763,94.7907,100.1835
2017-11-06,106.5743,94.5377,100.556
2017-11-07,107.2823,94.6157,100.949
2017-11-08,107.819,94.939,101.379
2017-11-09,108.0086,95.4154,101.712
2017-11-10,108.1452,95.9368,102.041
2017-11-13,108.196,96.535,102.3655
2017-11-14,108.1749,97.1091,102.642
2017-11-15,108.0112,97.6968,102.854
2017-11-16,107.9512,98.1378,103.0445
2017-11-17,107.832,98.753,103.2925
2017-11-20,107.5771,99.5789,103.578
2017-11-21,107.5338,99.9102,103.722
2017-11-22,107.2667,100.5413,103.904
2017-11-24,107.193,100.926,104.0595
2017-11-27,106.4378,102.2182,104.328
2017-11-28,106.264,102.286,104.275
2017-11-29,106.3317,102.3663,104.349
2017-11-30,106.3543,102.4707,104.4125
2017-12-01,106.347,102.534,104.4405
2017-12-04,106.2022,102.5018,104.352
2017-12-05,105.8323,102.6807,104.2565
2017-12-06,105.5922,102.7978,104.195
2017-12-07,105.7976,102.6574,104.2275
2017-12-08,106.3935,102.3565,104.375
2017-12-11,106.973,102.102,104.5375
2017-12-12,107.3293,102.0257,104.6775
2017-12-13,107.7479,101.9831,104.8655
2017-12-14,107.6892,102.3348,105.012
2017-12-15,107.7299,102.5771,105.1535
2017-12-18,108.5808,102.2922,105.4365
2017-12-19,109.115,102.226,105.6705
2017-12-20,109.7727,102.1783,105.9755
2017-12-21,110.3618,102.2752,106.3185
2017-12-22,110.8347,102.3663,106.6005
2017-12-26,111.2198,102.5362,106.878
2017-12-27,111.5854,102.6796,107.1325
2017-12-28,112.1083,102.7717,107.44
2017-12-29,112.3723,103.0697,107.721
2018-01-02,112.8622,103.3928,108.1275
2018-01-03,113.175,103.925,108.55
2018-01-04,113.5627,104.3593,108.961
2018-01-05,114.1823,104.7077,109.445
2018-01-08,114.7741,104.8759,109.825
2018-01-09,115.5247,104.9263,110.2255
2018-01-10,116.1384,105.0646,110.6015
2018-01-11,117.2181,105.0559,111.137
2018-01-12,118.1159,105.1761,111.646
2018-01-16,118.2221,106.1159,112.169
2018-01-17,118.4005,107.0225,112.7115
2018-01-18,118.8515,107.3045,113.078
2018-01-19,119.7977,107.4553,113.6265
2018-01-22,120.4154,107.7396,114.0775
2018-01-23,120.8419,108.1281,114.485
2018-01-24,121.2193,108.6467,114.933
2018-01-25,121.8049,109.1421,115.4735
2018-01-26,122.3779,109.7151,116.0465
2018-01-29,122.7863,110.2817,116.534
2018-01-30,122.592,111.329,116.9605
2018-01-31,122.6624,112.0196,117.341
2018-02-01,122.3896,112.8224,117.606
2018-02-02,122.4907,112.6583,117.5745
2018-02-05,123.4024,111.1866,117.2945
2018-02-06,123.4193,111.1407,117.28
2018-02-07,123.8458,110.2262,117.036
2018-02-08,124.9412,108.2068,116.574
2018-02-09,125.3648,106.7122,116.0385
2018-02-12,125.3266,105.9524,115.6395
2018-02-13,125.3587,105.2953,115.327
2018-02-14,125.1889,104.9771,115.083
2018-02-15 12:17:05,125.0358,104.4572,114.7465
