date,ULTOSC
2010-06-08,56.3854
2010-06-09,45.9714
2010-06-10,46.9351
2010-06-11,51.1481
2010-06-14,54.3896
2010-06-15,61.1538
2010-06-16,58.8861
2010-06-17,54.5817
2010-06-18,53.455
2010-06-21,47.2699
2010-06-22,43.3523
2010-06-23,37.585
2010-06-24,35.9069
2010-06-25,39.4414
2010-06-28,43.9454
2010-06-29,38.2554
2010-06-30,37.4777
2010-07-01,34.367
2010-07-02,34.1007
2010-07-06,25.8914
2010-07-07,26.4784
2010-07-08,25.0526
2010-07-09,37.9249
2010-07-12,39.2913
2010-07-13,50.1976
2010-07-14,53.0471
2010-07-15,59.9686
2010-07-16,60.1883
2010-07-19,59.5653
2010-07-20,55.137
2010-07-21,57.8934
2010-07-22,58.7654
2010-07-23,61.2797
2010-07-26,67.7339
2010-07-27,73.7867
2010-07-28,71.7735
2010-07-29,71.7877
2010-07-30,73.7852
2010-08-02,70.0123
2010-08-03,67.0961
2010-08-04,63.1323
2010-08-05,55.8546
2010-08-06,55.4773
2010-08-09,57.3292
2010-08-10,54.6182
2010-08-11,50.1863
2010-08-12,48.9635
2010-08-13,52.9128
2010-08-16,52.1299
2010-08-17,56.9237
2010-08-18,61.0046
2010-08-19,63.0351
2010-08-20,65.5179
2010-08-23,65.2372
2010-08-24,63.8911
2010-08-25,65.312
2010-08-26,59.1689
2010-08-27,61.0623
2010-08-30,49.2429
2010-08-31,53.2668
2010-09-01,56.0443
2010-09-02,53.9353
2010-09-03,54.3302
2010-09-07,57.8975
2010-09-08,51.6707
2010-09-09,50.6716
2010-09-10,48.8003
2010-09-13,54.3839
2010-09-14,54.7969
2010-09-15,55.5378
2010-09-16,54.2455
2010-09-17,59.2888
2010-09-20,66.1986
2010-09-21,64.7744
2010-09-22,53.5277
2010-09-23,53.5885
2010-09-24,61.4256
2010-09-27,71.774
2010-09-28,69.168
2010-09-29,67.5396
2010-09-30,71.3634
2010-10-01,72.1431
2010-10-04,68.8
2010-10-05,68.2552
2010-10-06,60.6441
2010-10-07,60.0272
2010-10-08,66.8212
2010-10-11,65.6377
2010-10-12,70.3734
2010-10-13,72.9914
2010-10-14,70.0831
2010-10-15,67.9381
2010-10-18,66.7626
2010-10-19,61.8315
2010-10-20,62.4311
2010-10-21,58.25
2010-10-22,56.5782
2010-10-25,54.3549
2010-10-26,63.4441
2010-10-27,60.5188
2010-10-28,62.7371
2010-10-29,52.4957
2010-11-01,47.1454
2010-11-02,48.5864
2010-11-03,48.0777
2010-11-04,46.7318
2010-11-05,54.6403
2010-11-08,57.2032
2010-11-09,59.1593
2010-11-10,66.0213
2010-11-11,62.4974
2010-11-12,56.9206
2010-11-15,55.4847
2010-11-16,46.6009
2010-11-17,48.2303
2010-11-18,50.4726
2010-11-19,55.3384
2010-11-22,60.2393
2010-11-23,60.6729
2010-11-24,63.1335
2010-11-26,65.8411
2010-11-29,65.2174
2010-11-30,64.2188
2010-12-01,62.4656
2010-12-02,64.6965
2010-12-03,72.7269
2010-12-06,73.08
2010-12-07,75.7324
2010-12-08,66.6087
2010-12-09,68.2407
2010-12-10,68.7646
2010-12-13,67.4907
2010-12-14,66.8278
2010-12-15,62.8651
2010-12-16,57.1457
2010-12-17,64.294
2010-12-20,67.7611
2010-12-21,67.9697
2010-12-22,67.7218
2010-12-23,67.8944
2010-12-27,71.0678
2010-12-28,80.9687
2010-12-29,82.3771
2010-12-30,82.9371
2010-12-31,80.9752
2011-01-03,72.3024
2011-01-04,73.6457
2011-01-05,72.8593
2011-01-06,72.5129
2011-01-07,63.9023
2011-01-10,65.1128
2011-01-11,68.8482
2011-01-12,69.5094
2011-01-13,66.8093
2011-01-14,65.8487
2011-01-18,61.1236
2011-01-19,56.756
2011-01-20,60.9917
2011-01-21,53.1154
2011-01-24,56.9434
2011-01-25,54.9524
2011-01-26,55.3233
2011-01-27,57.2985
2011-01-28,53.679
2011-01-31,52.8463
2011-02-01,57.5499
2011-02-02,54.4455
2011-02-03,49.1846
2011-02-04,49.4414
2011-02-07,45.3283
2011-02-08,53.4687
2011-02-09,53.5669
2011-02-10,57.0841
2011-02-11,53.532
2011-02-14,58.8946
2011-02-15,60.8693
2011-02-16,65.0661
2011-02-17,69.3959
2011-02-18,69.5807
2011-02-22,55.5876
2011-02-23,61.2542
2011-02-24,59.6767
2011-02-25,60.7341
2011-02-28,56.1177
2011-03-01,49.4692
2011-03-02,46.2633
2011-03-03,54.7268
2011-03-04,50.7403
2011-03-07,50.7013
2011-03-08,50.7534
2011-03-09,56.2085
2011-03-10,59.0904
2011-03-11,57.4831
2011-03-14,52.8768
2011-03-15,52.9642
2011-03-16,49.4462
2011-03-17,47.9753
2011-03-18,45.0307
2011-03-21,49.2113
2011-03-22,46.1997
2011-03-23,52.0113
2011-03-24,54.1222
2011-03-25,58.0487
2011-03-28,55.9053
2011-03-29,57.8231
2011-03-30,52.2999
2011-03-31,51.2298
2011-04-01,50.9543
2011-04-04,48.9446
2011-04-05,55.2758
2011-04-06,53.4085
2011-04-07,59.4107
2011-04-08,62.1466
2011-04-11,62.6144
2011-04-12,49.8188
2011-04-13,50.6382
2011-04-14,50.4209
2011-04-15,53.9545
2011-04-18,49.2518
2011-04-19,51.1421
2011-04-20,56.6067
2011-04-21,66.9256
2011-04-25,66.57
2011-04-26,66.8264
2011-04-27,62.0923
2011-04-28,68.8416
2011-04-29,63.1251
2011-05-02,51.5675
2011-05-03,44.9561
2011-05-04,41.3784
2011-05-05,36.2073
2011-05-06,32.9404
2011-05-09,31.514
2011-05-10,33.6974
2011-05-11,33.3126
2011-05-12,33.2148
2011-05-13,29.6292
2011-05-16,28.6911
2011-05-17,34.1165
2011-05-18,41.7249
2011-05-19,40.6454
2011-05-20,39.4802
2011-05-23,41.9037
2011-05-24,48.6121
2011-05-25,57.7873
2011-05-26,58.6354
2011-05-27,57.9523
2011-05-31,61.4882
2011-06-01,56.5606
2011-06-02,55.7082
2011-06-03,51.2814
2011-06-06,42.7707
2011-06-07,41.1554
2011-06-08,39.8602
2011-06-09,39.2757
2011-06-10,43.0484
2011-06-13,40.6866
2011-06-14,47.5122
2011-06-15,47.0174
2011-06-16,44.4702
2011-06-17,41.5574
2011-06-20,40.5222
2011-06-21,48.2717
2011-06-22,50.5044
2011-06-23,51.0638
2011-06-24,51.5772
2011-06-27,56.2718
2011-06-28,58.8644
2011-06-29,56.4536
2011-06-30,52.6651
2011-07-01,53.9847
2011-07-05,54.4599
2011-07-06,59.3764
2011-07-07,63.7045
2011-07-08,63.5273
2011-07-11,56.1091
2011-07-12,54.5138
2011-07-13,54.3547
2011-07-14,48.1441
2011-07-15,49.3664
2011-07-18,41.4621
2011-07-19,37.1689
2011-07-20,41.1183
2011-07-21,47.3909
2011-07-22,53.7909
2011-07-25,51.2017
2011-07-26,52.1851
2011-07-27,50.3509
2011-07-28,49.1731
2011-07-29,57.0236
2011-08-01,54.4602
2011-08-02,44.2252
2011-08-03,50.7944
2011-08-04,45.0014
2011-08-05,48.2646
2011-08-08,45.1044
2011-08-09,48.0637
2011-08-10,46.4427
2011-08-11,52.1726
2011-08-12,51.3782
2011-08-15,53.4084
2011-08-16,51.3338
2011-08-17,54.6254
2011-08-18,42.3207
2011-08-19,39.5632
2011-08-22,33.2821
2011-08-23,34.8742
2011-08-24,39.5063
2011-08-25,39.4314
2011-08-26,47.6301
2011-08-29,58.8709
2011-08-30,61.8263
2011-08-31,64.7688
2011-09-01,61.6211
2011-09-02,54.9788
2011-09-06,60.4452
2011-09-07,61.4224
2011-09-08,56.2462
2011-09-09,51.6306
2011-09-12,55.4422
2011-09-13,59.1031
2011-09-14,64.856
2011-09-15,62.375
2011-09-16,62.2661
2011-09-19,59.7299
2011-09-20,59.3443
2011-09-21,46.9771
2011-09-22,48.6721
2011-09-23,47.0626
2011-09-26,48.65
2011-09-27,43.2067
2011-09-28,39.5172
2011-09-29,40.3414
2011-09-30,39.3598
2011-10-03,32.7106
2011-10-04,39.8499
2011-10-05,38.0979
2011-10-06,42.3933
2011-10-07,42.0691
2011-10-10,45.5865
2011-10-11,54.5268
2011-10-12,56.6056
2011-10-13,50.2585
2011-10-14,50.7985
2011-10-17,45.792
2011-10-18,52.2972
2011-10-19,49.6308
2011-10-20,52.7003
2011-10-21,63.2248
2011-10-24,65.7601
2011-10-25,59.3605
2011-10-26,63.2173
2011-10-27,65.5058
2011-10-28,68.0121
2011-10-31,60.3858
2011-11-01,58.6392
2011-11-02,57.6859
2011-11-03,63.5847
2011-11-04,64.546
2011-11-07,64.1716
2011-11-08,67.2428
2011-11-09,71.1857
2011-11-10,72.1502
2011-11-11,72.6013
2011-11-14,65.7592
2011-11-15,58.6184
2011-11-16,56.1309
2011-11-17,56.0214
2011-11-18,53.8332
2011-11-21,50.4227
2011-11-22,34.3557
2011-11-23,31.959
2011-11-25,32.553
2011-11-28,36.1391
2011-11-29,36.2277
2011-11-30,44.6523
2011-12-01,42.2563
2011-12-02,51.0067
2011-12-05,58.3341
2011-12-06,60.6388
2011-12-07,56.2559
2011-12-08,54.4898
2011-12-09,53.9629
2011-12-12,50.9456
2011-12-13,52.0241
2011-12-14,48.046
2011-12-15,46.8987
2011-12-16,52.3072
2011-12-19,49.9643
2011-12-20,50.1425
2011-12-21,54.3278
2011-12-22,55.0155
2011-12-23,59.4654
2011-12-27,59.8499
2011-12-28,52.8066
2011-12-29,58.749
2011-12-30,49.9324
2012-01-03,49.4226
2012-01-04,59.5315
2012-01-05,58.6806
2012-01-06,58.8182
2012-01-09,59.5728
2012-01-10,67.1648
2012-01-11,64.1361
2012-01-12,64.7289
2012-01-13,65.9162
2012-01-17,63.6263
2012-01-18,65.4399
2012-01-19,63.5557
2012-01-20,59.5876
2012-01-23,59.0133
2012-01-24,61.216
2012-01-25,62.0974
2012-01-26,63.3641
2012-01-27,64.3235
2012-01-30,73.5252
2012-01-31,73.9748
2012-02-01,76.9057
2012-02-02,70.693
2012-02-03,72.2117
2012-02-06,76.4348
2012-02-07,76.7649
2012-02-08,71.859
2012-02-09,65.9965
2012-02-10,63.4091
2012-02-13,67.6619
2012-02-14,57.1065
2012-02-15,52.5842
2012-02-16,52.8398
2012-02-17,51.1653
2012-02-21,49.3977
2012-02-22,53.4795
2012-02-23,52.5658
2012-02-24,58.2701
2012-02-27,60.7166
2012-02-28,55.0781
2012-02-29,51.9949
2012-03-01,56.1482
2012-03-02,50.8896
2012-03-05,43.9904
2012-03-06,35.1777
2012-03-07,39.9066
2012-03-08,48.6492
2012-03-09,48.0809
2012-03-12,44.8436
2012-03-13,49.707
2012-03-14,52.5707
2012-03-15,58.2736
2012-03-16,56.1631
2012-03-19,51.071
2012-03-20,58.6726
2012-03-21,66.6031
2012-03-22,52.1751
2012-03-23,56.7372
2012-03-26,62.4198
2012-03-27,54.339
2012-03-28,49.6703
2012-03-29,53.7835
2012-03-30,53.9604
2012-04-02,61.1707
2012-04-03,55.0285
2012-04-04,55.03
2012-04-05,53.4697
2012-04-09,53.6148
2012-04-10,42.7489
2012-04-11,38.5409
2012-04-12,42.8834
2012-04-13,48.3036
2012-04-16,46.8032
2012-04-17,48.805
2012-04-18,51.4947
2012-04-19,53.4086
2012-04-20,55.1551
2012-04-23,51.5001
2012-04-24,52.2309
2012-04-25,54.286
2012-04-26,63.5678
2012-04-27,64.4371
2012-04-30,49.2774
2012-05-01,50.8321
2012-05-02,51.195
2012-05-03,42.8239
2012-05-04,36.0135
2012-05-07,31.6447
2012-05-08,34.5569
2012-05-09,43.8404
2012-05-10,43.8683
2012-05-11,39.8151
2012-05-14,42.764
2012-05-15,46.9928
2012-05-16,44.9926
2012-05-17,35.6745
2012-05-18,31.8482
2012-05-21,38.8965
2012-05-22,38.5964
2012-05-23,43.2578
2012-05-24,43.8643
2012-05-25,48.5955
2012-05-29,59.1775
2012-05-30,56.0441
2012-05-31,54.491
2012-06-01,47.5104
2012-06-04,46.3608
2012-06-05,51.0722
2012-06-06,51.4833
2012-06-07,44.1875
2012-06-08,51.3237
2012-06-11,42.6659
2012-06-12,48.8519
2012-06-13,47.6154
2012-06-14,44.9066
2012-06-15,47.6961
2012-06-18,59.2158
2012-06-19,58.6857
2012-06-20,63.3827
2012-06-21,53.8439
2012-06-22,56.6131
2012-06-25,55.6127
2012-06-26,53.7995
2012-06-27,48.6363
2012-06-28,47.9103
2012-06-29,55.4384
2012-07-02,60.3374
2012-07-03,61.5591
2012-07-05,63.2557
2012-07-06,57.956
2012-07-09,54.1504
2012-07-10,49.7478
2012-07-11,43.556
2012-07-12,50.1604
2012-07-13,49.2846
2012-07-16,50.1161
2012-07-17,55.8954
2012-07-18,60.8885
2012-07-19,60.6619
2012-07-20,64.5668
2012-07-23,63.8946
2012-07-24,60.5556
2012-07-25,58.1352
2012-07-26,55.143
2012-07-27,63.7799
2012-07-30,65.5109
2012-07-31,63.8169
2012-08-01,61.9911
2012-08-02,64.9998
2012-08-03,65.7231
2012-08-06,64.5108
2012-08-07,58.1792
2012-08-08,62.7032
2012-08-09,65.2414
2012-08-10,68.6829
2012-08-13,68.9912
2012-08-14,65.9519
2012-08-15,70.192
2012-08-16,70.0101
2012-08-17,71.5816
2012-08-20,73.4695
2012-08-21,66.1537
2012-08-22,64.5731
2012-08-23,63.1378
2012-08-24,60.5835
2012-08-27,57.6553
2012-08-28,55.5414
2012-08-29,53.1566
2012-08-30,59.2753
2012-08-31,58.1782
2012-09-04,51.9177
2012-09-05,51.0663
2012-09-06,51.944
2012-09-07,53.5821
2012-09-10,50.0723
2012-09-11,44.9449
2012-09-12,47.9024
2012-09-13,60.2078
2012-09-14,64.2388
2012-09-17,58.8048
2012-09-18,58.1102
2012-09-19,56.8852
2012-09-20,63.2745
2012-09-21,59.236
2012-09-24,54.8829
2012-09-25,45.2822
2012-09-26,50.3996
2012-09-27,50.9691
2012-09-28,54.8138
2012-10-01,49.5979
2012-10-02,54.6929
2012-10-03,53.0897
2012-10-04,52.8705
2012-10-05,52.4669
2012-10-08,50.0469
2012-10-09,42.3289
2012-10-10,37.8067
2012-10-11,35.9551
2012-10-12,35.7457
2012-10-15,45.0628
2012-10-16,52.619
2012-10-17,56.5079
2012-10-18,58.7572
2012-10-19,58.06
2012-10-22,62.0908
2012-10-23,56.0718
2012-10-24,54.5093
2012-10-25,48.6552
2012-10-26,48.7584
2012-10-31,50.1047
2012-11-01,54.7116
2012-11-02,47.4553
2012-11-05,52.6384
2012-11-06,53.711
2012-11-07,53.562
2012-11-08,46.9681
2012-11-09,42.8052
2012-11-12,36.5887
2012-11-13,40.9207
2012-11-14,36.1275
2012-11-15,29.7471
2012-11-16,34.0947
2012-11-19,38.5473
2012-11-20,41.2907
2012-11-21,41.0671
2012-11-23,37.9437
2012-11-26,39.6506
2012-11-27,45.3029
2012-11-28,45.3297
2012-11-29,44.1376
2012-11-30,47.807
2012-12-03,44.9519
2012-12-04,54.171
2012-12-05,65.5111
2012-12-06,69.9639
2012-12-07,71.4852
2012-12-10,71.4859
2012-12-11,68.7717
2012-12-12,71.0657
2012-12-13,65.7953
2012-12-14,61.5603
2012-12-17,64.9293
2012-12-18,59.5747
2012-12-19,54.8766
2012-12-20,61.5794
2012-12-21,66.6139
2012-12-24,73.9756
2012-12-26,69.191
2012-12-27,69.8001
2012-12-28,63.0958
2012-12-31,69.1791
2013-01-02,70.4029
2013-01-03,63.8357
2013-01-04,65.7627
2013-01-07,69.5825
2013-01-08,71.1461
2013-01-09,71.7072
2013-01-10,71.1549
2013-01-11,70.0076
2013-01-14,77.8497
2013-01-15,76.5601
2013-01-16,68.125
2013-01-17,68.9417
2013-01-18,75.5703
2013-01-22,64.4736
2013-01-23,65.1951
2013-01-24,66.4211
2013-01-25,67.4495
2013-01-28,61.6706
2013-01-29,62.1472
2013-01-30,57.9733
2013-01-31,62.2854
2013-02-01,54.2548
2013-02-04,49.4541
2013-02-05,45.8118
2013-02-06,49.1052
2013-02-07,45.6158
2013-02-08,49.5055
2013-02-11,44.3465
2013-02-12,45.0103
2013-02-13,52.3395
2013-02-14,50.7416
2013-02-15,49.4041
2013-02-19,48.7963
2013-02-20,42.2051
2013-02-21,40.0002
2013-02-22,45.9232
2013-02-25,36.5898
2013-02-26,39.9226
2013-02-27,45.2758
2013-02-28,41.9946
2013-03-01,47.2812
2013-03-04,56.3058
2013-03-05,52.1136
2013-03-06,62.0644
2013-03-07,61.9437
2013-03-08,62.8162
2013-03-11,67.1294
2013-03-12,68.222
2013-03-13,60.4642
2013-03-14,62.8986
2013-03-15,55.2312
2013-03-18,58.2519
2013-03-19,56.5261
2013-03-20,56.7916
2013-03-21,51.7947
2013-03-22,53.2532
2013-03-25,44.899
2013-03-26,45.9763
2013-03-27,48.0768
2013-03-28,41.2722
2013-04-01,30.2958
2013-04-02,27.3708
2013-04-03,30.0659
2013-04-04,30.2005
2013-04-05,40.5759
2013-04-08,39.6562
2013-04-09,45.6833
2013-04-10,50.6551
2013-04-11,59.1991
2013-04-12,55.3659
2013-04-15,44.3871
2013-04-16,45.3246
2013-04-17,43.2706
2013-04-18,41.3444
2013-04-19,45.7195
2013-04-22,48.9591
2013-04-23,52.3469
2013-04-24,65.1448
2013-04-25,54.5555
2013-04-26,53.4806
2013-04-29,56.1063
2013-04-30,50.6463
2013-05-01,41.6037
2013-05-02,44.2557
2013-05-03,49.3562
2013-05-06,55.7104
2013-05-07,59.2523
2013-05-08,56.7063
2013-05-09,53.4178
2013-05-10,64.333
2013-05-13,63.9679
2013-05-14,64.8829
2013-05-15,61.0909
2013-05-16,65.2145
2013-05-17,68.5709
2013-05-20,72.3453
2013-05-21,66.7513
2013-05-22,59.4205
2013-05-23,61.3314
2013-05-24,63.0438
2013-05-28,60.1442
2013-05-29,55.5474
2013-05-30,57.1143
2013-05-31,56.8437
2013-06-03,64.9717
2013-06-04,58.5539
2013-06-05,52.1651
2013-06-06,52.8002
2013-06-07,48.6714
2013-06-10,46.6032
2013-06-11,47.9927
2013-06-12,39.3003
2013-06-13,46.4141
2013-06-14,51.1838
2013-06-17,49.5485
2013-06-18,53.0939
2013-06-19,52.4958
2013-06-20,49.6915
2013-06-21,52.6232
2013-06-24,45.517
2013-06-25,48.6113
2013-06-26,50.5337
2013-06-27,51.015
2013-06-28,48.5836
2013-07-01,46.5498
2013-07-02,43.5887
2013-07-03,47.8779
2013-07-05,48.745
2013-07-08,46.3508
2013-07-09,48.0087
2013-07-10,56.0529
2013-07-11,59.2393
2013-07-12,65.1431
2013-07-15,63.4179
2013-07-16,53.1886
2013-07-17,45.0009
2013-07-18,40.4798
2013-07-19,41.3906
2013-07-22,42.9766
2013-07-23,36.5451
2013-07-24,30.6393
2013-07-25,33.1134
2013-07-26,33.763
2013-07-29,40.4076
2013-07-30,42.8566
2013-07-31,43.9417
2013-08-01,43.6296
2013-08-02,47.7501
2013-08-05,48.3076
2013-08-06,52.6791
2013-08-07,48.2726
2013-08-08,43.6914
2013-08-09,44.4551
2013-08-12,47.3421
2013-08-13,51.7195
2013-08-14,46.0572
2013-08-15,45.3934
2013-08-16,50.6685
2013-08-19,46.1391
2013-08-20,48.8899
2013-08-21,47.7299
2013-08-22,47.0573
2013-08-23,53.3896
2013-08-26,54.3292
2013-08-27,46.6873
2013-08-28,52.4682
2013-08-29,55.0934
2013-08-30,56.5708
2013-09-03,48.5722
2013-09-04,45.2864
2013-09-05,52.0745
2013-09-06,52.8843
2013-09-09,51.7431
2013-09-10,45.9384
2013-09-11,47.524
2013-09-12,45.4085
2013-09-13,49.6123
2013-09-16,44.8809
2013-09-17,53.1143
2013-09-18,54.4316
2013-09-19,50.4763
2013-09-20,45.9425
2013-09-23,49.8837
2013-09-24,46.9897
2013-09-25,49.1038
2013-09-26,49.5418
2013-09-27,44.1938
2013-09-30,51.1537
2013-10-01,59.3034
2013-10-02,62.6427
2013-10-03,67.3117
2013-10-04,72.504
2013-10-07,66.3476
2013-10-08,62.6287
2013-10-09,61.0458
2013-10-10,65.6534
2013-10-11,66.1413
2013-10-14,64.8351
2013-10-15,57.5314
2013-10-16,63.9277
2013-10-17,72.1343
2013-10-18,72.3856
2013-10-21,69.7611
2013-10-22,67.377
2013-10-23,65.1679
2013-10-24,62.6177
2013-10-25,59.6365
2013-10-28,50.5869
2013-10-29,60.1242
2013-10-30,53.0963
2013-10-31,47.4185
2013-11-01,46.1965
2013-11-04,50.7251
2013-11-05,49.3088
2013-11-06,55.2125
2013-11-07,42.4174
2013-11-08,49.2043
2013-11-11,56.5137
2013-11-12,55.4391
2013-11-13,58.4802
2013-11-14,63.3321
2013-11-15,63.4398
2013-11-18,62.3509
2013-11-19,56.6984
2013-11-20,56.0208
2013-11-21,58.8027
2013-11-22,60.5284
2013-11-25,44.9787
2013-11-26,39.8685
2013-11-27,45.2271
2013-11-29,43.545
2013-12-02,46.9035
2013-12-03,44.9143
2013-12-04,41.9477
2013-12-05,44.1433
2013-12-06,51.375
2013-12-09,48.146
2013-12-10,51.2715
2013-12-11,42.7612
2013-12-12,42.1197
2013-12-13,37.7984
2013-12-16,40.7929
2013-12-17,41.2542
2013-12-18,48.1401
2013-12-19,47.1087
2013-12-20,53.7248
2013-12-23,54.9558
2013-12-24,59.2378
2013-12-26,60.6992
2013-12-27,58.8971
2013-12-30,54.8911
2013-12-31,62.3124
2014-01-02,56.2484
2014-01-03,59.4724
2014-01-06,51.7065
2014-01-07,55.356
2014-01-08,56.0134
2014-01-09,55.3184
2014-01-10,49.7291
2014-01-13,48.063
2014-01-14,54.9618
2014-01-15,59.9589
2014-01-16,56.5012
2014-01-17,53.5399
2014-01-21,46.8902
2014-01-22,49.2949
2014-01-23,47.8953
2014-01-24,39.4751
2014-01-27,40.2474
2014-01-28,41.4564
2014-01-29,41.3545
2014-01-30,44.7377
2014-01-31,43.5748
2014-02-03,41.5508
2014-02-04,44.0145
2014-02-05,44.6497
2014-02-06,48.0731
2014-02-07,52.3213
2014-02-10,52.7529
2014-02-11,55.7357
2014-02-12,63.7567
2014-02-13,67.8661
2014-02-14,70.5188
2014-02-18,71.2006
2014-02-19,61.7127
2014-02-20,65.1193
2014-02-21,62.2584
2014-02-24,59.6854
2014-02-25,58.5799
2014-02-26,58.3242
2014-02-27,58.9513
2014-02-28,60.3585
2014-03-03,60.8917
2014-03-04,67.7562
2014-03-05,72.111
2014-03-06,69.7066
2014-03-07,65.1852
2014-03-10,63.9571
2014-03-11,63.6163
2014-03-12,58.1989
2014-03-13,48.8391
2014-03-14,45.5972
2014-03-17,49.5723
2014-03-18,47.6427
2014-03-19,43.1577
2014-03-20,49.3562
2014-03-21,45.7286
2014-03-24,46.5706
2014-03-25,49.5248
2014-03-26,39.9254
2014-03-27,33.609
2014-03-28,36.0373
2014-03-31,33.9466
2014-04-01,34.4642
2014-04-02,43.4218
2014-04-03,44.3567
2014-04-04,38.5292
2014-04-07,40.5641
2014-04-08,37.7316
2014-04-09,41.9644
2014-04-10,38.9216
2014-04-11,38.2626
2014-04-14,39.5257
2014-04-15,50.1097
2014-04-16,57.7812
2014-04-17,60.6306
2014-04-21,57.0038
2014-04-22,60.5569
2014-04-23,56.7042
2014-04-24,55.0683
2014-04-25,52.6459
2014-04-28,49.6671
2014-04-29,45.9364
2014-04-30,49.1554
2014-05-01,49.6045
2014-05-02,50.2878
2014-05-05,53.6927
2014-05-06,55.3214
2014-05-07,61.0487
2014-05-08,57.1284
2014-05-09,61.3689
2014-05-12,61.872
2014-05-13,59.8703
2014-05-14,58.4304
2014-05-15,55.5562
2014-05-16,55.7779
2014-05-19,57.4162
2014-05-20,52.4091
2014-05-21,54.561
2014-05-22,55.4523
2014-05-23,57.1715
2014-05-27,54.1972
2014-05-28,47.6555
2014-05-29,56.6766
2014-05-30,54.9447
2014-06-02,54.3584
2014-06-03,52.9732
2014-06-04,51.2153
2014-06-05,50.6354
2014-06-06,49.0013
2014-06-09,42.2562
2014-06-10,47.3973
2014-06-11,41.6982
2014-06-12,41.2385
2014-06-13,36.7404
2014-06-16,41.4583
2014-06-17,42.2374
2014-06-18,46.4977
2014-06-19,41.6879
2014-06-20,48.0943
2014-06-23,57.5856
2014-06-24,47.9941
2014-06-25,42.1906
2014-06-26,44.3799
2014-06-27,38.5765
2014-06-30,40.9392
2014-07-01,39.75
2014-07-02,38.9852
2014-07-03,47.0029
2014-07-07,48.4752
2014-07-08,47.4378
2014-07-09,53.3491
2014-07-10,52.4331
2014-07-11,52.9145
2014-07-14,51.2018
2014-07-15,46.5691
2014-07-16,53.5434
2014-07-17,53.9757
2014-07-18,58.1302
2014-07-21,61.1566
2014-07-22,63.1873
2014-07-23,63.495
2014-07-24,63.4532
2014-07-25,72.4899
2014-07-28,76.7036
2014-07-29,66.9073
2014-07-30,63.0705
2014-07-31,55.8657
2014-08-01,57.3456
2014-08-04,64.9841
2014-08-05,53.8194
2014-08-06,52.004
2014-08-07,50.7647
2014-08-08,52.9487
2014-08-11,52.5506
2014-08-12,54.1685
2014-08-13,51.4973
2014-08-14,50.0063
2014-08-15,52.6376
2014-08-18,58.0529
2014-08-19,59.9202
2014-08-20,65.6886
2014-08-21,63.9114
2014-08-22,61.5976
2014-08-25,64.0152
2014-08-26,57.13
2014-08-27,64.4659
2014-08-28,63.9189
2014-08-29,69.1059
2014-09-02,63.1223
2014-09-03,59.809
2014-09-04,55.4499
2014-09-05,58.8816
2014-09-08,51.835
2014-09-09,43.6251
2014-09-10,46.595
2014-09-11,50.3582
2014-09-12,44.2834
2014-09-15,50.1772
2014-09-16,43.8874
2014-09-17,43.6386
2014-09-18,53.413
2014-09-19,46.7035
2014-09-22,40.999
2014-09-23,38.2298
2014-09-24,43.9594
2014-09-25,40.2205
2014-09-26,49.7965
2014-09-29,50.9452
2014-09-30,44.2512
2014-10-01,41.0231
2014-10-02,45.3258
2014-10-03,40.9546
2014-10-06,42.9842
2014-10-07,35.3341
2014-10-08,40.153
2014-10-09,38.3022
2014-10-10,36.2867
2014-10-13,26.8186
2014-10-14,24.6941
2014-10-15,32.5893
2014-10-16,39.0034
2014-10-17,32.5196
2014-10-20,38.4732
2014-10-21,45.2687
2014-10-22,49.5501
2014-10-23,55.3305
2014-10-24,51.7449
2014-10-27,45.0826
2014-10-28,50.66
2014-10-29,45.4872
2014-10-30,47.4263
2014-10-31,55.3228
2014-11-03,50.8318
2014-11-04,44.6027
2014-11-05,45.0925
2014-11-06,44.0414
2014-11-07,47.2914
2014-11-10,43.0193
2014-11-11,43.8044
2014-11-12,49.8902
2014-11-13,56.0223
2014-11-14,57.2803
2014-11-17,55.5465
2014-11-18,56.8288
2014-11-19,58.4107
2014-11-20,59.6377
2014-11-21,52.8948
2014-11-24,54.0565
2014-11-25,53.501
2014-11-26,52.7802
2014-11-28,33.8813
2014-12-01,33.2531
2014-12-02,29.911
2014-12-03,32.0343
2014-12-04,38.3064
2014-12-05,36.6383
2014-12-08,34.9728
2014-12-09,47.7082
2014-12-10,42.38
2014-12-11,40.0731
2014-12-12,34.5571
2014-12-15,30.0085
2014-12-16,31.4088
2014-12-17,37.76
2014-12-18,41.4306
2014-12-19,48.3356
2014-12-22,48.2831
2014-12-23,55.0473
2014-12-24,54.6347
2014-12-26,56.1698
2014-12-29,52.5975
2014-12-30,47.7747
2014-12-31,41.2093
2015-01-02,42.4845
2015-01-05,34.6521
2015-01-06,32.058
2015-01-07,34.9933
2015-01-08,42.46
2015-01-09,44.9557
2015-01-12,40.4712
2015-01-13,38.4662
2015-01-14,45.5263
2015-01-15,47.4805
2015-01-16,54.6225
2015-01-20,51.4221
2015-01-21,56.4565
2015-01-22,59.1079
2015-01-23,60.2816
2015-01-26,58.3041
2015-01-27,60.8381
2015-01-28,50.9005
2015-01-29,54.0884
2015-01-30,49.3674
2015-02-02,54.5706
2015-02-03,62.5393
2015-02-04,62.2558
2015-02-05,60.7108
2015-02-06,60.232
2015-02-09,58.9775
2015-02-10,58.7819
2015-02-11,56.387
2015-02-12,52.7439
2015-02-13,55.2819
2015-02-17,58.8084
2015-02-18,65.593
2015-02-19,70.3158
2015-02-20,69.9153
2015-02-23,73.334
2015-02-24,71.7203
2015-02-25,65.3855
2015-02-26,59.1718
2015-02-27,53.222
2015-03-02,50.985
2015-03-03,51.5683
2015-03-04,52.1598
2015-03-05,54.7531
2015-03-06,59.6763
2015-03-09,62.3003
2015-03-10,57.6398
2015-03-11,54.538
2015-03-12,52.7768
2015-03-13,43.7845
2015-03-16,48.0761
2015-03-17,44.7626
2015-03-18,56.5391
2015-03-19,59.0288
2015-03-20,56.6742
2015-03-23,55.244
2015-03-24,56.825
2015-03-25,47.6733
2015-03-26,54.1026
2015-03-27,42.6216
2015-03-30,48.2522
2015-03-31,50.6405
2015-04-01,55.0312
2015-04-02,52.6804
2015-04-06,59.3667
2015-04-07,61.7566
2015-04-08,59.7047
2015-04-09,54.8158
2015-04-10,54.9557
2015-04-13,50.0878
2015-04-14,58.1898
2015-04-15,61.6368
2015-04-16,56.7877
2015-04-17,62.7488
2015-04-20,67.8926
2015-04-21,68.455
2015-04-22,70.723
2015-04-23,68.2439
2015-04-24,65.4835
2015-04-27,70.499
2015-04-28,74.0047
2015-04-29,76.673
2015-04-30,70.8914
2015-05-01,71.3798
2015-05-04,69.4217
2015-05-05,60.5639
2015-05-06,53.7303
2015-05-07,50.0054
2015-05-08,43.8638
2015-05-11,43.2961
2015-05-12,41.0537
2015-05-13,43.7719
2015-05-14,43.2767
2015-05-15,48.0009
2015-05-18,47.9585
2015-05-19,44.6572
2015-05-20,47.6362
2015-05-21,49.9753
2015-05-22,48.7454
2015-05-26,48.4402
2015-05-27,47.9544
2015-05-28,50.4198
2015-05-29,52.983
2015-06-01,51.9814
2015-06-02,50.053
2015-06-03,47.5779
2015-06-04,42.7583
2015-06-05,40.1403
2015-06-08,33.4445
2015-06-09,40.7401
2015-06-10,44.8109
2015-06-11,44.1799
2015-06-12,47.525
2015-06-15,57.9817
2015-06-16,62.5095
2015-06-17,58.9342
2015-06-18,59.1787
2015-06-19,54.2187
2015-06-22,55.4376
2015-06-23,54.2951
2015-06-24,56.5414
2015-06-25,54.9286
2015-06-26,53.2324
2015-06-29,42.5123
2015-06-30,46.2772
2015-07-01,39.0082
2015-07-02,39.2684
2015-07-06,32.7116
2015-07-07,36.3828
2015-07-08,35.4173
2015-07-09,40.5392
2015-07-10,40.7366
2015-07-13,45.4029
2015-07-14,48.8191
2015-07-15,52.5423
2015-07-16,49.8358
2015-07-17,47.9776
2015-07-20,46.9142
2015-07-21,44.4046
2015-07-22,44.4509
2015-07-23,35.5616
2015-07-24,35.7677
2015-07-27,35.2009
2015-07-28,45.8589
2015-07-29,48.5264
2015-07-30,52.0118
2015-07-31,48.7427
2015-08-03,46.3652
2015-08-04,50.8052
2015-08-05,48.4079
2015-08-06,41.8415
2015-08-07,33.6575
2015-08-10,42.6276
2015-08-11,43.7304
2015-08-12,50.5606
2015-08-13,50.2423
2015-08-14,47.1413
2015-08-17,51.1542
2015-08-18,53.3142
2015-08-19,47.2981
2015-08-20,45.4846
2015-08-21,36.5708
2015-08-24,40.7376
2015-08-25,38.2285
2015-08-26,41.5342
2015-08-27,49.1335
2015-08-28,47.5075
2015-08-31,52.0872
2015-09-01,50.6841
2015-09-02,52.4211
2015-09-03,57.0418
2015-09-04,50.2712
2015-09-08,50.1379
2015-09-09,44.8983
2015-09-10,43.0358
2015-09-11,50.524
2015-09-14,46.2524
2015-09-15,50.8261
2015-09-16,60.1971
2015-09-17,53.2156
2015-09-18,60.0741
2015-09-21,59.596
2015-09-22,56.7166
2015-09-23,51.3306
2015-09-24,55.7875
2015-09-25,51.2684
2015-09-28,44.9453
2015-09-29,43.7275
2015-09-30,46.9488
2015-10-01,51.2201
2015-10-02,62.3845
2015-10-05,61.7182
2015-10-06,62.8299
2015-10-07,70.0094
2015-10-08,73.0314
2015-10-09,67.1161
2015-10-12,62.7786
2015-10-13,55.8445
2015-10-14,56.4054
2015-10-15,55.7892
2015-10-16,55.3846
2015-10-19,52.5364
2015-10-20,52.1765
2015-10-21,50.1271
2015-10-22,57.3812
2015-10-23,57.5391
2015-10-26,51.2423
2015-10-27,47.7575
2015-10-28,48.6397
2015-10-29,51.2794
2015-10-30,57.0427
2015-11-02,54.5983
2015-11-03,52.2021
2015-11-04,54.3603
2015-11-05,57.8741
2015-11-06,61.0017
2015-11-09,55.6306
2015-11-10,55.4146
2015-11-11,48.3435
2015-11-12,43.0804
2015-11-13,47.8286
2015-11-16,53.5797
2015-11-17,49.0337
2015-11-18,54.7729
2015-11-19,50.6311
2015-11-20,50.0996
2015-11-23,53.0561
2015-11-24,55.3717
2015-11-25,49.4304
2015-11-27,49.0237
2015-11-30,47.0731
2015-12-01,54.6396
2015-12-02,54.1715
2015-12-03,52.9277
2015-12-04,54.3794
2015-12-07,42.6318
2015-12-08,40.8879
2015-12-09,40.4352
2015-12-10,37.8169
2015-12-11,37.343
2015-12-14,41.5901
2015-12-15,40.5142
2015-12-16,46.1716
2015-12-17,45.5489
2015-12-18,43.6088
2015-12-21,43.0501
2015-12-22,44.9709
2015-12-23,46.721
2015-12-24,39.6755
2015-12-28,37.2001
2015-12-29,44.0663
2015-12-30,45.0326
2015-12-31,44.8326
2016-01-04,51.642
2016-01-05,46.0618
2016-01-06,40.9912
2016-01-07,37.0722
2016-01-08,32.2733
2016-01-11,31.2933
2016-01-12,37.8167
2016-01-13,30.02
2016-01-14,31.0746
2016-01-15,33.1654
2016-01-19,37.4107
2016-01-20,42.1322
2016-01-21,49.6551
2016-01-22,51.0837
2016-01-25,52.2039
2016-01-26,53.9061
2016-01-27,53.3453
2016-01-28,51.2053
2016-01-29,52.3347
2016-02-01,50.4724
2016-02-02,45.012
2016-02-03,55.8945
2016-02-04,57.7251
2016-02-05,58.6781
2016-02-08,58.172
2016-02-09,57.5792
2016-02-10,53.1414
2016-02-11,52.8361
2016-02-12,54.836
2016-02-16,52.0048
2016-02-17,51.9416
2016-02-18,58.1211
2016-02-19,52.7261
2016-02-22,59.1748
2016-02-23,53.3728
2016-02-24,54.1413
2016-02-25,54.2632
2016-02-26,57.4638
2016-02-29,53.1606
2016-03-01,56.2376
2016-03-02,54.4749
2016-03-03,58.6251
2016-03-04,54.4442
2016-03-07,56.4037
2016-03-08,47.019
2016-03-09,52.875
2016-03-10,57.9949
2016-03-11,61.6527
2016-03-14,58.5743
2016-03-15,58.3287
2016-03-16,59.5653
2016-03-17,68.3469
2016-03-18,63.0089
2016-03-21,56.5359
2016-03-22,54.9063
2016-03-23,57.6356
2016-03-24,59.5135
2016-03-28,53.9157
2016-03-29,56.0012
2016-03-30,57.8913
2016-03-31,56.0105
2016-04-01,61.7486
2016-04-04,61.8156
2016-04-05,54.8135
2016-04-06,58.5214
2016-04-07,50.8249
2016-04-08,49.4006
2016-04-11,51.9831
2016-04-12,51.8516
2016-04-13,53.3664
2016-04-14,52.4401
2016-04-15,46.3918
2016-04-18,54.7892
2016-04-19,62.6913
2016-04-20,62.6993
2016-04-21,49.8598
2016-04-22,49.2843
2016-04-25,46.8978
2016-04-26,49.2878
2016-04-27,45.4032
2016-04-28,37.1932
2016-04-29,35.4844
2016-05-02,40.2688
2016-05-03,43.2709
2016-05-04,42.9171
2016-05-05,39.7908
2016-05-06,38.9573
2016-05-09,41.5375
2016-05-10,49.2001
2016-05-11,45.4239
2016-05-12,37.9731
2016-05-13,38.2721
2016-05-16,45.5583
2016-05-17,44.2898
2016-05-18,41.5159
2016-05-19,40.727
2016-05-20,38.6165
2016-05-23,39.7794
2016-05-24,44.2935
2016-05-25,46.1065
2016-05-26,39.5153
2016-05-27,43.4762
2016-05-31,41.2465
2016-06-01,50.7145
2016-06-02,48.9602
2016-06-03,49.4644
2016-06-06,47.7355
2016-06-07,54.3492
2016-06-08,52.7289
2016-06-09,47.7287
2016-06-10,45.9468
2016-06-13,46.3505
2016-06-14,44.1905
2016-06-15,38.7659
2016-06-16,41.8522
2016-06-17,46.0863
2016-06-20,43.1474
2016-06-21,37.7033
2016-06-22,38.1638
2016-06-23,39.8847
2016-06-24,31.4417
2016-06-27,27.7289
2016-06-28,28.7216
2016-06-29,35.9155
2016-06-30,38.8705
2016-07-01,39.6646
2016-07-05,36.6498
2016-07-06,45.3345
2016-07-07,50.8627
2016-07-08,55.8718
2016-07-11,49.9852
2016-07-12,50.2294
2016-07-13,50.4718
2016-07-14,53.514
2016-07-15,51.9684
2016-07-18,54.456
2016-07-19,52.5801
2016-07-20,59.6107
2016-07-21,53.2829
2016-07-22,50.811
2016-07-25,56.2482
2016-07-26,55.7244
2016-07-27,49.2646
2016-07-28,50.6133
2016-07-29,43.1507
2016-08-01,45.2299
2016-08-02,41.3056
2016-08-03,43.9109
2016-08-04,45.2394
2016-08-05,44.319
2016-08-08,43.7605
2016-08-09,43.6152
2016-08-10,40.6847
2016-08-11,54.7888
2016-08-12,46.6021
2016-08-15,51.2707
2016-08-16,49.2516
2016-08-17,48.6264
2016-08-18,56.2919
2016-08-19,62.269
2016-08-22,56.0925
2016-08-23,56.2511
2016-08-24,48.2403
2016-08-25,52.3559
2016-08-26,47.9689
2016-08-29,47.0092
2016-08-30,46.3134
2016-08-31,46.1812
2016-09-01,45.4544
2016-09-02,50.6807
2016-09-06,53.0777
2016-09-07,53.159
2016-09-08,47.7199
2016-09-09,35.4621
2016-09-12,41.0669
2016-09-13,37.6915
2016-09-14,39.6281
2016-09-15,41.2914
2016-09-16,46.8262
2016-09-19,51.5252
2016-09-20,53.4345
2016-09-21,51.9956
2016-09-22,54.3914
2016-09-23,47.1307
2016-09-26,41.0018
2016-09-27,44.6145
2016-09-28,52.0104
2016-09-29,54.6791
2016-09-30,53.3021
2016-10-03,59.6434
2016-10-04,55.1692
2016-10-05,56.5051
2016-10-06,57.8356
2016-10-07,46.6933
2016-10-10,47.8963
2016-10-11,45.359
2016-10-12,45.7011
2016-10-13,52.2845
2016-10-14,47.5044
2016-10-17,41.138
2016-10-18,42.0994
2016-10-19,48.6289
2016-10-20,51.4748
2016-10-21,53.7153
2016-10-24,47.5012
2016-10-25,46.5009
2016-10-26,48.2417
2016-10-27,49.0528
2016-10-28,43.1921
2016-10-31,42.5455
2016-11-01,36.9439
2016-11-02,38.0719
2016-11-03,44.9954
2016-11-04,42.4918
2016-11-07,43.3079
2016-11-08,45.0747
2016-11-09,53.25
2016-11-10,58.8294
2016-11-11,58.5646
2016-11-14,61.3163
2016-11-15,63.4093
2016-11-16,64.2882
2016-11-17,62.5538
2016-11-18,61.2542
2016-11-21,65.903
2016-11-22,71.4045
2016-11-23,73.2652
2016-11-25,73.5479
2016-11-28,69.2652
2016-11-29,64.1042
2016-11-30,72.1478
2016-12-01,66.5434
2016-12-02,61.4904
2016-12-05,55.494
2016-12-06,53.2726
2016-12-07,58.3499
2016-12-08,63.0796
2016-12-09,49.5889
2016-12-12,52.0283
2016-12-13,57.0219
2016-12-14,55.6578
2016-12-15,60.9128
2016-12-16,58.3727
2016-12-19,55.3706
2016-12-20,55.9483
2016-12-21,53.8166
2016-12-22,52.4898
2016-12-23,60.0624
2016-12-27,48.6958
2016-12-28,44.7805
2016-12-29,40.9996
2016-12-30,44.4936
2017-01-03,45.5803
2017-01-04,50.3743
2017-01-05,48.8864
2017-01-06,49.7149
2017-01-09,47.1478
2017-01-10,48.931
2017-01-11,54.0192
2017-01-12,57.1295
2017-01-13,52.6736
2017-01-17,54.2381
2017-01-18,53.9794
2017-01-19,58.7722
2017-01-20,58.7853
2017-01-23,57.5939
2017-01-24,63.2005
2017-01-25,67.3136
2017-01-26,60.9124
2017-01-27,62.0257
2017-01-30,61.9096
2017-01-31,60.7097
2017-02-01,61.3437
2017-02-02,52.5988
2017-02-03,50.4018
2017-02-06,54.7365
2017-02-07,49.4871
2017-02-08,48.8924
2017-02-09,50.1255
2017-02-10,45.139
2017-02-13,45.2778
2017-02-14,45.4513
2017-02-15,47.3139
2017-02-16,49.423
2017-02-17,51.9613
2017-02-21,58.078
2017-02-22,56.7421
2017-02-23,53.1213
2017-02-24,51.2137
2017-02-27,47.5418
2017-02-28,53.1893
2017-03-01,57.7055
2017-03-02,50.4649
2017-03-03,51.7342
2017-03-06,51.7076
2017-03-07,52.0036
2017-03-08,48.7493
2017-03-09,48.2535
2017-03-10,45.2278
2017-03-13,51.1168
2017-03-14,47.4281
2017-03-15,55.7216
2017-03-16,52.0892
2017-03-17,53.5489
2017-03-20,54.8135
2017-03-21,43.4681
2017-03-22,43.4792
2017-03-23,46.2638
2017-03-24,39.1432
2017-03-27,49.5732
2017-03-28,55.9611
2017-03-29,53.3428
2017-03-30,58.5579
2017-03-31,58.8097
2017-04-03,57.2128
2017-04-04,60.4319
2017-04-05,44.994
2017-04-06,44.3219
2017-04-07,46.0729
2017-04-10,43.718
2017-04-11,43.5233
2017-04-12,39.6446
2017-04-13,34.0913
2017-04-17,37.9926
2017-04-18,37.074
2017-04-19,32.455
2017-04-20,31.0236
2017-04-21,27.7614
2017-04-24,33.9939
2017-04-25,37.3087
2017-04-26,39.6066
2017-04-27,41.8208
2017-04-28,38.485
2017-05-01,37.5433
2017-05-02,42.5401
2017-05-03,36.5968
2017-05-04,39.5307
2017-05-05,47.5347
2017-05-08,37.1106
2017-05-09,43.2274
2017-05-10,47.2389
2017-05-11,44.1162
2017-05-12,44.623
2017-05-15,45.1966
2017-05-16,40.4013
2017-05-17,37.8398
2017-05-18,39.7223
2017-05-19,40.8386
2017-05-22,38.7482
2017-05-23,41.3907
2017-05-24,40.8172
2017-05-25,36.4724
2017-05-26,45.0649
2017-05-30,41.61
2017-05-31,45.3231
2017-06-01,52.2456
2017-06-02,50.1351
2017-06-05,45.2584
2017-06-06,52.8137
2017-06-07,49.1686
2017-06-08,47.5131
2017-06-09,52.7334
2017-06-12,48.3084
2017-06-13,55.6258
2017-06-14,51.3508
2017-06-15,48.8044
2017-06-16,54.1681
2017-06-19,54.2184
2017-06-20,48.8782
2017-06-21,48.3085
2017-06-22,44.1503
2017-06-23,50.5595
2017-06-26,51.3755
2017-06-27,50.5606
2017-06-28,56.1682
2017-06-29,53.1175
2017-06-30,55.7093
2017-07-03,56.1478
2017-07-05,50.1969
2017-07-06,46.6698
2017-07-07,47.6354
2017-07-10,45.7832
2017-07-11,48.3482
2017-07-12,52.2117
2017-07-13,51.2467
2017-07-14,55.746
2017-07-17,56.9801
2017-07-18,51.9641
2017-07-19,56.0937
2017-07-20,51.4501
2017-07-21,49.8808
2017-07-24,51.1303
2017-07-25,54.7474
2017-07-26,52.2775
2017-07-27,49.9362
2017-07-28,53.8647
2017-07-31,52.9924
2017-08-01,51.0666
2017-08-02,49.1061
2017-08-03,49.0182
2017-08-04,50.2447
2017-08-07,52.6303
2017-08-08,41.6141
2017-08-09,46.7327
2017-08-10,39.5906
2017-08-11,37.6731
2017-08-14,41.1658
2017-08-15,41.8839
2017-08-16,40.8446
2017-08-17,32.9376
2017-08-18,40.3928
2017-08-21,47.5858
2017-08-22,50.2001
2017-08-23,49.9424
2017-08-24,52.7664
2017-08-25,52.034
2017-08-28,56.7265
2017-08-29,51.9588
2017-08-30,52.4566
2017-08-31,54.9172
2017-09-01,52.2973
2017-09-05,48.8556
2017-09-06,56.8374
2017-09-07,57.9801
2017-09-08,56.8287
2017-09-11,60.7019
2017-09-12,62.6533
2017-09-13,62.1299
2017-09-14,65.6478
2017-09-15,63.7383
2017-09-18,64.6035
2017-09-19,68.6499
2017-09-20,61.9222
2017-09-21,57.2723
2017-09-22,63.6414
2017-09-25,67.8442
2017-09-26,70.1692
2017-09-27,67.3912
2017-09-28,63.7046
2017-09-29,61.551
2017-10-02,66.8944
2017-10-03,62.9826
2017-10-04,55.2084
2017-10-05,52.5467
2017-10-06,54.0293
2017-10-09,55.0948
2017-10-10,54.9626
2017-10-11,46.5598
2017-10-12,51.5417
2017-10-13,51.461
2017-10-16,46.8829
2017-10-17,49.1319
2017-10-18,49.2577
2017-10-19,57.4398
2017-10-20,54.3561
2017-10-23,47.2134
2017-10-24,58.5376
2017-10-25,56.7458
2017-10-26,58.2689
2017-10-27,53.8822
2017-10-30,61.6681
2017-10-31,58.598
2017-11-01,55.8887
2017-11-02,53.9369
2017-11-03,59.0415
2017-11-06,58.5241
2017-11-07,58.932
2017-11-08,53.142
2017-11-09,53.2767
2017-11-10,57.7655
2017-11-13,59.1337
2017-11-14,51.8551
2017-11-15,48.6795
2017-11-16,52.145
2017-11-17,49.9368
2017-11-20,57.2698
2017-11-21,54.3878
2017-11-22,50.2487
2017-11-24,51.7485
2017-11-27,54.573
2017-11-28,57.2866
2017-11-29,52.4847
2017-11-30,48.9318
2017-12-01,50.6137
2017-12-04,50.3404
2017-12-05,47.9396
2017-12-06,46.3364
2017-12-07,48.937
2017-12-08,49.8123
2017-12-11,50.6582
2017-12-12,48.9249
2017-12-13,54.5154
2017-12-14,46.6545
2017-12-15,48.7107
2017-12-18,53.2862
2017-12-19,50.3879
2017-12-20,49.6364
2017-12-21,52.5791
2017-12-22,51.6193
2017-12-26,57.6849
2017-12-27,58.3904
2017-12-28,53.565
2017-12-29,51.6291
2018-01-02,61.5123
2018-01-03,66.7354
2018-01-04,65.6836
2018-01-05,71.9142
2018-01-08,72.1057
2018-01-09,66.2851
2018-01-10,71.6568
2018-01-11,74.0235
2018-01-12,73.8536
2018-01-16,66.9728
2018-01-17,66.2243
2018-01-18,66.4988
2018-01-19,72.6445
2018-01-22,70.6311
2018-01-23,66.4432
2018-01-24,60.8999
2018-01-25,68.5388
2018-01-26,68.474
2018-01-29,63.9636
2018-01-30,51.5806
2018-01-31,54.1173
2018-02-01,48.3685
2018-02-02,39.4468
2018-02-05,34.2265
2018-02-06,46.9991
2018-02-07,42.5305
2018-02-08,37.9101
2018-02-09,42.696
2018-02-12,45.7911
2018-02-13,50.5908
2018-02-14,56.5137
2018-02-15 12:17:11,46.2496
