date,SMA
2000-01-31,142.7625
2000-02-01,142.5375
2000-02-02,142.6031
2000-02-03,142.7625
2000-02-04,143.0047
2000-02-07,142.8359
2000-02-08,142.7391
2000-02-09,142.5781
2000-02-10,142.5031
2000-02-11,142.1875
2000-02-14,141.8141
2000-02-15,141.5773
2000-02-16,141.1773
2000-02-17,140.8539
2000-02-18,140.3976
2000-02-22,140.1289
2000-02-23,139.8601
2000-02-24,139.5101
2000-02-25,139.1641
2000-02-28,139.1766
2000-02-29,139.0703
2000-03-01,138.9453
2000-03-02,138.8187
2000-03-03,138.7156
2000-03-06,138.5734
2000-03-07,138.307
2000-03-08,137.9351
2000-03-09,137.9148
2000-03-10,137.843
2000-03-13,137.8383
2000-03-14,137.6945
2000-03-15,137.6312
2000-03-16,137.9984
2000-03-17,138.4312
2000-03-20,138.975
2000-03-21,139.6859
2000-03-22,140.3625
2000-03-23,141.3047
2000-03-24,142.3164
2000-03-27,143.107
2000-03-28,143.7883
2000-03-29,144.4273
2000-03-30,144.9351
2000-03-31,145.3976
2000-04-03,145.9726
2000-04-04,146.6266
2000-04-05,147.2422
2000-04-06,147.7226
2000-04-07,148.2883
2000-04-10,148.9008
2000-04-11,149.5898
2000-04-12,149.9133
2000-04-13,149.8086
2000-04-14,149.2617
2000-04-17,148.9898
2000-04-18,148.7539
2000-04-19,148.4055
2000-04-20,147.9633
2000-04-24,147.3976
2000-04-25,147.2086
2000-04-26,146.9797
2000-04-27,146.7187
2000-04-28,146.539
2000-05-01,146.3734
2000-05-02,146.0172
2000-05-03,145.5484
2000-05-04,145.1797
2000-05-05,144.832
2000-05-08,144.3828
2000-05-09,143.9062
2000-05-10,143.2922
2000-05-11,143.0422
2000-05-12,142.9703
2000-05-15,143.4344
2000-05-16,143.7312
2000-05-17,143.7656
2000-05-18,143.7781
2000-05-19,143.6437
2000-05-22,143.5344
2000-05-23,143.0265
2000-05-24,142.7148
2000-05-25,142.307
2000-05-26,141.9523
2000-05-30,141.7242
2000-05-31,141.6586
2000-06-01,141.8867
2000-06-02,142.1883
2000-06-05,142.368
2000-06-06,142.5687
2000-06-07,142.8773
2000-06-08,143.3164
2000-06-09,143.582
2000-06-12,143.6851
2000-06-13,143.8008
2000-06-14,143.8586
2000-06-15,144.0086
2000-06-16,144.1695
2000-06-19,144.5367
2000-06-20,144.9304
2000-06-21,145.4242
2000-06-22,145.6929
2000-06-23,146.0195
2000-06-26,146.4312
2000-06-27,146.564
2000-06-28,146.7015
2000-06-29,146.6453
2000-06-30,146.5172
2000-07-03,146.525
2000-07-05,146.4328
2000-07-06,146.3461
2000-07-07,146.4054
2000-07-10,146.4679
2000-07-11,146.632
2000-07-12,146.7086
2000-07-13,146.8054
2000-07-14,146.9601
2000-07-17,147.1804
2000-07-18,147.2453
2000-07-19,147.2765
2000-07-20,147.414
2000-07-21,147.5172
2000-07-24,147.6406
2000-07-25,147.6945
2000-07-26,147.7305
2000-07-27,147.7211
2000-07-28,147.6164
2000-07-31,147.5023
2000-08-01,147.332
2000-08-02,147.3305
2000-08-03,147.3226
2000-08-04,147.2367
2000-08-07,147.2508
2000-08-08,147.2773
2000-08-09,147.193
2000-08-10,147.0398
2000-08-11,146.8476
2000-08-14,146.7617
2000-08-15,146.7312
2000-08-16,146.7344
2000-08-17,146.7125
2000-08-18,146.8125
2000-08-21,146.9953
2000-08-22,147.1422
2000-08-23,147.3906
2000-08-24,147.6875
2000-08-25,148.1453
2000-08-28,148.5836
2000-08-29,148.9797
2000-08-30,149.2672
2000-08-31,149.6047
2000-09-01,149.9109
2000-09-05,150.0687
2000-09-06,150.1125
2000-09-07,150.2828
2000-09-08,150.4375
2000-09-11,150.5469
2000-09-12,150.5078
2000-09-13,150.4945
2000-09-14,150.5453
2000-09-15,150.3359
2000-09-18,150.0844
2000-09-19,149.8578
2000-09-20,149.5898
2000-09-21,149.182
2000-09-22,148.8804
2000-09-25,148.5304
2000-09-26,148.0625
2000-09-27,147.6304
2000-09-28,147.3633
2000-09-29,146.9273
2000-10-02,146.4945
2000-10-03,146.0554
2000-10-04,145.7617
2000-10-05,145.4289
2000-10-06,144.9914
2000-10-09,144.5117
2000-10-10,143.9711
2000-10-11,143.3531
2000-10-12,142.5273
2000-10-13,142.1055
2000-10-16,141.782
2000-10-17,141.2211
2000-10-18,140.6891
2000-10-19,140.5203
2000-10-20,140.2516
2000-10-23,140.0656
2000-10-24,139.925
2000-10-25,139.5828
2000-10-26,139.1672
2000-10-27,138.95
2000-10-30,138.7844
2000-10-31,138.807
2000-11-01,138.7461
2000-11-02,138.6719
2000-11-03,138.7578
2000-11-06,138.9469
2000-11-07,139.25
2000-11-08,139.4515
2000-11-09,139.7969
2000-11-10,139.75
2000-11-13,139.6187
2000-11-14,139.8375
2000-11-15,140.1031
2000-11-16,140.0062
2000-11-17,139.8429
2000-11-20,139.5508
2000-11-21,139.3398
2000-11-22,139.1312
2000-11-24,139.039
2000-11-27,138.8765
2000-11-28,138.5344
2000-11-29,138.0586
2000-11-30,137.5492
2000-12-01,137.025
2000-12-04,136.5531
2000-12-05,136.25
2000-12-06,135.8383
2000-12-07,135.4929
2000-12-08,135.1898
2000-12-11,135.2898
2000-12-12,135.4133
2000-12-13,135.264
2000-12-14,135.0062
2000-12-15,134.6859
2000-12-18,134.4898
2000-12-19,134.2562
2000-12-20,133.8
2000-12-21,133.5492
2000-12-22,133.3539
2000-12-26,133.1695
2000-12-27,133.1508
2000-12-28,133.1648
2000-12-29,133.1101
2001-01-02,132.9392
2001-01-03,133.022
2001-01-04,132.8111
2001-01-05,132.4953
2001-01-08,132.3225
2001-01-09,132.114
2001-01-10,131.7878
2001-01-11,131.5012
2001-01-12,131.2942
2001-01-16,131.2139
2001-01-17,131.3405
2001-01-18,131.4445
2001-01-19,131.6445
2001-01-22,132.077
2001-01-23,132.5208
2001-01-24,132.7939
2001-01-25,132.9767
2001-01-26,133.1061
2001-01-29,133.2502
2001-01-30,133.5808
2001-01-31,133.9908
2001-02-01,134.1358
2001-02-02,134.2008
2001-02-05,134.5308
2001-02-06,134.7908
2001-02-07,135.0358
2001-02-08,135.0858
2001-02-09,135.0608
2001-02-12,135.1308
2001-02-13,135.1058
2001-02-14,135.0358
2001-02-15,134.9608
2001-02-16,134.78
2001-02-20,134.455
2001-02-21,133.935
2001-02-22,133.405
2001-02-23,132.855
2001-02-26,132.44
2001-02-27,131.93
2001-02-28,131.24
2001-03-01,130.62
2001-03-02,129.905
2001-03-05,129.4
2001-03-06,128.915
2001-03-07,128.495
2001-03-08,128.115
2001-03-09,127.63
2001-03-12,126.945
2001-03-13,126.275
2001-03-14,125.545
2001-03-15,124.825
2001-03-16,123.91
2001-03-19,123.26
2001-03-20,122.55
2001-03-21,121.885
2001-03-22,121.15
2001-03-23,120.625
2001-03-26,120.04
2001-03-27,119.635
2001-03-28,119.185
2001-03-29,118.73
2001-03-30,118.385
2001-04-02,117.86
2001-04-03,117.075
2001-04-04,116.27
2001-04-05,115.67
2001-04-06,115.165
2001-04-09,114.99
2001-04-10,114.825
2001-04-11,114.775
2001-04-12,114.835
2001-04-16,114.965
2001-04-17,115.06
2001-04-18,115.55
2001-04-19,116.22
2001-04-20,116.89
2001-04-23,117.275
2001-04-24,117.56
2001-04-25,117.805
2001-04-26,118.24
2001-04-27,118.755
2001-04-30,119.165
2001-05-01,119.81
2001-05-02,120.63
2001-05-03,121.345
2001-05-04,121.955
2001-05-07,122.6
2001-05-08,123.18
2001-05-09,123.63
2001-05-10,124.095
2001-05-11,124.41
2001-05-14,124.8
2001-05-15,125.135
2001-05-16,125.385
2001-05-17,125.56
2001-05-18,125.82
2001-05-21,126.295
2001-05-22,126.79
2001-05-23,127.095
2001-05-24,127.39
2001-05-25,127.505
2001-05-29,127.615
2001-05-30,127.525
2001-05-31,127.485
2001-06-01,127.56
2001-06-04,127.56
2001-06-05,127.69
2001-06-06,127.765
2001-06-07,127.89
2001-06-08,127.94
2001-06-11,127.985
2001-06-12,128.01
2001-06-13,127.95
2001-06-14,127.6
2001-06-15,127.235
2001-06-18,126.815
2001-06-19,126.32
2001-06-20,125.865
2001-06-21,125.59
2001-06-22,125.255
2001-06-25,124.935
2001-06-26,124.66
2001-06-27,124.47
2001-06-28,124.28
2001-06-29,124.075
2001-07-02,123.915
2001-07-03,123.68
2001-07-05,123.38
2001-07-06,122.925
2001-07-09,122.56
2001-07-10,122.17
2001-07-11,121.795
2001-07-12,121.615
2001-07-13,121.625
2001-07-16,121.565
2001-07-17,121.59
2001-07-18,121.55
2001-07-19,121.535
2001-07-20,121.41
2001-07-23,121.215
2001-07-24,121.02
2001-07-25,120.895
2001-07-26,120.84
2001-07-27,120.77
2001-07-30,120.685
2001-07-31,120.55
2001-08-01,120.45
2001-08-02,120.495
2001-08-03,120.635
2001-08-06,120.665
2001-08-07,120.79
2001-08-08,120.795
2001-08-09,120.68
2001-08-10,120.535
2001-08-13,120.465
2001-08-14,120.34
2001-08-15,120.2
2001-08-16,120.03
2001-08-17,119.805
2001-08-20,119.7465
2001-08-21,119.6465
2001-08-22,119.5415
2001-08-23,119.3515
2001-08-24,119.2615
2001-08-27,119.1315
2001-08-28,118.8915
2001-08-29,118.5615
2001-08-30,118.0965
2001-08-31,117.7115
2001-09-04,117.3665
2001-09-05,117.0115
2001-09-06,116.6265
2001-09-07,116.1165
2001-09-10,115.6565
2001-09-17,114.9065
2001-09-18,114.1465
2001-09-19,113.3365
2001-09-20,112.337
2001-09-21,111.361
2001-09-24,110.5045
2001-09-25,109.802
2001-09-26,109.022
2001-09-27,108.307
2001-09-28,107.577
2001-10-01,106.877
2001-10-02,106.327
2001-10-03,105.922
2001-10-04,105.627
2001-10-05,105.277
2001-10-08,104.932
2001-10-09,104.547
2001-10-10,104.422
2001-10-11,104.487
2001-10-12,104.457
2001-10-15,104.707
2001-10-16,105.002
2001-10-17,105.287
2001-10-18,105.7215
2001-10-19,106.2275
2001-10-22,106.6675
2001-10-23,107.025
2001-10-24,107.385
2001-10-25,107.8
2001-10-26,108.095
2001-10-29,108.255
2001-10-30,108.285
2001-10-31,108.205
2001-11-01,108.26
2001-11-02,108.365
2001-11-05,108.575
2001-11-06,108.895
2001-11-07,109.095
2001-11-08,109.225
2001-11-09,109.385
2001-11-12,109.52
2001-11-13,109.75
2001-11-14,110.1
2001-11-15,110.475
2001-11-16,110.825
2001-11-19,111.14
2001-11-20,111.435
2001-11-21,111.705
2001-11-23,111.96
2001-11-26,112.24
2001-11-27,112.635
2001-11-28,112.99
2001-11-29,113.445
2001-11-30,113.725
2001-12-03,113.93
2001-12-04,114.16
2001-12-05,114.41
2001-12-06,114.66
2001-12-07,114.86
2001-12-10,114.945
2001-12-11,115.055
2001-12-12,115.04
2001-12-13,114.91
2001-12-14,114.82
2001-12-17,114.815
2001-12-18,114.775
2001-12-19,114.825
2001-12-20,114.86
2001-12-21,114.825
2001-12-24,114.765
2001-12-26,114.765
2001-12-27,114.905
2001-12-28,114.96
2001-12-31,114.97
2002-01-02,115.075
2002-01-03,115.15
2002-01-04,115.16
2002-01-07,115.135
2002-01-08,115.13
2002-01-09,115.19
2002-01-10,115.285
2002-01-11,115.315
2002-01-14,115.42
2002-01-15,115.525
2002-01-16,115.45
2002-01-17,115.385
2002-01-18,115.2525
2002-01-22,115.1375
2002-01-23,115.0475
2002-01-24,114.9925
2002-01-25,114.9025
2002-01-28,114.7925
2002-01-29,114.5075
2002-01-30,114.3875
2002-01-31,114.2725
2002-02-01,114.0675
2002-02-04,113.6825
2002-02-05,113.3025
2002-02-06,112.9125
2002-02-07,112.5325
2002-02-08,112.2325
2002-02-11,112.0575
2002-02-12,111.9025
2002-02-13,111.7575
2002-02-14,111.7225
2002-02-15,111.5825
2002-02-19,111.363
2002-02-20,111.273
2002-02-21,111.028
2002-02-22,110.828
2002-02-25,110.723
2002-02-26,110.588
2002-02-27,110.658
2002-02-28,110.623
2002-03-01,110.648
2002-03-04,110.803
2002-03-05,111.078
2002-03-06,111.458
2002-03-07,111.848
2002-03-08,112.298
2002-03-11,112.653
2002-03-12,112.943
2002-03-13,113.188
2002-03-14,113.368
2002-03-15,113.598
2002-03-18,113.888
2002-03-19,114.325
2002-03-20,114.555
2002-03-21,114.905
2002-03-22,115.175
2002-03-25,115.28
2002-03-26,115.435
2002-03-27,115.58
2002-03-28,115.745
2002-04-01,115.79
2002-04-02,115.695
2002-04-03,115.58
2002-04-04,115.375
2002-04-05,115.185
2002-04-08,114.98
2002-04-09,114.725
2002-04-10,114.535
2002-04-11,114.265
2002-04-12,114.04
2002-04-15,113.735
2002-04-16,113.56
2002-04-17,113.335
2002-04-18,113.2
2002-04-19,113.08
2002-04-22,112.88
2002-04-23,112.725
2002-04-24,112.48
2002-04-25,112.225
2002-04-26,111.87
2002-04-29,111.485
2002-04-30,111.185
2002-05-01,110.99
2002-05-02,110.795
2002-05-03,110.54
2002-05-06,110.17
2002-05-07,109.82
2002-05-08,109.6
2002-05-09,109.46
2002-05-10,109.176
2002-05-13,109.041
2002-05-14,108.891
2002-05-15,108.731
2002-05-16,108.626
2002-05-17,108.526
2002-05-20,108.461
2002-05-21,108.371
2002-05-22,108.346
2002-05-23,108.376
2002-05-24,108.441
2002-05-28,108.501
2002-05-29,108.471
2002-05-30,108.361
2002-05-31,108.281
2002-06-03,108.121
2002-06-04,108.076
2002-06-05,108.101
2002-06-06,107.826
2002-06-07,107.601
2002-06-10,107.5
2002-06-11,107.205
2002-06-12,106.825
2002-06-13,106.415
2002-06-14,105.965
2002-06-17,105.625
2002-06-18,105.39
2002-06-19,105.08
2002-06-20,104.695
2002-06-21,104.154
2002-06-24,103.709
2002-06-25,103.182
2002-06-26,102.703
2002-06-27,102.3245
2002-06-28,101.9125
2002-07-01,101.544
2002-07-02,101.0625
2002-07-03,100.558
2002-07-05,100.3485
2002-07-08,100.087
2002-07-09,99.682
2002-07-10,99.188
2002-07-11,98.7015
2002-07-12,98.214
2002-07-15,97.761
2002-07-16,97.084
2002-07-17,96.371
2002-07-18,95.636
2002-07-19,94.8115
2002-07-22,93.9575
2002-07-23,92.965
2002-07-24,92.323
2002-07-25,91.637
2002-07-26,90.9455
2002-07-29,90.486
2002-07-30,90.1815
2002-07-31,89.991
2002-08-01,89.6545
2002-08-02,89.0285
2002-08-05,88.3135
2002-08-06,87.863
2002-08-07,87.662
2002-08-08,87.566
2002-08-09,87.538
2002-08-12,87.452
2002-08-13,87.3725
2002-08-14,87.4465
2002-08-15,87.7315
2002-08-16,88.157
2002-08-19,88.817
2002-08-20,89.539
2002-08-21,90.0905
2002-08-22,90.7245
2002-08-23,91.1745
2002-08-26,91.449
2002-08-27,91.61
2002-08-28,91.657
2002-08-29,91.825
2002-08-30,92.0745
2002-09-03,92.3
2002-09-04,92.4475
2002-09-05,92.4815
2002-09-06,92.434
2002-09-09,92.4025
2002-09-10,92.4565
2002-09-11,92.5645
2002-09-12,92.426
2002-09-13,92.2345
2002-09-16,92.068
2002-09-17,91.6895
2002-09-18,91.3175
2002-09-19,90.765
2002-09-20,90.1485
2002-09-23,89.6015
2002-09-24,88.954
2002-09-25,88.4635
2002-09-26,88.145
2002-09-27,87.6755
2002-09-30,87.176
2002-10-01,87.048
2002-10-02,86.7285
2002-10-03,86.405
2002-10-04,85.945
2002-10-07,85.3685
2002-10-08,84.802
2002-10-09,84.1505
2002-10-10,83.7095
2002-10-11,83.434
2002-10-14,83.171
2002-10-15,83.2145
2002-10-16,83.1945
2002-10-17,83.373
2002-10-18,83.5875
2002-10-21,83.913
2002-10-22,84.2735
2002-10-23,84.566
2002-10-24,84.6975
2002-10-25,85.07
2002-10-28,85.461
2002-10-29,85.6035
2002-10-30,85.9175
2002-10-31,86.228
2002-11-01,86.7015
2002-11-04,87.3015
2002-11-05,87.8755
2002-11-06,88.6225
2002-11-07,89.129
2002-11-08,89.4035
2002-11-11,89.585
2002-11-12,89.598
2002-11-13,89.723
2002-11-14,89.846
2002-11-15,89.984
2002-11-18,89.9995
2002-11-19,90.0415
2002-11-20,90.15
2002-11-21,90.4365
2002-11-22,90.5975
2002-11-25,90.791
2002-11-26,90.9475
2002-11-27,91.19
2002-11-29,91.463
2002-12-02,91.656
2002-12-03,91.743
2002-12-04,91.773
2002-12-05,91.6925
2002-12-06,91.756
2002-12-09,91.7485
2002-12-10,91.8705
2002-12-11,91.9615
2002-12-12,92.0475
2002-12-13,91.978
2002-12-16,91.9905
2002-12-17,92.009
2002-12-18,91.981
2002-12-19,91.8205
2002-12-20,91.6155
2002-12-23,91.4455
2002-12-24,91.2395
2002-12-26,91.124
2002-12-27,90.779
2002-12-30,90.4855
2002-12-31,90.1905
2003-01-02,90.1005
2003-01-03,90.0455
2003-01-06,90.122
2003-01-07,90.157
2003-01-08,90.2515
2003-01-09,90.357
2003-01-10,90.471
2003-01-13,90.584
2003-01-14,90.7835
2003-01-15,90.821
2003-01-16,90.8795
2003-01-17,90.9225
2003-01-21,90.927
2003-01-22,90.836
2003-01-23,90.7705
2003-01-24,90.6215
2003-01-27,90.412
2003-01-28,90.3345
2003-01-29,90.253
2003-01-30,90.063
2003-01-31,89.8125
2003-02-03,89.5565
2003-02-04,89.1775
2003-02-05,88.7835
2003-02-06,88.4365
2003-02-07,87.967
2003-02-10,87.5145
2003-02-11,87.0345
2003-02-12,86.473
2003-02-13,85.9705
2003-02-14,85.577
2003-02-18,85.3255
2003-02-19,85.122
2003-02-20,84.93
2003-02-21,84.7535
2003-02-24,84.6245
2003-02-25,84.588
2003-02-26,84.4585
2003-02-27,84.3515
2003-02-28,84.375
2003-03-03,84.2765
2003-03-04,84.1025
2003-03-05,84.006
2003-03-06,83.901
2003-03-07,83.8445
2003-03-10,83.7395
2003-03-11,83.565
2003-03-12,83.4465
2003-03-13,83.5345
2003-03-14,83.6235
2003-03-17,83.755
2003-03-18,83.838
2003-03-19,83.977
2003-03-20,84.168
2003-03-21,84.3925
2003-03-24,84.537
2003-03-25,84.6895
2003-03-26,84.8815
2003-03-27,85.022
2003-03-28,85.1125
2003-03-31,85.145
2003-04-01,85.3095
2003-04-02,85.543
2003-04-03,85.7905
2003-04-04,86.0355
2003-04-07,86.372
2003-04-08,86.7555
2003-04-09,87.054
2003-04-10,87.2365
2003-04-11,87.3875
2003-04-14,87.496
2003-04-15,87.6205
2003-04-16,87.635
2003-04-17,87.7055
2003-04-21,87.7045
2003-04-22,87.937
2003-04-23,88.17
2003-04-24,88.384
2003-04-25,88.538
2003-04-28,88.792
2003-04-29,89.1445
2003-04-30,89.438
2003-05-01,89.627
2003-05-02,89.9025
2003-05-05,90.143
2003-05-06,90.436
2003-05-07,90.696
2003-05-08,90.967
2003-05-09,91.278
2003-05-12,91.6645
2003-05-13,91.9525
2003-05-14,92.189
2003-05-15,92.532
2003-05-16,92.7975
2003-05-19,92.9475
2003-05-20,93.0035
2003-05-21,93.027
2003-05-22,93.1375
2003-05-23,93.3045
2003-05-27,93.485
2003-05-28,93.679
2003-05-29,93.8545
2003-05-30,94.107
2003-06-02,94.314
2003-06-03,94.55
2003-06-04,94.8125
2003-06-05,95.1255
2003-06-06,95.466
2003-06-09,95.692
2003-06-10,95.9105
2003-06-11,96.19
2003-06-12,96.495
2003-06-13,96.7175
2003-06-16,97.057
2003-06-17,97.5075
2003-06-18,97.963
2003-06-19,98.3315
2003-06-20,98.625
2003-06-23,98.8675
2003-06-24,99.0235
2003-06-25,99.1165
2003-06-26,99.2855
2003-06-27,99.321
2003-06-30,99.335
2003-07-01,99.374
2003-07-02,99.4045
2003-07-03,99.359
2003-07-07,99.431
2003-07-08,99.576
2003-07-09,99.6425
2003-07-10,99.5925
2003-07-11,99.574
2003-07-14,99.6325
2003-07-15,99.575
2003-07-16,99.488
2003-07-17,99.3345
2003-07-18,99.309
2003-07-21,99.251
2003-07-22,99.2885
2003-07-23,99.3245
2003-07-24,99.3725
2003-07-25,99.444
2003-07-28,99.554
2003-07-29,99.6425
2003-07-30,99.674
2003-07-31,99.655
2003-08-01,99.6435
2003-08-04,99.534
2003-08-05,99.2975
2003-08-06,99.1175
2003-08-07,99.0525
2003-08-08,98.9545
2003-08-11,98.8505
2003-08-12,98.8025
2003-08-13,98.7585
2003-08-14,98.799
2003-08-15,98.8045
2003-08-18,98.9145
2003-08-19,98.999
2003-08-20,99.0595
2003-08-21,99.1735
2003-08-22,99.1505
2003-08-25,99.154
2003-08-26,99.1895
2003-08-27,99.2385
2003-08-28,99.307
2003-08-29,99.4535
2003-09-02,99.668
2003-09-03,100.015
2003-09-04,100.3365
2003-09-05,100.578
2003-09-08,100.848
2003-09-09,101.0655
2003-09-10,101.186
2003-09-11,101.347
2003-09-12,101.504
2003-09-15,101.6275
2003-09-16,101.7825
2003-09-17,101.9085
2003-09-18,102.116
2003-09-19,102.261
2003-09-22,102.4
2003-09-23,102.5505
2003-09-24,102.6005
2003-09-25,102.6075
2003-09-26,102.567
2003-09-29,102.5415
2003-09-30,102.399
2003-10-01,102.335
2003-10-02,102.287
2003-10-03,102.315
2003-10-06,102.324
2003-10-07,102.387
2003-10-08,102.489
2003-10-09,102.59
2003-10-10,102.696
2003-10-13,102.8365
2003-10-14,102.921
2003-10-15,103.0015
2003-10-16,103.042
2003-10-17,103.0715
2003-10-20,103.196
2003-10-21,103.292
2003-10-22,103.4135
2003-10-23,103.567
2003-10-24,103.7485
2003-10-27,103.8835
2003-10-28,104.138
2003-10-29,104.293
2003-10-30,104.4405
2003-10-31,104.536
2003-11-03,104.6425
2003-11-04,104.7175
2003-11-05,104.8095
2003-11-06,104.9155
2003-11-07,104.9675
2003-11-10,104.9815
2003-11-11,104.9755
2003-11-12,105.0425
2003-11-13,105.09
2003-11-14,105.15
2003-11-17,105.1445
2003-11-18,105.0935
2003-11-19,105.1525
2003-11-20,105.174
2003-11-21,105.2055
2003-11-24,105.3035
2003-11-25,105.351
2003-11-26,105.4105
2003-11-28,105.463
2003-12-01,105.578
2003-12-02,105.645
2003-12-03,105.715
2003-12-04,105.803
2003-12-05,105.8255
2003-12-08,105.9235
2003-12-09,106.0015
2003-12-10,106.0805
2003-12-11,106.1605
2003-12-12,106.2495
2003-12-15,106.3565
2003-12-16,106.518
2003-12-17,106.751
2003-12-18,107.001
2003-12-19,107.257
2003-12-22,107.5295
2003-12-23,107.7365
2003-12-24,107.918
2003-12-26,108.0845
2003-12-29,108.32
2003-12-30,108.499
2003-12-31,108.6965
2004-01-02,108.9
2004-01-05,109.142
2004-01-06,109.427
2004-01-07,109.695
2004-01-08,110.027
2004-01-09,110.31
2004-01-12,110.5745
2004-01-13,110.7955
2004-01-14,111.0905
2004-01-15,111.3715
2004-01-16,111.658
2004-01-20,111.882
2004-01-21,112.192
2004-01-22,112.449
2004-01-23,112.684
2004-01-26,112.9965
2004-01-27,113.2455
2004-01-28,113.356
2004-01-29,113.471
2004-01-30,113.581
2004-02-02,113.718
2004-02-03,113.785
2004-02-04,113.8
2004-02-05,113.8125
2004-02-06,113.866
2004-02-09,113.9705
2004-02-10,114.052
2004-02-11,114.2275
2004-02-12,114.335
2004-02-13,114.4025
2004-02-17,114.4995
2004-02-18,114.5725
2004-02-19,114.579
2004-02-20,114.583
2004-02-23,114.591
2004-02-24,114.517
2004-02-25,114.5265
2004-02-26,114.605
2004-02-27,114.682
2004-03-01,114.816
2004-03-02,114.8915
2004-03-03,114.987
2004-03-04,115.144
2004-03-05,115.304
2004-03-08,115.3295
2004-03-09,115.3305
2004-03-10,115.217
2004-03-11,114.9695
2004-03-12,114.816
2004-03-15,114.6195
2004-03-16,114.4005
2004-03-17,114.2695
2004-03-18,114.1615
2004-03-19,113.9705
2004-03-22,113.7235
2004-03-23,113.477
2004-03-24,113.211
2004-03-25,113.014
2004-03-26,112.8145
2004-03-29,112.636
2004-03-30,112.5105
2004-03-31,112.381
2004-04-01,112.2705
2004-04-02,112.1835
2004-04-05,112.199
2004-04-06,112.219
2004-04-07,112.3215
2004-04-08,112.484
2004-04-12,112.596
2004-04-13,112.6965
2004-04-14,112.7765
2004-04-15,112.7725
2004-04-16,112.8105
2004-04-19,112.949
2004-04-20,113.0625
2004-04-21,113.223
2004-04-22,113.458
2004-04-23,113.626
2004-04-26,113.7845
2004-04-27,113.87
2004-04-28,113.8625
2004-04-29,113.799
2004-04-30,113.658
2004-05-03,113.5335
2004-05-04,113.373
2004-05-05,113.267
2004-05-06,113.126
2004-05-07,112.9055
2004-05-10,112.606
2004-05-11,112.433
2004-05-12,112.286
2004-05-13,112.1375
2004-05-14,111.948
2004-05-17,111.7115
2004-05-18,111.598
2004-05-19,111.428
2004-05-20,111.1965
2004-05-21,110.969
2004-05-24,110.7725
2004-05-25,110.65
2004-05-26,110.621
2004-05-27,110.673
2004-05-28,110.768
2004-06-01,110.796
2004-06-02,110.8495
2004-06-03,110.815
2004-06-04,110.8735
2004-06-07,111.1105
2004-06-08,111.412
2004-06-09,111.614
2004-06-10,111.809
2004-06-14,111.9705
2004-06-15,112.1695
2004-06-16,112.4145
2004-06-17,112.6235
2004-06-18,112.8415
2004-06-21,113.0205
2004-06-22,113.2185
2004-06-23,113.4425
2004-06-24,113.5695
2004-06-25,113.6495
2004-06-28,113.6785
2004-06-29,113.7315
2004-06-30,113.8225
2004-07-01,113.813
2004-07-02,113.8525
2004-07-06,113.798
2004-07-07,113.674
2004-07-08,113.502
2004-07-09,113.399
2004-07-12,113.2705
2004-07-13,113.2025
2004-07-14,113.0775
2004-07-15,112.9175
2004-07-16,112.7615
2004-07-19,112.592
2004-07-20,112.514
2004-07-21,112.3045
2004-07-22,112.061
2004-07-23,111.7895
2004-07-26,111.535
2004-07-27,111.351
2004-07-28,111.16
2004-07-29,110.962
2004-07-30,110.857
2004-08-02,110.7665
2004-08-03,110.6825
2004-08-04,110.5815
2004-08-05,110.4305
2004-08-06,110.1865
2004-08-09,109.9475
2004-08-10,109.7735
2004-08-11,109.6055
2004-08-12,109.4145
2004-08-13,109.2385
2004-08-16,109.1415
2004-08-17,109.005
2004-08-18,109.0275
2004-08-19,109.019
2004-08-20,109.095
2004-08-23,109.1675
2004-08-24,109.1965
2004-08-25,109.2465
2004-08-26,109.273
2004-08-27,109.3035
2004-08-30,109.2765
2004-08-31,109.3215
2004-09-01,109.3775
2004-09-02,109.5865
2004-09-03,109.85
2004-09-07,110.143
2004-09-08,110.353
2004-09-09,110.569
2004-09-10,110.873
2004-09-13,111.185
2004-09-14,111.453
2004-09-15,111.6475
2004-09-16,111.803
2004-09-17,111.975
2004-09-20,112.0745
2004-09-21,112.2125
2004-09-22,112.2725
2004-09-23,112.265
2004-09-24,112.283
2004-09-27,112.248
2004-09-28,112.2855
2004-09-29,112.322
2004-09-30,112.344
2004-10-01,112.3975
2004-10-04,112.4835
2004-10-05,112.5355
2004-10-06,112.6375
2004-10-07,112.686
2004-10-08,112.6585
2004-10-11,112.6355
2004-10-12,112.579
2004-10-13,112.516
2004-10-14,112.391
2004-10-15,112.2965
2004-10-18,112.257
2004-10-19,112.146
2004-10-20,112.0945
2004-10-21,112.109
2004-10-22,112.0355
2004-10-25,111.991
2004-10-26,112.004
2004-10-27,112.056
2004-10-28,112.129
2004-10-29,112.1065
2004-11-01,112.09
2004-11-02,112.0725
2004-11-03,112.0905
2004-11-04,112.2455
2004-11-05,112.484
2004-11-08,112.691
2004-11-09,112.9085
2004-11-10,113.18
2004-11-11,113.541
2004-11-12,113.9175
2004-11-15,114.27
2004-11-16,114.627
2004-11-17,115.03
2004-11-18,115.405
2004-11-19,115.7765
2004-11-22,116.1825
2004-11-23,116.5135
2004-11-24,116.7915
2004-11-26,117.048
2004-11-29,117.2785
2004-11-30,117.4975
2004-12-01,117.7815
2004-12-02,117.999
2004-12-03,118.134
2004-12-06,118.2305
2004-12-07,118.28
2004-12-08,118.3755
2004-12-09,118.4875
2004-12-10,118.561
2004-12-13,118.64
2004-12-14,118.743
2004-12-15,118.893
2004-12-16,119.0045
2004-12-17,119.0395
2004-12-20,119.142
2004-12-21,119.2625
2004-12-22,119.3885
2004-12-23,119.505
2004-12-27,119.6135
2004-12-28,119.782
2004-12-29,119.9555
2004-12-30,120.0505
2004-12-31,120.1275
2005-01-03,120.18
2005-01-04,120.161
2005-01-05,120.1565
2005-01-06,120.1475
2005-01-07,120.109
2005-01-10,120.0925
2005-01-11,119.983
2005-01-12,119.872
2005-01-13,119.709
2005-01-14,119.5805
2005-01-18,119.582
2005-01-19,119.5195
2005-01-20,119.375
2005-01-21,119.18
2005-01-24,118.969
2005-01-25,118.787
2005-01-26,118.5895
2005-01-27,118.393
2005-01-28,118.208
2005-01-31,118.0725
2005-02-01,118.003
2005-02-02,118.025
2005-02-03,118.08
2005-02-04,118.161
2005-02-07,118.2425
2005-02-08,118.303
2005-02-09,118.3595
2005-02-10,118.418
2005-02-11,118.5755
2005-02-14,118.6975
2005-02-15,118.7805
2005-02-16,118.93
2005-02-17,119.0665
2005-02-18,119.247
2005-02-22,119.3495
2005-02-23,119.478
2005-02-24,119.6285
2005-02-25,119.8285
2005-02-28,119.9885
2005-03-01,120.142
2005-03-02,120.255
2005-03-03,120.3525
2005-03-04,120.5335
2005-03-07,120.6615
2005-03-08,120.7745
2005-03-09,120.8125
2005-03-10,120.909
2005-03-11,120.9415
2005-03-14,120.96
2005-03-15,120.933
2005-03-16,120.8325
2005-03-17,120.74
2005-03-18,120.6555
2005-03-21,120.541
2005-03-22,120.456
2005-03-23,120.3335
2005-03-24,120.1785
2005-03-28,119.9725
2005-03-29,119.7675
2005-03-30,119.615
2005-03-31,119.4545
2005-04-01,119.265
2005-04-04,119.01
2005-04-05,118.78
2005-04-06,118.5935
2005-04-07,118.507
2005-04-08,118.345
2005-04-11,118.23
2005-04-12,118.108
2005-04-13,117.966
2005-04-14,117.7985
2005-04-15,117.538
2005-04-18,117.336
2005-04-19,117.2015
2005-04-20,117.0465
2005-04-21,116.9965
2005-04-22,116.918
2005-04-25,116.869
2005-04-26,116.8025
2005-04-27,116.676
2005-04-28,116.488
2005-04-29,116.404
2005-05-02,116.3425
2005-05-03,116.263
2005-05-04,116.208
2005-05-05,116.119
2005-05-06,116.0735
2005-05-09,116.06
2005-05-10,115.955
2005-05-11,115.952
2005-05-12,115.961
2005-05-13,116.0395
2005-05-16,116.1545
2005-05-17,116.263
2005-05-18,116.5125
2005-05-19,116.677
2005-05-20,116.8545
2005-05-23,117.027
2005-05-24,117.242
2005-05-25,117.43
2005-05-26,117.7225
2005-05-27,117.9475
2005-05-31,118.1015
2005-06-01,118.296
2005-06-02,118.459
2005-06-03,118.5935
2005-06-06,118.741
2005-06-07,118.8565
2005-06-08,119.022
2005-06-09,119.184
2005-06-10,119.3965
2005-06-13,119.6395
2005-06-14,119.8425
2005-06-15,120.018
2005-06-16,120.1485
2005-06-17,120.252
2005-06-20,120.366
2005-06-21,120.4505
2005-06-22,120.554
2005-06-23,120.5765
2005-06-24,120.523
2005-06-27,120.468
2005-06-28,120.5015
2005-06-29,120.4685
2005-06-30,120.3895
2005-07-01,120.3585
2005-07-05,120.381
2005-07-06,120.3485
2005-07-07,120.3505
2005-07-08,120.3925
2005-07-11,120.4795
2005-07-12,120.5635
2005-07-13,120.642
2005-07-14,120.733
2005-07-15,120.805
2005-07-18,120.8545
2005-07-19,120.9355
2005-07-20,121.034
2005-07-21,121.0915
2005-07-22,121.2755
2005-07-25,121.486
2005-07-26,121.6955
2005-07-27,121.8775
2005-07-28,122.1145
2005-07-29,122.3425
2005-08-01,122.5485
2005-08-02,122.7435
2005-08-03,123.0055
2005-08-04,123.194
2005-08-05,123.272
2005-08-08,123.3075
2005-08-09,123.364
2005-08-10,123.409
2005-08-11,123.4545
2005-08-12,123.4655
2005-08-15,123.539
2005-08-16,123.4985
2005-08-17,123.4365
2005-08-18,123.41
2005-08-19,123.3565
2005-08-22,123.3205
2005-08-23,123.2655
2005-08-24,123.1335
2005-08-25,122.9845
2005-08-26,122.8355
2005-08-29,122.7375
2005-08-30,122.5705
2005-08-31,122.4635
2005-09-01,122.402
2005-09-02,122.3715
2005-09-06,122.424
2005-09-07,122.45
2005-09-08,122.4585
2005-09-09,122.4975
2005-09-12,122.562
2005-09-13,122.554
2005-09-14,122.604
2005-09-15,122.6515
2005-09-16,122.717
2005-09-19,122.748
2005-09-20,122.727
2005-09-21,122.6605
2005-09-22,122.67
2005-09-23,122.6625
2005-09-26,122.7035
2005-09-27,122.6965
2005-09-28,122.7275
2005-09-29,122.7315
2005-09-30,122.759
2005-10-03,122.7755
2005-10-04,122.6515
2005-10-05,122.4375
2005-10-06,122.2225
2005-10-07,121.973
2005-10-10,121.6855
2005-10-11,121.424
2005-10-12,121.1385
2005-10-13,120.8525
2005-10-14,120.611
2005-10-17,120.412
2005-10-18,120.2005
2005-10-19,120.144
2005-10-20,119.9605
2005-10-21,119.795
2005-10-24,119.714
2005-10-25,119.6225
2005-10-26,119.5075
2005-10-27,119.2795
2005-10-28,119.1175
2005-10-31,118.994
2005-11-01,118.9575
2005-11-02,119.0635
2005-11-03,119.217
2005-11-04,119.342
2005-11-07,119.5235
2005-11-08,119.7135
2005-11-09,119.958
2005-11-10,120.2535
2005-11-11,120.508
2005-11-14,120.737
2005-11-15,121.008
2005-11-16,121.1935
2005-11-17,121.542
2005-11-18,121.892
2005-11-21,122.182
2005-11-22,122.511
2005-11-23,122.894
2005-11-25,123.3455
2005-11-28,123.667
2005-11-29,123.965
2005-11-30,124.211
2005-12-01,124.458
2005-12-02,124.687
2005-12-05,124.9105
2005-12-06,125.14
2005-12-07,125.3325
2005-12-08,125.513
2005-12-09,125.6625
2005-12-12,125.797
2005-12-13,125.978
2005-12-14,126.2065
2005-12-15,126.404
2005-12-16,126.49
2005-12-19,126.519
2005-12-20,126.5225
2005-12-21,126.509
2005-12-22,126.492
2005-12-23,126.4735
2005-12-27,126.4355
2005-12-28,126.4185
2005-12-29,126.4075
2005-12-30,126.2985
2006-01-03,126.291
2006-01-04,126.327
2006-01-05,126.355
2006-01-06,126.473
2006-01-09,126.6115
2006-01-10,126.74
2006-01-11,126.883
2006-01-12,126.9575
2006-01-13,127.001
2006-01-17,127.0455
2006-01-18,127.117
2006-01-19,127.247
2006-01-20,127.254
2006-01-23,127.2735
2006-01-24,127.2665
2006-01-25,127.2615
2006-01-26,127.356
2006-01-27,127.4955
2006-01-30,127.658
2006-01-31,127.8075
2006-02-01,127.892
2006-02-02,127.872
2006-02-03,127.8165
2006-02-06,127.7245
2006-02-07,127.56
2006-02-08,127.446
2006-02-09,127.301
2006-02-10,127.193
2006-02-13,127.0795
2006-02-14,127.0505
2006-02-15,127.071
2006-02-16,127.1135
2006-02-17,127.2555
2006-02-21,127.359
2006-02-22,127.495
2006-02-23,127.616
2006-02-24,127.7185
2006-02-27,127.7645
2006-02-28,127.754
2006-03-01,127.8475
2006-03-02,127.896
2006-03-03,127.989
2006-03-06,128.084
2006-03-07,128.1525
2006-03-08,128.2905
2006-03-09,128.3285
2006-03-10,128.4375
2006-03-13,128.547
2006-03-14,128.7355
2006-03-15,128.886
2006-03-16,129.0275
2006-03-17,129.1005
2006-03-20,129.1805
2006-03-21,129.2355
2006-03-22,129.291
2006-03-23,129.3425
2006-03-24,129.3825
2006-03-27,129.4105
2006-03-28,129.46
2006-03-29,129.493
2006-03-30,129.515
2006-03-31,129.5685
2006-04-03,129.6465
2006-04-04,129.776
2006-04-05,129.9145
2006-04-06,130.089
2006-04-07,130.1365
2006-04-10,130.182
2006-04-11,130.105
2006-04-12,130.011
2006-04-13,129.895
2006-04-17,129.7945
2006-04-18,129.809
2006-04-19,129.877
2006-04-20,129.9145
2006-04-21,129.9665
2006-04-24,130.0015
2006-04-25,130.019
2006-04-26,130.078
2006-04-27,130.128
2006-04-28,130.2115
2006-05-01,130.24
2006-05-02,130.3225
2006-05-03,130.339
2006-05-04,130.3565
2006-05-05,130.439
2006-05-08,130.58
2006-05-09,130.724
2006-05-10,130.9195
2006-05-11,131.023
2006-05-12,131.0495
2006-05-15,131.094
2006-05-16,131.0245
2006-05-17,130.8195
2006-05-18,130.5735
2006-05-19,130.371
2006-05-22,130.132
2006-05-23,129.872
2006-05-24,129.6605
2006-05-25,129.4955
2006-05-26,129.341
2006-05-30,129.126
2006-05-31,128.9325
2006-06-01,128.8245
2006-06-02,128.7065
2006-06-05,128.4365
2006-06-06,128.159
2006-06-07,127.821
2006-06-08,127.481
2006-06-09,127.233
2006-06-12,126.9705
2006-06-13,126.623
2006-06-14,126.3325
2006-06-15,126.268
2006-06-16,126.19
2006-06-19,126.0185
2006-06-20,125.9165
2006-06-21,125.9085
2006-06-22,125.823
2006-06-23,125.6585
2006-06-26,125.489
2006-06-27,125.3795
2006-06-28,125.2415
2006-06-29,125.1685
2006-06-30,125.08
2006-07-03,125.114
2006-07-05,125.127
2006-07-06,125.206
2006-07-07,125.249
2006-07-10,125.292
2006-07-11,125.463
2006-07-12,125.638
2006-07-13,125.663
2006-07-14,125.561
2006-07-17,125.4955
2006-07-18,125.5105
2006-07-19,125.5905
2006-07-20,125.5815
2006-07-21,125.556
2006-07-24,125.6445
2006-07-25,125.728
2006-07-26,125.874
2006-07-27,125.972
2006-07-28,126.0075
2006-07-31,126.0385
2006-08-01,126.0095
2006-08-02,126.06
2006-08-03,126.109
2006-08-04,126.1885
2006-08-07,126.2435
2006-08-08,126.2435
2006-08-09,126.29
2006-08-10,126.4585
2006-08-11,126.633
2006-08-14,126.8215
2006-08-15,127.0545
2006-08-16,127.2595
2006-08-17,127.5195
2006-08-18,127.8565
2006-08-21,128.0525
2006-08-22,128.2255
2006-08-23,128.372
2006-08-24,128.519
2006-08-25,128.6105
2006-08-28,128.7395
2006-08-29,128.9075
2006-08-30,129.0365
2006-08-31,129.1475
2006-09-01,129.3085
2006-09-05,129.4945
2006-09-06,129.6495
2006-09-07,129.796
2006-09-08,129.9415
2006-09-11,130.1115
2006-09-12,130.3405
2006-09-13,130.52
2006-09-14,130.6419
2006-09-15,130.7384
2006-09-18,130.8109
2006-09-19,130.8949
2006-09-20,131.0145
2006-09-21,131.12
2006-09-22,131.211
2006-09-25,131.3445
2006-09-26,131.502
2006-09-27,131.66
2006-09-28,131.8115
2006-09-29,131.9585
2006-10-02,132.0415
2006-10-03,132.126
2006-10-04,132.3465
2006-10-05,132.61
2006-10-06,132.8465
2006-10-09,133.0805
2006-10-10,133.2595
2006-10-11,133.404
2006-10-12,133.6065
2006-10-13,133.84
2006-10-16,134.075
2006-10-17,134.305
2006-10-18,134.509
2006-10-19,134.756
2006-10-20,135.0245
2006-10-23,135.274
2006-10-24,135.489
2006-10-25,135.7195
2006-10-26,135.974
2006-10-27,136.1905
2006-10-30,136.427
2006-10-31,136.6485
2006-11-01,136.7455
2006-11-02,136.8255
2006-11-03,136.902
2006-11-06,137.0515
2006-11-07,137.2185
2006-11-08,137.4085
2006-11-09,137.5035
2006-11-10,137.584
2006-11-13,137.671
2006-11-14,137.8315
2006-11-15,138.003
2006-11-16,138.1815
2006-11-17,138.3605
2006-11-20,138.512
2006-11-21,138.65
2006-11-22,138.7785
2006-11-24,138.857
2006-11-27,138.8825
2006-11-28,138.943
2006-11-29,139.077
2006-11-30,139.2605
2006-12-01,139.4325
2006-12-04,139.67
2006-12-05,139.861
2006-12-06,140.0195
2006-12-07,140.132
2006-12-08,140.294
2006-12-11,140.4735
2006-12-12,140.6305
2006-12-13,140.743
2006-12-14,140.858
2006-12-15,140.956
2006-12-18,141.0325
2006-12-19,141.1185
2006-12-20,141.1935
2006-12-21,141.2285
2006-12-22,141.2485
2006-12-26,141.4065
2006-12-27,141.581
2006-12-28,141.668
2006-12-29,141.726
2007-01-03,141.7835
2007-01-04,141.8025
2007-01-05,141.7345
2007-01-08,141.705
2007-01-09,141.7005
2007-01-10,141.7065
2007-01-11,141.723
2007-01-12,141.799
2007-01-16,141.8535
2007-01-17,141.8885
2007-01-18,141.8985
2007-01-19,141.942
2007-01-22,141.95
2007-01-23,141.983
2007-01-24,142.0995
2007-01-25,142.175
2007-01-26,142.204
2007-01-29,142.181
2007-01-30,142.21
2007-01-31,142.313
2007-02-01,142.475
2007-02-02,142.632
2007-02-05,142.8475
2007-02-06,143.0325
2007-02-07,143.2395
2007-02-08,143.4135
2007-02-09,143.5025
2007-02-12,143.513
2007-02-13,143.598
2007-02-14,143.7275
2007-02-15,143.8905
2007-02-16,144.036
2007-02-20,144.219
2007-02-21,144.378
2007-02-22,144.474
2007-02-23,144.626
2007-02-26,144.7765
2007-02-27,144.649
2007-02-28,144.556
2007-03-01,144.394
2007-03-02,144.097
2007-03-05,143.724
2007-03-06,143.4665
2007-03-07,143.2
2007-03-08,142.9765
2007-03-09,142.7645
2007-03-12,142.617
2007-03-13,142.357
2007-03-14,142.088
2007-03-15,141.753
2007-03-16,141.3895
2007-03-19,141.113
2007-03-20,140.8595
2007-03-21,140.725
2007-03-22,140.5905
2007-03-23,140.495
2007-03-26,140.3965
2007-03-27,140.5645
2007-03-28,140.609
2007-03-29,140.682
2007-03-30,140.8485
2007-04-02,141.089
2007-04-03,141.2885
2007-04-04,141.503
2007-04-05,141.678
2007-04-09,141.861
2007-04-10,142.042
2007-04-11,142.3305
2007-04-12,142.5995
2007-04-13,142.92
2007-04-16,143.3285
2007-04-17,143.673
2007-04-18,143.988
2007-04-19,144.185
2007-04-20,144.457
2007-04-23,144.6905
2007-04-24,144.9365
2007-04-25,145.2675
2007-04-26,145.659
2007-04-27,146.037
2007-04-30,146.3515
2007-05-01,146.677
2007-05-02,146.9695
2007-05-03,147.2945
2007-05-04,147.6285
2007-05-07,147.954
2007-05-08,148.261
2007-05-09,148.618
2007-05-10,148.864
2007-05-11,149.141
2007-05-14,149.3325
2007-05-15,149.5065
2007-05-16,149.723
2007-05-17,149.9265
2007-05-18,150.1265
2007-05-21,150.3505
2007-05-22,150.5655
2007-05-23,150.7135
2007-05-24,150.784
2007-05-25,150.892
2007-05-29,151.0895
2007-05-30,151.33
2007-05-31,151.519
2007-06-01,151.7055
2007-06-04,151.8645
2007-06-05,151.9915
2007-06-06,152.046
2007-06-07,151.943
2007-06-08,152.016
2007-06-11,152.038
2007-06-12,151.994
2007-06-13,152.06
2007-06-14,152.123
2007-06-15,152.2115
2007-06-18,152.225
2007-06-19,152.2615
2007-06-20,152.248
2007-06-21,152.225
2007-06-22,152.1995
2007-06-25,152.1065
2007-06-26,151.909
2007-06-27,151.755
2007-06-28,151.608
2007-06-29,151.4255
2007-07-02,151.31
2007-07-03,151.2525
2007-07-05,151.2695
2007-07-06,151.4635
2007-07-09,151.5615
2007-07-10,151.5425
2007-07-11,151.6595
2007-07-12,151.7845
2007-07-13,151.884
2007-07-16,151.972
2007-07-17,152.065
2007-07-18,152.125
2007-07-19,152.271
2007-07-20,152.347
2007-07-23,152.518
2007-07-24,152.5915
2007-07-25,152.7575
2007-07-26,152.6385
2007-07-27,152.375
2007-07-30,152.2225
2007-07-31,151.919
2007-08-01,151.6235
2007-08-02,151.3945
2007-08-03,150.9355
2007-08-06,150.596
2007-08-07,150.4385
2007-08-08,150.3305
2007-08-09,149.8805
2007-08-10,149.3735
2007-08-13,148.8935
2007-08-14,148.3065
2007-08-15,147.635
2007-08-16,146.9865
2007-08-17,146.547
2007-08-20,146.0805
2007-08-21,145.762
2007-08-22,145.514
2007-08-23,145.439
2007-08-24,145.6
2007-08-27,145.5785
2007-08-28,145.4785
2007-08-29,145.484
2007-08-30,145.4115
2007-08-31,145.601
2007-09-04,145.7445
2007-09-05,145.7455
2007-09-06,145.6605
2007-09-07,145.6945
2007-09-10,145.7485
2007-09-11,145.8615
2007-09-12,146.1045
2007-09-13,146.498
2007-09-14,146.838
2007-09-17,147.0075
2007-09-18,147.3985
2007-09-19,147.82
2007-09-20,148.1015
2007-09-21,148.374
2007-09-24,148.542
2007-09-25,148.764
2007-09-26,149.1875
2007-09-27,149.515
2007-09-28,149.8365
2007-10-01,150.172
2007-10-02,150.4225
2007-10-03,150.722
2007-10-04,151.0165
2007-10-05,151.5055
2007-10-08,151.967
2007-10-09,152.4165
2007-10-10,152.834
2007-10-11,153.162
2007-10-12,153.5335
2007-10-15,153.879
2007-10-16,153.945
2007-10-17,153.9895
2007-10-18,154.06
2007-10-19,153.945
2007-10-22,153.8875
2007-10-23,153.906
2007-10-24,153.8705
2007-10-25,153.808
2007-10-26,153.86
2007-10-29,153.8515
2007-10-30,153.8
2007-10-31,153.8435
2007-11-01,153.694
2007-11-02,153.4615
2007-11-05,153.213
2007-11-06,152.9925
2007-11-07,152.577
2007-11-08,152.1615
2007-11-09,151.602
2007-11-12,151.0365
2007-11-13,150.7515
2007-11-14,150.4225
2007-11-15,150.015
2007-11-16,149.821
2007-11-19,149.482
2007-11-20,149.126
2007-11-21,148.636
2007-11-23,148.2505
2007-11-26,147.617
2007-11-27,147.039
2007-11-28,146.7425
2007-11-29,146.369
2007-11-30,146.2505
2007-12-03,146.0745
2007-12-04,145.89
2007-12-05,145.727
2007-12-06,145.8785
2007-12-07,146.066
2007-12-10,146.413
2007-12-11,146.6235
2007-12-12,146.688
2007-12-13,146.7575
2007-12-14,146.839
2007-12-17,146.803
2007-12-18,146.909
2007-12-19,146.971
2007-12-20,147.227
2007-12-21,147.427
2007-12-24,147.841
2007-12-26,148.19
2007-12-27,148.217
2007-12-28,148.223
2007-12-31,148.1005
2008-01-02,147.963
2008-01-03,147.888
2008-01-04,147.513
2008-01-07,147.0255
2008-01-08,146.4255
2008-01-09,145.84
2008-01-10,145.509
2008-01-11,145.048
2008-01-14,144.659
2008-01-15,144.209
2008-01-16,143.8045
2008-01-17,143.182
2008-01-18,142.491
2008-01-22,141.687
2008-01-23,140.9735
2008-01-24,140.2615
2008-01-25,139.436
2008-01-28,138.8145
2008-01-29,138.245
2008-01-30,137.68
2008-01-31,137.302
2008-02-01,137.038
2008-02-04,136.8635
2008-02-05,136.5105
2008-02-06,136.2175
2008-02-07,135.8955
2008-02-08,135.4845
2008-02-11,135.1645
2008-02-12,134.85
2008-02-13,134.76
2008-02-14,134.6695
2008-02-15,134.755
2008-02-19,134.928
2008-02-20,135.188
2008-02-21,135.2345
2008-02-22,135.266
2008-02-25,135.4805
2008-02-26,135.6365
2008-02-27,135.752
2008-02-28,135.85
2008-02-29,135.6725
2008-03-03,135.3685
2008-03-04,135.127
2008-03-05,135.112
2008-03-06,135.0125
2008-03-07,134.8015
2008-03-10,134.548
2008-03-11,134.4905
2008-03-12,134.309
2008-03-13,134.073
2008-03-14,133.795
2008-03-17,133.453
2008-03-18,133.3585
2008-03-19,133.0785
2008-03-20,132.943
2008-03-24,132.898
2008-03-25,132.774
2008-03-26,132.516
2008-03-27,132.244
2008-03-28,131.976
2008-03-31,131.8835
2008-04-01,132.039
2008-04-02,132.2245
2008-04-03,132.385
2008-04-04,132.6765
2008-04-07,133.039
2008-04-08,133.48
2008-04-09,133.6415
2008-04-10,133.8745
2008-04-11,133.961
2008-04-14,134.127
2008-04-15,134.374
2008-04-16,134.535
2008-04-17,134.8715
2008-04-18,135.1915
2008-04-21,135.383
2008-04-22,135.5375
2008-04-23,135.7635
2008-04-24,136.0405
2008-04-25,136.445
2008-04-28,136.828
2008-04-29,136.9515
2008-04-30,137.0295
2008-05-01,137.2335
2008-05-02,137.4645
2008-05-05,137.658
2008-05-06,137.9195
2008-05-07,138.104
2008-05-08,138.264
2008-05-09,138.54
2008-05-12,138.9165
2008-05-13,139.2785
2008-05-14,139.4745
2008-05-15,139.7485
2008-05-16,139.9575
2008-05-19,140.1825
2008-05-20,140.38
2008-05-21,140.4685
2008-05-22,140.528
2008-05-23,140.43
2008-05-27,140.3815
2008-05-28,140.3925
2008-05-29,140.4795
2008-05-30,140.441
2008-06-02,140.3105
2008-06-03,140.1735
2008-06-04,139.972
2008-06-05,140.035
2008-06-06,139.8885
2008-06-09,139.7745
2008-06-10,139.5485
2008-06-11,139.2215
2008-06-12,138.9055
2008-06-13,138.5865
2008-06-16,138.265
2008-06-17,137.891
2008-06-18,137.509
2008-06-19,137.2555
2008-06-20,136.859
2008-06-23,136.5495
2008-06-24,136.176
2008-06-25,135.8015
2008-06-26,135.213
2008-06-27,134.572
2008-06-30,134.026
2008-07-01,133.5405
2008-07-02,132.9485
2008-07-03,132.225
2008-07-07,131.6615
2008-07-08,131.1925
2008-07-09,130.635
2008-07-10,130.203
2008-07-11,129.6725
2008-07-14,129.001
2008-07-15,128.239
2008-07-16,127.6585
2008-07-17,127.206
2008-07-18,126.784
2008-07-21,126.5075
2008-07-22,126.309
2008-07-23,126.158
2008-07-24,125.843
2008-07-25,125.7055
2008-07-28,125.511
2008-07-29,125.426
2008-07-30,125.4335
2008-07-31,125.466
2008-08-01,125.4585
2008-08-04,125.457
2008-08-05,125.513
2008-08-06,125.72
2008-08-07,125.8055
2008-08-08,126.0845
2008-08-11,126.4835
2008-08-12,126.901
2008-08-13,127.1355
2008-08-14,127.3545
2008-08-15,127.566
2008-08-18,127.6865
2008-08-19,127.664
2008-08-20,127.637
2008-08-21,127.7525
2008-08-22,127.954
2008-08-25,128.1205
2008-08-26,128.18
2008-08-27,128.1795
2008-08-28,128.345
2008-08-29,128.4715
2008-09-02,128.623
2008-09-03,128.601
2008-09-04,128.3575
2008-09-05,128.231
2008-09-08,128.113
2008-09-09,127.737
2008-09-10,127.458
2008-09-11,127.3055
2008-09-12,127.1365
2008-09-15,126.626
2008-09-16,126.3025
2008-09-17,125.786
2008-09-18,125.4135
2008-09-19,125.2469
2008-09-22,124.8284
2008-09-23,124.4049
2008-09-24,123.9779
2008-09-25,123.5904
2008-09-26,123.1314
2008-09-29,122.2719
2008-09-30,121.6809
2008-10-01,121.0934
2008-10-02,120.4854
2008-10-03,119.7719
2008-10-06,118.6629
2008-10-07,117.5164
2008-10-08,116.2084
2008-10-09,114.4744
2008-10-10,112.6054
2008-10-13,111.6664
2008-10-14,110.5594
2008-10-15,109.2344
2008-10-16,107.9179
2008-10-17,106.358
2008-10-20,105.246
2008-10-21,104.122
2008-10-22,102.703
2008-10-23,101.2465
2008-10-24,99.5495
2008-10-27,98.1645
2008-10-28,97.0495
2008-10-29,95.8935
2008-10-30,95.1085
2008-10-31,94.4395
2008-11-03,94.0535
2008-11-04,94.066
2008-11-05,93.991
2008-11-06,93.9855
2008-11-07,94.237
2008-11-10,93.8005
2008-11-11,93.2935
2008-11-12,93.071
2008-11-13,92.9285
2008-11-14,92.59
2008-11-17,91.92
2008-11-18,91.4715
2008-11-19,91.026
2008-11-20,90.2185
2008-11-21,89.8435
2008-11-24,89.9145
2008-11-25,89.5105
2008-11-26,89.3105
2008-11-28,89.005
2008-12-01,88.269
2008-12-02,87.6745
2008-12-03,87.0155
2008-12-04,86.4755
2008-12-05,86.3315
2008-12-08,86.189
2008-12-09,86.0395
2008-12-10,86.0595
2008-12-11,86.169
2008-12-12,86.0685
2008-12-15,86.13
2008-12-16,86.449
2008-12-17,86.646
2008-12-18,87.0285
2008-12-19,87.6635
2008-12-22,88.0405
2008-12-23,88.0875
2008-12-24,88.1295
2008-12-26,88.035
2008-12-29,87.876
2008-12-30,88.219
2008-12-31,88.4675
2009-01-02,88.7495
2009-01-05,89.127
2009-01-06,89.404
2009-01-07,89.3875
2009-01-08,89.4646
2009-01-09,89.4136
2009-01-12,89.3641
2009-01-13,89.2701
2009-01-14,89.1011
2009-01-15,88.7271
2009-01-16,88.4306
2009-01-20,87.9946
2009-01-21,87.7876
2009-01-22,87.5721
2009-01-23,87.4196
2009-01-26,87.2706
2009-01-27,87.1391
2009-01-28,87.1631
2009-01-29,86.9421
2009-01-30,86.5716
2009-02-02,86.0526
2009-02-03,85.5971
2009-02-04,85.0901
2009-02-05,84.7851
2009-02-06,84.582
2009-02-09,84.4825
2009-02-10,84.2904
2009-02-11,84.1149
2009-02-12,84.0795
2009-02-13,83.9975
2009-02-17,83.7055
2009-02-18,83.6285
2009-02-19,83.335
2009-02-20,83.0685
2009-02-23,82.6455
2009-02-24,82.3355
2009-02-25,81.9526
2009-02-26,81.3641
2009-02-27,80.8331
2009-03-02,80.2216
2009-03-03,79.5961
2009-03-04,78.9956
2009-03-05,78.2691
2009-03-06,77.4866
2009-03-09,76.5432
2009-03-10,75.7967
2009-03-11,75.2732
2009-03-12,74.8682
2009-03-13,74.4897
2009-03-16,74.1447
2009-03-17,74.0927
2009-03-18,74.1377
2009-03-19,74.1756
2009-03-20,74.1401
2009-03-23,74.5196
2009-03-24,74.6811
2009-03-25,74.91
2009-03-26,75.2845
2009-03-27,75.6685
2009-03-30,76.078
2009-03-31,76.5505
2009-04-01,77.017
2009-04-02,77.7485
2009-04-03,78.5155
2009-04-06,79.29
2009-04-07,79.764
2009-04-08,80.2585
2009-04-09,80.774
2009-04-13,81.261
2009-04-14,81.6855
2009-04-15,82.039
2009-04-16,82.3675
2009-04-17,82.7745
2009-04-20,83.1105
2009-04-21,83.2515
2009-04-22,83.443
2009-04-23,83.639
2009-04-24,83.8165
2009-04-27,84.028
2009-04-28,84.367
2009-04-29,84.7605
2009-04-30,85.0785
2009-05-01,85.3015
2009-05-04,85.6325
2009-05-05,85.981
2009-05-06,86.5056
2009-05-07,86.9221
2009-05-08,87.2806
2009-05-11,87.5511
2009-05-12,87.8821
2009-05-13,88.0536
2009-05-14,88.2006
2009-05-15,88.2821
2009-05-18,88.6721
2009-05-19,88.9751
2009-05-20,89.2736
2009-05-21,89.4656
2009-05-22,89.5836
2009-05-26,89.8566
2009-05-27,90.0616
2009-05-28,90.2381
2009-05-29,90.4936
2009-06-01,90.8376
2009-06-02,91.0361
2009-06-03,91.1901
2009-06-04,91.3095
2009-06-05,91.494
2009-06-08,91.553
2009-06-09,91.723
2009-06-10,91.8945
2009-06-11,92.2015
2009-06-12,92.4835
2009-06-15,92.693
2009-06-16,92.7135
2009-06-17,92.735
2009-06-18,92.8205
2009-06-19,92.962
2009-06-22,92.975
2009-06-23,92.8775
2009-06-24,92.8999
2009-06-25,92.9579
2009-06-26,92.9234
2009-06-29,92.8199
2009-06-30,92.6749
2009-07-01,92.6089
2009-07-02,92.3729
2009-07-06,92.1354
2009-07-07,91.8304
2009-07-08,91.4984
2009-07-09,91.1869
2009-07-10,90.8439
2009-07-13,90.595
2009-07-14,90.4805
2009-07-15,90.5615
2009-07-16,90.6395
2009-07-17,90.735
2009-07-20,90.8896
2009-07-21,91.2041
2009-07-22,91.5141
2009-07-23,91.8912
2009-07-24,92.1902
2009-07-27,92.5157
2009-07-28,92.7752
2009-07-29,93.0603
2009-07-30,93.3773
2009-07-31,93.8273
2009-08-03,94.3593
2009-08-04,94.9913
2009-08-05,95.6118
2009-08-06,96.1978
2009-08-07,96.8599
2009-08-10,97.4043
2009-08-11,97.8603
2009-08-12,98.2373
2009-08-13,98.6603
2009-08-14,98.9933
2009-08-17,99.1523
2009-08-18,99.3283
2009-08-19,99.5488
2009-08-20,99.7152
2009-08-21,99.9607
2009-08-24,100.1912
2009-08-25,100.4547
2009-08-26,100.7306
2009-08-27,100.9671
2009-08-28,101.1956
2009-08-31,101.2966
2009-09-01,101.2716
2009-09-02,101.2421
2009-09-03,101.2801
2009-09-04,101.323
2009-09-08,101.4205
2009-09-09,101.6205
2009-09-10,101.82
2009-09-11,101.98
2009-09-14,102.2045
2009-09-15,102.575
2009-09-16,102.9865
2009-09-17,103.321
2009-09-18,103.6075
2009-09-21,103.7815
2009-09-22,103.987
2009-09-23,104.138
2009-09-24,104.23
2009-09-25,104.2825
2009-09-28,104.4295
2009-09-29,104.6065
2009-09-30,104.876
2009-10-01,105.035
2009-10-02,105.127
2009-10-05,105.225
2009-10-06,105.3535
2009-10-07,105.457
2009-10-08,105.548
2009-10-09,105.6725
2009-10-12,105.7925
2009-10-13,105.8795
2009-10-14,105.979
2009-10-15,106.132
2009-10-16,106.2405
2009-10-19,106.4075
2009-10-20,106.5146
2009-10-21,106.6171
2009-10-22,106.8331
2009-10-23,107.0146
2009-10-26,107.0441
2009-10-27,107.0651
2009-10-28,107.0061
2009-10-29,107.1886
2009-10-30,107.2421
2009-11-02,107.2571
2009-11-03,107.2141
2009-11-04,107.1701
2009-11-05,107.1821
2009-11-06,107.1756
2009-11-09,107.2701
2009-11-10,107.3766
2009-11-11,107.4186
2009-11-12,107.3846
2009-11-13,107.4211
2009-11-16,107.4921
2009-11-17,107.5985
2009-11-18,107.7505
2009-11-19,107.775
2009-11-20,107.8425
2009-11-23,108.038
2009-11-24,108.2665
2009-11-25,108.615
2009-11-27,108.761
2009-11-30,109.08
2009-12-01,109.429
2009-12-02,109.759
2009-12-03,110.032
2009-12-04,110.24
2009-12-07,110.4255
2009-12-08,110.4275
2009-12-09,110.449
2009-12-10,110.4735
2009-12-11,110.5775
2009-12-14,110.69
2009-12-15,110.697
2009-12-16,110.7061
2009-12-17,110.6516
2009-12-18,110.6711
2009-12-21,110.7661
2009-12-22,110.8116
2009-12-23,110.8596
2009-12-24,110.9146
2009-12-28,111.0721
2009-12-29,111.2032
2009-12-30,111.2642
2009-12-31,111.2737
2010-01-04,111.4212
2010-01-05,111.5522
2010-01-06,111.6957
2010-01-07,111.9247
2010-01-08,112.1521
2010-01-11,112.3566
2010-01-12,112.4841
2010-01-13,112.6216
2010-01-14,112.8006
2010-01-15,112.9066
2010-01-19,113.1506
2010-01-20,113.3346
2010-01-21,113.3531
2010-01-22,113.2271
2010-01-25,113.1181
2010-01-26,112.9596
2010-01-27,112.8151
2010-01-28,112.6155
2010-01-29,112.359
2010-02-01,112.24
2010-02-02,112.0925
2010-02-03,111.9025
2010-02-04,111.539
2010-02-05,111.1625
2010-02-08,110.7285
2010-02-09,110.353
2010-02-10,110.0205
2010-02-11,109.696
2010-02-12,109.3515
2010-02-16,109.1565
2010-02-17,108.9165
2010-02-18,108.7675
2010-02-19,108.7395
2010-02-22,108.837
2010-02-23,108.839
2010-02-24,108.9145
2010-02-25,108.9565
2010-02-26,109.065
2010-03-01,109.29
2010-03-02,109.447
2010-03-03,109.543
2010-03-04,109.6836
2010-03-05,110.0741
2010-03-08,110.4546
2010-03-09,110.8831
2010-03-10,111.2706
2010-03-11,111.6926
2010-03-12,112.0591
2010-03-15,112.4316
2010-03-16,112.7651
2010-03-17,113.1071
2010-03-18,113.4136
2010-03-19,113.6551
2010-03-22,113.9267
2010-03-23,114.3067
2010-03-24,114.6077
2010-03-25,114.9067
2010-03-26,115.1988
2010-03-29,115.4703
2010-03-30,115.7303
2010-03-31,115.9653
2010-04-01,116.2232
2010-04-05,116.4487
2010-04-06,116.6872
2010-04-07,116.8822
2010-04-08,117.0724
2010-04-09,117.2774
2010-04-12,117.4914
2010-04-13,117.7084
2010-04-14,117.9474
2010-04-15,118.1569
2010-04-16,118.2729
2010-04-19,118.4649
2010-04-20,118.6792
2010-04-21,118.8417
2010-04-22,119.0507
2010-04-23,119.3089
2010-04-26,119.5473
2010-04-27,119.6053
2010-04-28,119.7043
2010-04-29,119.8971
2010-04-30,119.9478
2010-05-03,120.0273
2010-05-04,119.9513
2010-05-05,119.8743
2010-05-06,119.5827
2010-05-07,119.1682
2010-05-10,118.9892
2010-05-11,118.7892
2010-05-12,118.6022
2010-05-13,118.3372
2010-05-14,118.0637
2010-05-17,117.7707
2010-05-18,117.3467
2010-05-19,116.9017
2010-05-20,116.2277
2010-05-21,115.5929
2010-05-24,114.9109
2010-05-25,114.3778
2010-05-26,113.7673
2010-05-27,113.2624
2010-05-28,112.7902
2010-06-01,112.1492
2010-06-02,111.7897
2010-06-03,111.4842
2010-06-04,111.1781
2010-06-07,110.8896
2010-06-08,110.4126
2010-06-09,109.9236
2010-06-10,109.5086
2010-06-11,109.1931
2010-06-14,108.9741
2010-06-15,108.8766
2010-06-16,108.8546
2010-06-17,108.8736
2010-06-18,109.083
2010-06-21,109.1978
2010-06-22,109.2908
2010-06-23,109.3614
2010-06-24,109.3739
2010-06-25,109.2292
2010-06-28,109.1373
2010-06-29,108.9713
2010-06-30,108.6158
2010-07-01,108.2183
2010-07-02,107.9873
2010-07-06,107.8563
2010-07-07,107.8307
2010-07-08,107.8862
2010-07-09,107.8267
2010-07-12,107.7442
2010-07-13,107.7517
2010-07-14,107.6343
2010-07-15,107.5203
2010-07-16,107.2463
2010-07-19,107.0243
2010-07-20,106.8778
2010-07-21,106.7528
2010-07-22,106.7644
2010-07-23,106.9138
2010-07-26,107.0985
2010-07-27,107.2995
2010-07-28,107.6305
2010-07-29,107.984
2010-07-30,108.3595
2010-08-02,108.8875
2010-08-03,109.355
2010-08-04,109.6981
2010-08-05,109.9826
2010-08-06,110.2042
2010-08-09,110.4523
2010-08-10,110.588
2010-08-11,110.5705
2010-08-12,110.518
2010-08-13,110.6005
2010-08-16,110.649
2010-08-17,110.7045
2010-08-18,110.8405
2010-08-19,110.7615
2010-08-20,110.6175
2010-08-23,110.3956
2010-08-24,110.0946
2010-08-25,109.8501
2010-08-26,109.5971
2010-08-27,109.4266
2010-08-30,109.0542
2010-08-31,108.7087
2010-09-01,108.4832
2010-09-02,108.3142
2010-09-03,108.2391
2010-09-07,108.0715
2010-09-08,107.9732
2010-09-09,108.0542
2010-09-10,108.1968
2010-09-13,108.4173
2010-09-14,108.6368
2010-09-15,108.8113
2010-09-16,108.9743
2010-09-17,109.2048
2010-09-20,109.5388
2010-09-21,109.8817
2010-09-22,110.2762
2010-09-23,110.6041
2010-09-24,111.0836
2010-09-27,111.4541
2010-09-28,111.922
2010-09-29,112.38
2010-09-30,112.6635
2010-10-01,112.9205
2010-10-04,113.0635
2010-10-05,113.3835
2010-10-06,113.6645
2010-10-07,113.913
2010-10-08,114.1658
2010-10-11,114.3623
2010-10-12,114.5803
2010-10-13,114.8223
2010-10-14,115.0428
2010-10-15,115.3033
2010-10-18,115.5198
2010-10-19,115.6573
2010-10-20,115.8798
2010-10-21,116.1614
2010-10-22,116.3377
2010-10-25,116.5592
2010-10-26,116.7617
2010-10-27,116.9572
2010-10-28,117.1707
2010-10-29,117.3647
2010-11-01,117.6037
2010-11-02,117.7755
2010-11-03,117.9715
2010-11-04,118.29
2010-11-05,118.5994
2010-11-08,118.8914
2010-11-09,119.1214
2010-11-10,119.3304
2010-11-11,119.5391
2010-11-12,119.664
2010-11-15,119.7385
2010-11-16,119.81
2010-11-17,119.8274
2010-11-18,119.9188
2010-11-19,120.0159
2010-11-22,120.0904
2010-11-23,120.0768
2010-11-24,120.1678
2010-11-26,120.1878
2010-11-29,120.2214
2010-11-30,120.2195
2010-12-01,120.2963
2010-12-02,120.4268
2010-12-03,120.4583
2010-12-06,120.46
2010-12-07,120.477
2010-12-08,120.5605
2010-12-09,120.6435
2010-12-10,120.7858
2010-12-13,121.0039
2010-12-14,121.2359
2010-12-15,121.5328
2010-12-16,121.8629
2010-12-17,122.08
2010-12-20,122.2955
2010-12-21,122.5555
2010-12-22,122.9221
2010-12-23,123.1921
2010-12-27,123.5346
2010-12-28,123.868
2010-12-29,124.2394
2010-12-30,124.4749
2010-12-31,124.6344
2011-01-03,124.8424
2011-01-04,125.0534
2011-01-05,125.2939
2011-01-06,125.4994
2011-01-07,125.6684
2011-01-10,125.7934
2011-01-11,125.9369
2011-01-12,126.1324
2011-01-13,126.3459
2011-01-14,126.5699
2011-01-18,126.8309
2011-01-19,127.0134
2011-01-20,127.1479
2011-01-21,127.2774
2011-01-24,127.4524
2011-01-25,127.6284
2011-01-26,127.8204
2011-01-27,128.0239
2011-01-28,128.1239
2011-01-31,128.2704
2011-02-01,128.4549
2011-02-02,128.6301
2011-02-03,128.7871
2011-02-04,128.9751
2011-02-07,129.2166
2011-02-08,129.4961
2011-02-09,129.7381
2011-02-10,129.9251
2011-02-11,130.1623
2011-02-14,130.3688
2011-02-15,130.5433
2011-02-16,130.8233
2011-02-17,131.1318
2011-02-18,131.4398
2011-02-22,131.5763
2011-02-23,131.6688
2011-02-24,131.7318
2011-02-25,131.8488
2011-02-28,132.1203
2011-03-01,132.2328
2011-03-02,132.2563
2011-03-03,132.4055
2011-03-04,132.49
2011-03-07,132.504
2011-03-08,132.5345
2011-03-09,132.5255
2011-03-10,132.4089
2011-03-11,132.3349
2011-03-14,132.1819
2011-03-15,131.9384
2011-03-16,131.5966
2011-03-17,131.2966
2011-03-18,130.9721
2011-03-21,130.7326
2011-03-22,130.6056
2011-03-23,130.5376
2011-03-24,130.5361
2011-03-25,130.4846
2011-03-28,130.3761
2011-03-29,130.4226
2011-03-30,130.5006
2011-03-31,130.4566
2011-04-01,130.4906
2011-04-04,130.5821
2011-04-05,130.6151
2011-04-06,130.6786
2011-04-07,130.8478
2011-04-08,130.9488
2011-04-11,131.0693
2011-04-12,131.2148
2011-04-13,131.479
2011-04-14,131.6645
2011-04-15,131.8785
2011-04-18,131.9195
2011-04-19,132.0205
2011-04-20,132.1925
2011-04-21,132.3365
2011-04-25,132.4535
2011-04-26,132.6441
2011-04-27,132.8346
2011-04-28,133.0016
2011-04-29,133.1936
2011-05-02,133.3471
2011-05-03,133.4706
2011-05-04,133.5501
2011-05-05,133.5476
2011-05-06,133.5916
2011-05-09,133.6846
2011-05-10,133.8551
2011-05-11,134.0036
2011-05-12,134.1846
2011-05-13,134.3086
2011-05-16,134.3661
2011-05-17,134.4966
2011-05-18,134.6491
2011-05-19,134.7281
2011-05-20,134.7196
2011-05-23,134.6406
2011-05-24,134.4985
2011-05-25,134.3345
2011-05-26,134.179
2011-05-27,134.033
2011-05-31,133.967
2011-06-01,133.774
2011-06-02,133.619
2011-06-03,133.4595
2011-06-06,133.2018
2011-06-07,132.9138
2011-06-08,132.5413
2011-06-09,132.2893
2011-06-10,131.9153
2011-06-13,131.5983
2011-06-14,131.4048
2011-06-15,131.0973
2011-06-16,130.7443
2011-06-17,130.3628
2011-06-20,130.0673
2011-06-21,129.9368
2011-06-22,129.7728
2011-06-23,129.5683
2011-06-24,129.2588
2011-06-27,128.9803
2011-06-28,128.7158
2011-06-29,128.6583
2011-06-30,128.6703
2011-07-01,128.8453
2011-07-05,129.0836
2011-07-06,129.3341
2011-07-07,129.6811
2011-07-08,129.9311
2011-07-11,130.1496
2011-07-12,130.3346
2011-07-13,130.4606
2011-07-14,130.6561
2011-07-15,130.8756
2011-07-18,131.0536
2011-07-19,131.3051
2011-07-20,131.4651
2011-07-21,131.7561
2011-07-22,132.07
2011-07-25,132.421
2011-07-26,132.6905
2011-07-27,132.74
2011-07-28,132.715
2011-07-29,132.583
2011-08-01,132.326
2011-08-02,131.91
2011-08-03,131.52
2011-08-04,130.765
2011-08-05,130.049
2011-08-08,129.0635
2011-08-09,128.3675
2011-08-10,127.39
2011-08-11,126.71
2011-08-12,126.0315
2011-08-15,125.532
2011-08-16,124.875
2011-08-17,124.226
2011-08-18,123.227
2011-08-19,122.13
2011-08-22,121.075
2011-08-23,120.2305
2011-08-24,119.6045
2011-08-25,118.9075
2011-08-26,118.3395
2011-08-29,117.9685
2011-08-30,117.778
2011-08-31,117.5805
2011-09-01,117.6145
2011-09-02,117.503
2011-09-06,117.7395
2011-09-07,117.88
2011-09-08,118.2175
2011-09-09,118.147
2011-09-12,118.0745
2011-09-13,117.9305
2011-09-14,117.9195
2011-09-15,118.0075
2011-09-16,118.3581
2011-09-19,118.7416
2011-09-20,119.1136
2011-09-21,119.1231
2011-09-22,118.8621
2011-09-23,118.7251
2011-09-26,118.6386
2011-09-27,118.4476
2011-09-28,118.1208
2011-09-29,117.8123
2011-09-30,117.4228
2011-10-03,117.0268
2011-10-04,116.7943
2011-10-05,116.5008
2011-10-06,116.3733
2011-10-07,116.3628
2011-10-10,116.5083
2011-10-11,116.6063
2011-10-12,116.6753
2011-10-13,116.6293
2011-10-14,116.6818
2011-10-17,116.6778
2011-10-18,116.7983
2011-10-19,117.0233
2011-10-20,117.4633
2011-10-21,117.9848
2011-10-24,118.4473
2011-10-25,118.7227
2011-10-26,119.1805
2011-10-27,119.7495
2011-10-28,120.522
2011-10-31,121.3005
2011-11-01,121.7836
2011-11-02,122.2621
2011-11-03,122.7501
2011-11-04,123.2386
2011-11-07,123.5726
2011-11-08,123.9816
2011-11-09,124.1022
2011-11-10,124.2927
2011-11-11,124.4972
2011-11-14,124.7587
2011-11-15,124.9338
2011-11-16,125.0813
2011-11-17,125.1036
2011-11-18,125.004
2011-11-21,124.7126
2011-11-22,124.5196
2011-11-23,124.1326
2011-11-25,123.5781
2011-11-28,123.1336
2011-11-29,122.8611
2011-11-30,123.0105
2011-12-01,123.0595
2011-12-02,122.99
2011-12-05,123.027
2011-12-06,123.027
2011-12-07,122.9695
2011-12-08,123.0089
2011-12-09,123.0954
2011-12-12,122.9729
2011-12-13,122.8524
2011-12-14,122.6353
2011-12-15,122.5405
2011-12-16,122.5148
2011-12-19,122.4303
2011-12-20,122.6438
2011-12-21,122.8928
2011-12-22,123.3283
2011-12-23,123.8308
2011-12-27,124.1698
2011-12-28,124.4088
2011-12-29,124.4653
2011-12-30,124.4918
2012-01-03,124.6235
2012-01-04,124.6975
2012-01-05,124.7865
2012-01-06,124.8355
2012-01-09,125.039
2012-01-10,125.193
2012-01-11,125.4425
2012-01-12,125.7655
2012-01-13,126.1205
2012-01-17,126.4783
2012-01-18,126.9373
2012-01-19,127.4958
2012-01-20,127.8763
2012-01-23,128.2483
2012-01-24,128.5578
2012-01-25,128.8663
2012-01-26,129.1358
2012-01-27,129.4853
2012-01-30,129.7478
2012-01-31,130.0388
2012-02-01,130.2875
2012-02-02,130.5365
2012-02-03,130.8615
2012-02-06,131.1985
2012-02-07,131.537
2012-02-08,131.84
2012-02-09,132.148
2012-02-10,132.3906
2012-02-13,132.7166
2012-02-14,133.0091
2012-02-15,133.1986
2012-02-16,133.428
2012-02-17,133.6715
2012-02-21,133.9145
2012-02-22,134.1431
2012-02-23,134.3467
2012-02-24,134.5992
2012-02-27,134.8662
2012-02-28,135.1756
2012-02-29,135.4606
2012-03-01,135.7236
2012-03-02,135.9552
2012-03-05,136.0657
2012-03-06,136.0807
2012-03-07,136.1257
2012-03-08,136.2182
2012-03-09,136.3287
2012-03-12,136.4897
2012-03-13,136.7248
2012-03-14,136.9608
2012-03-15,137.2688
2012-03-16,137.4813
2012-03-19,137.7033
2012-03-20,137.9018
2012-03-21,138.1107
2012-03-22,138.2392
2012-03-23,138.3752
2012-03-26,138.5977
2012-03-27,138.7782
2012-03-28,138.9507
2012-03-29,139.0757
2012-03-30,139.2506
2012-04-02,139.5051
2012-04-03,139.8306
2012-04-04,140.0391
2012-04-05,140.1766
2012-04-09,140.2091
2012-04-10,140.1251
2012-04-11,139.972
2012-04-12,139.916
2012-04-13,139.737
2012-04-16,139.5745
2012-04-17,139.4861
2012-04-18,139.3946
2012-04-19,139.2701
2012-04-20,139.2076
2012-04-23,139.0646
2012-04-24,138.8496
2012-04-25,138.7506
2012-04-26,138.7351
2012-04-27,138.7431
2012-04-30,138.6961
2012-05-01,138.6411
2012-05-02,138.5943
2012-05-03,138.5638
2012-05-04,138.4243
2012-05-07,138.3683
2012-05-08,138.4008
2012-05-09,138.3378
2012-05-10,138.1993
2012-05-11,138.1228
2012-05-14,137.9758
2012-05-15,137.6887
2012-05-16,137.3997
2012-05-17,137.0567
2012-05-18,136.6462
2012-05-21,136.4052
2012-05-22,136.1497
2012-05-23,135.8037
2012-05-24,135.4222
2012-05-25,135.0077
2012-05-29,134.6992
2012-05-30,134.2502
2012-05-31,133.8075
2012-06-01,133.253
2012-06-04,132.808
2012-06-05,132.4065
2012-06-06,132.1775
2012-06-07,131.993
2012-06-08,131.847
2012-06-11,131.6372
2012-06-12,131.5777
2012-06-13,131.5142
2012-06-14,131.5462
2012-06-15,131.7102
2012-06-18,131.9432
2012-06-19,132.1297
2012-06-20,132.2937
2012-06-21,132.3022
2012-06-22,132.3487
2012-06-25,132.3097
2012-06-26,132.2237
2012-06-27,132.2944
2012-06-28,132.3604
2012-06-29,132.7577
2012-07-02,133.1782
2012-07-03,133.5952
2012-07-05,133.8363
2012-07-06,134.0083
2012-07-09,134.1193
2012-07-10,134.2555
2012-07-11,134.3175
2012-07-12,134.3895
2012-07-13,134.5035
2012-07-16,134.568
2012-07-17,134.666
2012-07-18,134.7495
2012-07-19,134.862
2012-07-20,135.0635
2012-07-23,135.145
2012-07-24,135.2752
2012-07-25,135.3743
2012-07-26,135.5241
2012-07-27,135.8184
2012-07-30,135.9471
2012-07-31,136.0071
2012-08-01,136.016
2012-08-02,136.0085
2012-08-03,136.2015
2012-08-06,136.4164
2012-08-07,136.7255
2012-08-08,137.042
2012-08-09,137.397
2012-08-10,137.6515
2012-08-13,137.9185
2012-08-14,138.14
2012-08-15,138.319
2012-08-16,138.532
2012-08-17,138.8175
2012-08-20,139.1725
2012-08-21,139.5642
2012-08-22,139.9572
2012-08-23,140.182
2012-08-24,140.3237
2012-08-27,140.4667
2012-08-28,140.6512
2012-08-29,140.8472
2012-08-30,141.0397
2012-08-31,141.1303
2012-09-04,141.2008
2012-09-05,141.2303
2012-09-06,141.3943
2012-09-07,141.5803
2012-09-10,141.7138
2012-09-11,141.8708
2012-09-12,142.0508
2012-09-13,142.3328
2012-09-14,142.5953
2012-09-17,142.8233
2012-09-18,143.0448
2012-09-19,143.2918
2012-09-20,143.5363
2012-09-21,143.7965
2012-09-24,144.0033
2012-09-25,144.1313
2012-09-26,144.226
2012-09-27,144.3825
2012-09-28,144.5565
2012-10-01,144.7158
2012-10-02,144.8893
2012-10-03,145.0983
2012-10-04,145.216
2012-10-05,145.3065
2012-10-08,145.4131
2012-10-09,145.4276
2012-10-10,145.3721
2012-10-11,145.2106
2012-10-12,144.9931
2012-10-15,144.8601
2012-10-16,144.8061
2012-10-17,144.7811
2012-10-18,144.7366
2012-10-19,144.6126
2012-10-22,144.5008
2012-10-23,144.3668
2012-10-24,144.2531
2012-10-25,144.0926
2012-10-26,143.9616
2012-10-31,143.8118
2012-11-01,143.7283
2012-11-02,143.5518
2012-11-05,143.338
2012-11-06,143.179
2012-11-07,142.8829
2012-11-08,142.5749
2012-11-09,142.3189
2012-11-12,142.0642
2012-11-13,141.8092
2012-11-14,141.4017
2012-11-15,140.9097
2012-11-16,140.4182
2012-11-19,140.0837
2012-11-20,139.8737
2012-11-21,139.6757
2012-11-23,139.6722
2012-11-26,139.6737
2012-11-27,139.6187
2012-11-28,139.6242
2012-11-29,139.6627
2012-11-30,139.6289
2012-12-03,139.6234
2012-12-04,139.5935
2012-12-05,139.5205
2012-12-06,139.6335
2012-12-07,139.8522
2012-12-10,140.0679
2012-12-11,140.3266
2012-12-12,140.6126
2012-12-13,140.9477
2012-12-14,141.2679
2012-12-17,141.6379
2012-12-18,141.9499
2012-12-19,142.2049
2012-12-20,142.4884
2012-12-21,142.5604
2012-12-24,142.6254
2012-12-26,142.6964
2012-12-27,142.7015
2012-12-28,142.597
2012-12-31,142.6097
2013-01-02,142.8402
2013-01-03,143.0644
2013-01-04,143.3079
2013-01-07,143.5074
2013-01-08,143.6641
2013-01-09,143.8365
2013-01-10,144.0185
2013-01-11,144.1965
2013-01-14,144.4135
2013-01-15,144.6617
2013-01-16,144.8257
2013-01-17,144.9572
2013-01-18,145.1592
2013-01-22,145.3597
2013-01-23,145.6887
2013-01-24,146.0417
2013-01-25,146.4667
2013-01-28,146.8922
2013-01-29,147.4237
2013-01-30,147.8067
2013-01-31,147.9887
2013-02-01,148.264
2013-02-04,148.4222
2013-02-05,148.6762
2013-02-06,148.9568
2013-02-07,149.2088
2013-02-08,149.4448
2013-02-11,149.6798
2013-02-12,149.9323
2013-02-13,150.1863
2013-02-14,150.4483
2013-02-15,150.6538
2013-02-19,150.8998
2013-02-20,151.0103
2013-02-21,151.0628
2013-02-22,151.1868
2013-02-25,151.1243
2013-02-26,151.1218
2013-02-27,151.1843
2013-02-28,151.2613
2013-03-01,151.3818
2013-03-04,151.4658
2013-03-05,151.7036
2013-03-06,151.8761
2013-03-07,152.0569
2013-03-08,152.2809
2013-03-11,152.4924
2013-03-12,152.6879
2013-03-13,152.8821
2013-03-14,153.1111
2013-03-15,153.2881
2013-03-18,153.4311
2013-03-19,153.4991
2013-03-20,153.7166
2013-03-21,153.9135
2013-03-22,154.099
2013-03-25,154.3965
2013-03-26,154.705
2013-03-27,154.919
2013-03-28,155.172
2013-04-01,155.369
2013-04-02,155.564
2013-04-03,155.611
2013-04-04,155.679
2013-04-05,155.6981
2013-04-08,155.7366
2013-04-09,155.7726
2013-04-10,155.9221
2013-04-11,156.0864
2013-04-12,156.1899
2013-04-15,156.1543
2013-04-16,156.2763
2013-04-17,156.3013
2013-04-18,156.2238
2013-04-19,156.2798
2013-04-22,156.3083
2013-04-23,156.4498
2013-04-24,156.5343
2013-04-25,156.6508
2013-04-26,156.7293
2013-04-29,156.8918
2013-04-30,157.0348
2013-05-01,157.1873
2013-05-02,157.3818
2013-05-03,157.6923
2013-05-06,157.9708
2013-05-07,158.2633
2013-05-08,158.4968
2013-05-09,158.6813
2013-05-10,158.9118
2013-05-13,159.3329
2013-05-14,159.7239
2013-05-15,160.2742
2013-05-16,160.8342
2013-05-17,161.4072
2013-05-20,161.9452
2013-05-21,162.4147
2013-05-22,162.8172
2013-05-23,163.1637
2013-05-24,163.5171
2013-05-28,163.8671
2013-05-29,164.1441
2013-05-30,164.5216
2013-05-31,164.7063
2013-06-03,164.8554
2013-06-04,164.9444
2013-06-05,164.8781
2013-06-06,164.8476
2013-06-07,164.9435
2013-06-10,165.013
2013-06-11,164.9909
2013-06-12,164.8169
2013-06-13,164.7217
2013-06-14,164.6134
2013-06-17,164.4884
2013-06-18,164.4287
2013-06-19,164.2427
2013-06-20,163.9162
2013-06-21,163.5972
2013-06-24,163.1848
2013-06-25,162.7985
2013-06-26,162.5445
2013-06-27,162.307
2013-06-28,162.1558
2013-07-01,162.0063
2013-07-02,161.8888
2013-07-03,161.8892
2013-07-05,161.9037
2013-07-08,161.8609
2013-07-09,161.8774
2013-07-10,161.9821
2013-07-11,162.2666
2013-07-12,162.4316
2013-07-15,162.6806
2013-07-16,162.8349
2013-07-17,162.9456
2013-07-18,163.2166
2013-07-19,163.7051
2013-07-22,164.2266
2013-07-23,164.8306
2013-07-24,165.3279
2013-07-25,165.7674
2013-07-26,166.1689
2013-07-29,166.5774
2013-07-30,166.9388
2013-07-31,167.3138
2013-08-01,167.7828
2013-08-02,168.1793
2013-08-05,168.517
2013-08-06,168.747
2013-08-07,168.9464
2013-08-08,169.0644
2013-08-09,169.1544
2013-08-12,169.2022
2013-08-13,169.3065
2013-08-14,169.3459
2013-08-15,169.2215
2013-08-16,169.0545
2013-08-19,168.8179
2013-08-20,168.6399
2013-08-21,168.4419
2013-08-22,168.2985
2013-08-23,168.1739
2013-08-26,168.0444
2013-08-27,167.7815
2013-08-28,167.5415
2013-08-29,167.217
2013-08-30,166.852
2013-09-03,166.5365
2013-09-04,166.3375
2013-09-05,166.1765
2013-09-06,165.9885
2013-09-09,165.9047
2013-09-10,165.8927
2013-09-11,165.8822
2013-09-12,165.8927
2013-09-13,166.0402
2013-09-16,166.2642
2013-09-17,166.5792
2013-09-18,166.9527
2013-09-19,167.3627
2013-09-20,167.5957
2013-09-23,167.7612
2013-09-24,167.9377
2013-09-25,168.2232
2013-09-26,168.5122
2013-09-27,168.7492
2013-09-30,168.9672
2013-10-01,169.2147
2013-10-02,169.3862
2013-10-03,169.4692
2013-10-04,169.6117
2013-10-07,169.6015
2013-10-08,169.432
2013-10-09,169.242
2013-10-10,169.253
2013-10-11,169.2995
2013-10-14,169.331
2013-10-15,169.2625
2013-10-16,169.2134
2013-10-17,169.2364
2013-10-18,169.4198
2013-10-21,169.6433
2013-10-22,169.9373
2013-10-23,170.2138
2013-10-24,170.4868
2013-10-25,170.8389
2013-10-28,171.2499
2013-10-29,171.6414
2013-10-30,171.9969
2013-10-31,172.4054
2013-11-01,172.7714
2013-11-04,173.2414
2013-11-05,173.7809
2013-11-06,174.3594
2013-11-07,174.6474
2013-11-08,174.9989
2013-11-11,175.3179
2013-11-12,175.6809
2013-11-13,175.9964
2013-11-14,176.2989
2013-11-15,176.582
2013-11-18,176.833
2013-11-19,177.014
2013-11-20,177.209
2013-11-21,177.447
2013-11-22,177.69
2013-11-25,177.91
2013-11-26,178.0855
2013-11-27,178.327
2013-11-29,178.5875
2013-12-02,178.8035
2013-12-03,178.9495
2013-12-04,179.1225
2013-12-05,179.211
2013-12-06,179.5115
2013-12-09,179.717
2013-12-10,179.8885
2013-12-11,179.9765
2013-12-12,179.964
2013-12-13,179.906
2013-12-16,179.8643
2013-12-17,179.8258
2013-12-18,179.9593
2013-12-19,180.1103
2013-12-20,180.1928
2013-12-23,180.2788
2013-12-24,180.3938
2013-12-26,180.5525
2013-12-27,180.6888
2013-12-30,180.8298
2013-12-31,181.0378
2014-01-02,181.1963
2014-01-03,181.354
2014-01-06,181.525
2014-01-07,181.652
2014-01-08,181.758
2014-01-09,181.9025
2014-01-10,182.1735
2014-01-13,182.3513
2014-01-14,182.6293
2014-01-15,182.9015
2014-01-16,183.19
2014-01-17,183.2867
2014-01-21,183.4212
2014-01-22,183.5582
2014-01-23,183.5712
2014-01-24,183.3692
2014-01-27,183.077
2014-01-28,182.8382
2014-01-29,182.5147
2014-01-30,182.2417
2014-01-31,182.0047
2014-02-03,181.569
2014-02-04,181.2202
2014-02-05,180.8047
2014-02-06,180.5027
2014-02-07,180.3047
2014-02-10,180.0982
2014-02-11,180.113
2014-02-12,180.033
2014-02-13,179.9505
2014-02-14,179.9305
2014-02-18,179.9607
2014-02-19,179.9027
2014-02-20,179.8927
2014-02-21,179.9477
2014-02-24,180.2487
2014-02-25,180.5902
2014-02-26,180.8792
2014-02-27,181.3027
2014-02-28,181.6557
2014-03-03,181.9957
2014-03-04,182.6662
2014-03-05,183.2845
2014-03-06,183.935
2014-03-07,184.474
2014-03-10,184.898
2014-03-11,185.259
2014-03-12,185.524
2014-03-13,185.6795
2014-03-14,185.762
2014-03-17,185.8775
2014-03-18,186.0485
2014-03-19,186.2305
2014-03-20,186.4128
2014-03-21,186.5283
2014-03-24,186.5543
2014-03-25,186.6278
2014-03-26,186.6338
2014-03-27,186.5718
2014-03-28,186.5318
2014-03-31,186.6333
2014-04-01,186.6668
2014-04-02,186.7233
2014-04-03,186.7458
2014-04-04,186.6528
2014-04-07,186.4618
2014-04-08,186.3553
2014-04-09,186.3458
2014-04-10,186.2446
2014-04-11,186.0871
2014-04-14,185.9176
2014-04-15,185.7446
2014-04-16,185.7179
2014-04-17,185.65
2014-04-21,185.692
2014-04-22,185.815
2014-04-23,185.872
2014-04-24,186.015
2014-04-25,186.1005
2014-04-28,186.1698
2014-04-29,186.2068
2014-04-30,186.2098
2014-05-01,186.182
2014-05-02,186.1535
2014-05-05,186.2545
2014-05-06,186.3765
2014-05-07,186.5155
2014-05-08,186.5448
2014-05-09,186.785
2014-05-12,187.1988
2014-05-13,187.5497
2014-05-14,187.7928
2014-05-15,187.8565
2014-05-16,187.9395
2014-05-19,188.0245
2014-05-20,188.0075
2014-05-21,188.0915
2014-05-22,188.1795
2014-05-23,188.3825
2014-05-27,188.6148
2014-05-28,188.7963
2014-05-29,188.9993
2014-05-30,189.217
2014-06-02,189.4588
2014-06-03,189.6778
2014-06-04,189.9983
2014-06-05,190.3268
2014-06-06,190.7118
2014-06-09,191.0928
2014-06-10,191.3835
2014-06-11,191.6315
2014-06-12,191.8555
2014-06-13,192.192
2014-06-16,192.504
2014-06-17,192.8085
2014-06-18,193.2438
2014-06-19,193.6112
2014-06-20,193.9287
2014-06-23,194.2052
2014-06-24,194.3642
2014-06-25,194.5742
2014-06-26,194.7277
2014-06-27,194.8847
2014-06-30,195.026
2014-07-01,195.2375
2014-07-02,195.4395
2014-07-03,195.627
2014-07-07,195.7337
2014-07-08,195.7667
2014-07-09,195.8427
2014-07-10,195.9137
2014-07-11,196.0672
2014-07-14,196.2407
2014-07-15,196.3877
2014-07-16,196.5442
2014-07-17,196.517
2014-07-18,196.5785
2014-07-21,196.6485
2014-07-22,196.7645
2014-07-23,196.9615
2014-07-24,197.115
2014-07-25,197.229
2014-07-28,197.328
2014-07-29,197.3895
2014-07-30,197.387
2014-07-31,197.18
2014-08-01,196.895
2014-08-04,196.714
2014-08-05,196.5025
2014-08-06,196.25
2014-08-07,195.9845
2014-08-08,195.816
2014-08-11,195.6257
2014-08-12,195.4407
2014-08-13,195.2847
2014-08-14,195.2872
2014-08-15,195.1878
2014-08-18,195.1888
2014-08-19,195.1983
2014-08-20,195.2123
2014-08-21,195.2548
2014-08-22,195.3283
2014-08-25,195.4483
2014-08-26,195.6173
2014-08-27,195.7808
2014-08-28,196.1333
2014-08-29,196.5438
2014-09-02,196.8798
2014-09-03,197.3043
2014-09-04,197.7113
2014-09-05,198.2153
2014-09-08,198.5828
2014-09-09,198.859
2014-09-10,199.186
2014-09-11,199.459
2014-09-12,199.6275
2014-09-15,199.7906
2014-09-16,199.9466
2014-09-17,200.0646
2014-09-18,200.2096
2014-09-19,200.2696
2014-09-22,200.2676
2014-09-23,200.1581
2014-09-24,200.1196
2014-09-25,199.9241
2014-09-26,199.8121
2014-09-29,199.6536
2014-09-30,199.4741
2014-10-01,199.1666
2014-10-02,198.8751
2014-10-03,198.6456
2014-10-06,198.4306
2014-10-07,198.1276
2014-10-08,197.9561
2014-10-09,197.5781
2014-10-10,197.1486
2014-10-13,196.57
2014-10-14,195.931
2014-10-15,195.215
2014-10-16,194.4375
2014-10-17,193.826
2014-10-20,193.3835
2014-10-21,193.1865
2014-10-22,192.843
2014-10-23,192.7725
2014-10-24,192.699
2014-10-27,192.63
2014-10-28,192.6995
2014-10-29,192.8875
2014-10-30,193.1375
2014-10-31,193.3945
2014-11-03,193.6685
2014-11-04,194.059
2014-11-05,194.344
2014-11-06,194.8645
2014-11-07,195.5045
2014-11-10,196.333
2014-11-11,197.1568
2014-11-12,198.0333
2014-11-13,198.9293
2014-11-14,199.7178
2014-11-17,200.4213
2014-11-18,200.9953
2014-11-19,201.6218
2014-11-20,202.1543
2014-11-21,202.6668
2014-11-24,203.2218
2014-11-25,203.6568
2014-11-26,204.1333
2014-11-28,204.5243
2014-12-01,204.7293
2014-12-02,204.995
2014-12-03,205.336
2014-12-04,205.602
2014-12-05,205.8445
2014-12-08,206.008
2014-12-09,206.1325
2014-12-10,206.0818
2014-12-11,206.0933
2014-12-12,205.9283
2014-12-15,205.6918
2014-12-16,205.3688
2014-12-17,205.1808
2014-12-18,205.2588
2014-12-19,205.3058
2014-12-22,205.3453
2014-12-23,205.3698
2014-12-24,205.4028
2014-12-26,205.4428
2014-12-29,205.5188
2014-12-30,205.6108
2014-12-31,205.5335
2015-01-02,205.4105
2015-01-05,205.1135
2015-01-06,204.7045
2015-01-07,204.4895
2015-01-08,204.461
2015-01-09,204.5155
2015-01-12,204.4385
2015-01-13,204.498
2015-01-14,204.5655
2015-01-15,204.621
2015-01-16,204.613
2015-01-20,204.3767
2015-01-21,204.2047
2015-01-22,204.1362
2015-01-23,203.9972
2015-01-26,203.8812
2015-01-27,203.5962
2015-01-28,203.1672
2015-01-29,202.8868
2015-01-30,202.5823
2015-02-02,202.4068
2015-02-03,202.5628
2015-02-04,202.7748
2015-02-05,202.9653
2015-02-06,202.9478
2015-02-09,202.9668
2015-02-10,203.1748
2015-02-11,203.4173
2015-02-12,203.8203
2015-02-13,204.3583
2015-02-17,204.7823
2015-02-18,205.186
2015-02-19,205.531
2015-02-20,205.788
2015-02-23,206.0999
2015-02-24,206.4179
2015-02-25,206.8624
2015-02-26,207.4244
2015-02-27,207.8579
2015-03-02,208.4849
2015-03-03,208.9449
2015-03-04,209.2144
2015-03-05,209.5344
2015-03-06,209.6034
2015-03-09,209.7439
2015-03-10,209.7614
2015-03-11,209.6459
2015-03-12,209.6544
2015-03-13,209.4998
2015-03-16,209.4398
2015-03-17,209.3323
2015-03-18,209.3488
2015-03-19,209.3248
2015-03-20,209.2833
2015-03-23,209.2229
2015-03-24,209.0734
2015-03-25,208.7799
2015-03-26,208.4744
2015-03-27,208.2284
2015-03-30,208.0414
2015-03-31,207.8069
2015-04-01,207.5804
2015-04-02,207.3791
2015-04-06,207.3956
2015-04-07,207.3416
2015-04-08,207.4914
2015-04-09,207.7114
2015-04-10,207.8584
2015-04-13,208.0215
2015-04-14,208.067
2015-04-15,208.1905
2015-04-16,208.186
2015-04-17,208.1085
2015-04-20,208.0805
2015-04-21,208.0605
2015-04-22,208.151
2015-04-23,208.421
2015-04-24,208.74
2015-04-27,208.9915
2015-04-28,209.151
2015-04-29,209.358
2015-04-30,209.496
2015-05-01,209.7102
2015-05-04,209.8847
2015-05-05,209.9657
2015-05-06,209.969
2015-05-07,209.9675
2015-05-08,210.0465
2015-05-11,210.1222
2015-05-12,210.1467
2015-05-13,210.1262
2015-05-14,210.2182
2015-05-15,210.4427
2015-05-18,210.6052
2015-05-19,210.7767
2015-05-20,210.8892
2015-05-21,211.0062
2015-05-22,211.0733
2015-05-26,211.0698
2015-05-27,211.1328
2015-05-28,211.2273
2015-05-29,211.3613
2015-06-01,211.4038
2015-06-02,211.4058
2015-06-03,211.5568
2015-06-04,211.6612
2015-06-05,211.7062
2015-06-08,211.5492
2015-06-09,211.4415
2015-06-10,211.49
2015-06-11,211.5705
2015-06-12,211.4605
2015-06-15,211.294
2015-06-16,211.1515
2015-06-17,211.0295
2015-06-18,211.0245
2015-06-19,210.89
2015-06-22,210.835
2015-06-23,210.902
2015-06-24,210.792
2015-06-25,210.662
2015-06-26,210.596
2015-06-29,210.2885
2015-06-30,210.013
2015-07-01,209.792
2015-07-02,209.651
2015-07-06,209.4985
2015-07-07,209.4755
2015-07-08,209.2795
2015-07-09,208.977
2015-07-10,208.7695
2015-07-13,208.7575
2015-07-14,208.836
2015-07-15,208.854
2015-07-16,208.9395
2015-07-17,208.9245
2015-07-20,209.0135
2015-07-21,209.0065
2015-07-22,208.973
2015-07-23,208.957
2015-07-24,208.864
2015-07-27,208.7125
2015-07-28,208.908
2015-07-29,209.154
2015-07-30,209.32
2015-07-31,209.4795
2015-08-03,209.633
2015-08-04,209.701
2015-08-05,209.978
2015-08-06,210.1505
2015-08-07,210.174
2015-08-10,210.214
2015-08-11,210.1135
2015-08-12,210.029
2015-08-13,209.847
2015-08-14,209.694
2015-08-17,209.594
2015-08-18,209.5055
2015-08-19,209.353
2015-08-20,209.0425
2015-08-21,208.524
2015-08-24,207.662
2015-08-25,206.559
2015-08-26,205.7435
2015-08-27,205.166
2015-08-28,204.605
2015-08-31,203.999
2015-09-01,203.1185
2015-09-02,202.3855
2015-09-03,201.7455
2015-09-04,200.9775
2015-09-08,200.3205
2015-09-09,199.6265
2015-09-10,198.973
2015-09-11,198.377
2015-09-14,197.7065
2015-09-15,197.1
2015-09-16,196.61
2015-09-17,196.1805
2015-09-18,195.7545
2015-09-21,195.696
2015-09-22,195.914
2015-09-23,196.2305
2015-09-24,196.1525
2015-09-25,195.8315
2015-09-28,195.268
2015-09-29,194.7905
2015-09-30,194.7835
2015-10-01,194.6195
2015-10-02,194.592
2015-10-05,194.886
2015-10-06,194.904
2015-10-07,195.135
2015-10-08,195.403
2015-10-09,195.6325
2015-10-12,195.908
2015-10-13,195.9975
2015-10-14,195.953
2015-10-15,196.084
2015-10-16,196.475
2015-10-19,196.8205
2015-10-20,197.2795
2015-10-21,197.692
2015-10-22,198.31
2015-10-23,199.043
2015-10-26,199.9925
2015-10-27,200.9165
2015-10-28,201.7825
2015-10-29,202.6175
2015-10-30,203.264
2015-11-02,203.86
2015-11-03,204.5205
2015-11-04,205.068
2015-11-05,205.515
2015-11-06,205.9505
2015-11-09,206.2785
2015-11-10,206.694
2015-11-11,207.1165
2015-11-12,207.241
2015-11-13,207.2045
2015-11-16,207.317
2015-11-17,207.436
2015-11-18,207.78
2015-11-19,207.9445
2015-11-20,208.0345
2015-11-23,208.138
2015-11-24,208.2755
2015-11-25,208.294
2015-11-27,208.3305
2015-11-30,208.3685
2015-12-01,208.383
2015-12-02,208.2595
2015-12-03,208.022
2015-12-04,207.9955
2015-12-07,207.911
2015-12-08,207.8544
2015-12-09,207.6934
2015-12-10,207.5999
2015-12-11,207.4519
2015-12-14,207.47
2015-12-15,207.4405
2015-12-16,207.5685
2015-12-17,207.375
2015-12-18,206.9486
2015-12-21,206.5665
2015-12-22,206.288
2015-12-23,206.1215
2015-12-24,205.9395
2015-12-28,205.722
2015-12-29,205.6575
2015-12-30,205.42
2015-12-31,205.1871
2016-01-04,204.9575
2016-01-05,204.5445
2016-01-06,204.068
2016-01-07,203.4231
2016-01-08,202.7522
2016-01-11,202.0642
2016-01-12,201.6533
2016-01-13,200.9497
2016-01-14,200.2947
2016-01-15,199.2837
2016-01-19,198.4437
2016-01-20,197.7252
2016-01-21,196.9762
2016-01-22,196.3272
2016-01-25,195.4082
2016-01-26,194.6342
2016-01-27,193.7802
2016-01-28,192.8657
2016-01-29,192.2552
2016-02-01,191.7442
2016-02-02,191.2012
2016-02-03,190.6982
2016-02-04,190.3372
2016-02-05,190.0322
2016-02-08,189.7071
2016-02-09,189.3731
2016-02-10,188.9535
2016-02-11,188.655
2016-02-12,188.39
2016-02-16,188.4885
2016-02-17,188.7295
2016-02-18,189.0515
2016-02-19,189.317
2016-02-22,189.53
2016-02-23,189.764
2016-02-24,189.914
2016-02-25,190.2845
2016-02-26,190.5835
2016-02-29,190.5755
2016-03-01,190.7985
2016-03-02,191.2405
2016-03-03,191.6642
2016-03-04,192.1057
2016-03-07,192.7377
2016-03-08,193.3867
2016-03-09,194.0842
2016-03-10,194.7977
2016-03-11,195.7927
2016-03-14,196.5862
2016-03-15,197.2057
2016-03-16,197.7287
2016-03-17,198.3557
2016-03-18,198.9747
2016-03-21,199.4692
2016-03-22,200.0812
2016-03-23,200.5817
2016-03-24,200.9607
2016-03-28,201.3682
2016-03-29,201.9463
2016-03-30,202.3418
2016-03-31,202.6678
2016-04-01,203.025
2016-04-04,203.316
2016-04-05,203.496
2016-04-06,203.897
2016-04-07,204.1255
2016-04-08,204.3734
2016-04-11,204.4364
2016-04-12,204.6074
2016-04-13,204.899
2016-04-14,205.1325
2016-04-15,205.29
2016-04-18,205.5329
2016-04-19,205.7944
2016-04-20,206.0714
2016-04-21,206.3595
2016-04-22,206.652
2016-04-25,206.9205
2016-04-26,207.1104
2016-04-27,207.2769
2016-04-28,207.3733
2016-04-29,207.3438
2016-05-02,207.4298
2016-05-03,207.5283
2016-05-04,207.4578
2016-05-05,207.5088
2016-05-06,207.5698
2016-05-09,207.6633
2016-05-10,207.7898
2016-05-11,207.7148
2016-05-12,207.6423
2016-05-13,207.4913
2016-05-16,207.3683
2016-05-17,207.1158
2016-05-18,206.8563
2016-05-19,206.6178
2016-05-20,206.4438
2016-05-23,206.2738
2016-05-24,206.2214
2016-05-25,206.2179
2016-05-26,206.3125
2016-05-27,206.508
2016-05-31,206.6015
2016-06-01,206.807
2016-06-02,207.102
2016-06-03,207.3675
2016-06-06,207.649
2016-06-07,207.9385
2016-06-08,208.1345
2016-06-09,208.4135
2016-06-10,208.589
2016-06-13,208.7735
2016-06-14,208.8365
2016-06-15,208.9815
2016-06-16,209.1545
2016-06-17,209.2705
2016-06-20,209.3885
2016-06-21,209.55
2016-06-22,209.5615
2016-06-23,209.638
2016-06-24,209.3275
2016-06-27,208.7955
2016-06-28,208.4634
2016-06-29,208.2829
2016-06-30,208.2112
2016-07-01,208.1932
2016-07-05,208.0462
2016-07-06,207.9452
2016-07-07,207.803
2016-07-08,207.8315
2016-07-11,207.998
2016-07-12,208.3231
2016-07-13,208.6671
2016-07-14,209.0856
2016-07-15,209.4586
2016-07-18,209.953
2016-07-19,210.37
2016-07-20,210.8023
2016-07-21,211.2105
2016-07-22,211.532
2016-07-25,212.208
2016-07-26,213.0655
2016-07-27,213.7316
2016-07-28,214.2371
2016-07-29,214.6193
2016-08-01,214.9703
2016-08-02,215.3272
2016-08-03,215.6532
2016-08-04,215.9974
2016-08-05,216.2739
2016-08-08,216.5064
2016-08-09,216.6679
2016-08-10,216.8039
2016-08-11,216.9304
2016-08-12,217.0619
2016-08-15,217.1959
2016-08-16,217.2844
2016-08-17,217.3487
2016-08-18,217.4784
2016-08-19,217.5434
2016-08-22,217.6374
2016-08-23,217.7484
2016-08-24,217.8149
2016-08-25,217.8614
2016-08-26,217.8699
2016-08-29,217.941
2016-08-30,218.0635
2016-08-31,218.1235
2016-09-01,218.1725
2016-09-02,218.182
2016-09-06,218.2311
2016-09-07,218.2726
2016-09-08,218.3161
2016-09-09,218.0476
2016-09-12,217.9416
2016-09-13,217.6486
2016-09-14,217.4081
2016-09-15,217.2536
2016-09-16,216.9791
2016-09-19,216.7226
2016-09-20,216.4671
2016-09-21,216.3096
2016-09-22,216.2761
2016-09-23,216.1906
2016-09-26,216.0381
2016-09-27,215.8985
2016-09-28,215.8305
2016-09-29,215.6955
2016-09-30,215.641
2016-10-03,215.5115
2016-10-04,215.294
2016-10-05,215.125
2016-10-06,214.9885
2016-10-07,215.0765
2016-10-10,215.0675
2016-10-11,215.0775
2016-10-12,215.1055
2016-10-13,214.992
2016-10-14,214.9795
2016-10-17,214.928
2016-10-18,214.9425
2016-10-19,214.8655
2016-10-20,214.7005
2016-10-21,214.6
2016-10-24,214.6325
2016-10-25,214.5625
2016-10-26,214.4175
2016-10-27,214.342
2016-10-28,214.154
2016-10-31,213.9925
2016-11-01,213.809
2016-11-02,213.5145
2016-11-03,213.1645
2016-11-04,212.84
2016-11-07,212.6895
2016-11-08,212.7235
2016-11-09,212.857
2016-11-10,213.0525
2016-11-11,213.2175
2016-11-14,213.428
2016-11-15,213.6565
2016-11-16,213.836
2016-11-17,214.0915
2016-11-18,214.3175
2016-11-21,214.5805
2016-11-22,214.901
2016-11-23,215.249
2016-11-25,215.6665
2016-11-28,216.0635
2016-11-29,216.4815
2016-11-30,216.95
2016-12-01,217.4415
2016-12-02,217.9865
2016-12-05,218.609
2016-12-06,219.0365
2016-12-07,219.561
2016-12-08,219.9995
2016-12-09,220.479
2016-12-12,220.9705
2016-12-13,221.529
2016-12-14,221.909
2016-12-15,222.356
2016-12-16,222.6585
2016-12-19,223.01
2016-12-20,223.3225
2016-12-21,223.582
2016-12-22,223.816
2016-12-23,224.0255
2016-12-27,224.315
2016-12-28,224.4895
2016-12-29,224.688
2016-12-30,224.886
2017-01-03,225.164
2017-01-04,225.443
2017-01-05,225.678
2017-01-06,225.8085
2017-01-09,225.874
2017-01-10,225.8715
2017-01-11,225.914
2017-01-12,225.8525
2017-01-13,225.911
2017-01-17,225.883
2017-01-18,225.9685
2017-01-19,225.9875
2017-01-20,226.0045
2017-01-23,226.0235
2017-01-24,226.1345
2017-01-25,226.3275
2017-01-26,226.4805
2017-01-27,226.709
2017-01-30,226.869
2017-01-31,227.069
2017-02-01,227.188
2017-02-02,227.2475
2017-02-03,227.3945
2017-02-06,227.4805
2017-02-07,227.6045
2017-02-08,227.7435
2017-02-09,227.9185
2017-02-10,228.1675
2017-02-13,228.4535
2017-02-14,228.826
2017-02-15,229.2345
2017-02-16,229.675
2017-02-17,230.0925
2017-02-21,230.6095
2017-02-22,231.0435
2017-02-23,231.387
2017-02-24,231.7575
2017-02-27,232.1645
2017-02-28,232.6105
2017-03-01,233.223
2017-03-02,233.7555
2017-03-03,234.288
2017-03-06,234.7065
2017-03-07,235.11
2017-03-08,235.491
2017-03-09,235.872
2017-03-10,236.2265
2017-03-13,236.5415
2017-03-14,236.748
2017-03-15,237.0105
2017-03-16,237.1885
2017-03-17,237.304
2017-03-20,237.388
2017-03-21,237.25
2017-03-22,237.15
2017-03-23,237.0295
2017-03-24,236.8855
2017-03-27,236.711
2017-03-28,236.6535
2017-03-29,236.4415
2017-03-30,236.3425
2017-03-31,236.2085
2017-04-03,236.0895
2017-04-04,236.0135
2017-04-05,235.9245
2017-04-06,235.8535
2017-04-07,235.729
2017-04-10,235.6055
2017-04-11,235.5135
2017-04-12,235.2675
2017-04-13,234.969
2017-04-17,234.846
2017-04-18,234.701
2017-04-19,234.6865
2017-04-20,234.7395
2017-04-21,234.7675
2017-04-24,234.933
2017-04-25,235.1795
2017-04-26,235.3335
2017-04-27,235.4865
2017-04-28,235.576
2017-05-01,235.723
2017-05-02,235.895
2017-05-03,236.045
2017-05-04,236.244
2017-05-05,236.457
2017-05-08,236.68
2017-05-09,236.885
2017-05-10,237.1255
2017-05-11,237.393
2017-05-12,237.7165
2017-05-15,238.003
2017-05-16,238.3135
2017-05-17,238.4325
2017-05-18,238.504
2017-05-19,238.69
2017-05-22,238.8075
2017-05-23,238.8825
2017-05-24,238.993
2017-05-25,239.151
2017-05-26,239.3325
2017-05-30,239.4735
2017-05-31,239.607
2017-06-01,239.851
2017-06-02,240.1215
2017-06-05,240.336
2017-06-06,240.5135
2017-06-07,240.7245
2017-06-08,240.92
2017-06-09,241.1215
2017-06-12,241.3405
2017-06-13,241.553
2017-06-14,241.761
2017-06-15,242.1585
2017-06-16,242.452
2017-06-19,242.7695
2017-06-20,242.944
2017-06-21,243.089
2017-06-22,243.2005
2017-06-23,243.269
2017-06-26,243.348
2017-06-27,243.3395
2017-06-28,243.442
2017-06-29,243.3415
2017-06-30,243.223
2017-07-03,243.134
2017-07-05,243.112
2017-07-06,242.9565
2017-07-07,242.873
2017-07-10,242.821
2017-07-11,242.7625
2017-07-12,242.7355
2017-07-13,242.7445
2017-07-14,242.834
2017-07-17,242.9785
2017-07-18,243.0285
2017-07-19,243.2275
2017-07-20,243.435
2017-07-21,243.637
2017-07-24,243.8215
2017-07-25,244.028
2017-07-26,244.333
2017-07-27,244.5185
2017-07-28,244.7965
2017-07-31,245.045
2017-08-01,245.3005
2017-08-02,245.534
2017-08-03,245.8545
2017-08-04,246.1195
2017-08-07,246.3945
2017-08-08,246.648
2017-08-09,246.81
2017-08-10,246.777
2017-08-11,246.705
2017-08-14,246.7555
2017-08-15,246.798
2017-08-16,246.7955
2017-08-17,246.595
2017-08-18,246.3865
2017-08-21,246.1905
2017-08-22,246.0915
2017-08-23,245.948
2017-08-24,245.7875
2017-08-25,245.67
2017-08-28,245.56
2017-08-29,245.4365
2017-08-30,245.365
2017-08-31,245.3915
2017-09-01,245.413
2017-09-05,245.3225
2017-09-06,245.3045
2017-09-07,245.2855
2017-09-08,245.4265
2017-09-11,245.681
2017-09-12,245.8565
2017-09-13,246.0395
2017-09-14,246.197
2017-09-15,246.502
2017-09-18,246.8525
2017-09-19,247.206
2017-09-20,247.437
2017-09-21,247.6785
2017-09-22,247.951
2017-09-25,248.1695
2017-09-26,248.395
2017-09-27,248.655
2017-09-28,248.872
2017-09-29,249.059
2017-10-02,249.283
2017-10-03,249.623
2017-10-04,249.936
2017-10-05,250.3255
2017-10-06,250.715
2017-10-09,250.952
2017-10-10,251.1805
2017-10-11,251.423
2017-10-12,251.6505
2017-10-13,251.9385
2017-10-16,252.217
2017-10-17,252.492
2017-10-18,252.775
2017-10-19,253.095
2017-10-20,253.4785
2017-10-23,253.8375
2017-10-24,254.2115
2017-10-25,254.4735
2017-10-26,254.737
2017-10-27,255.061
2017-10-30,255.2825
2017-10-31,255.497
2017-11-01,255.7135
2017-11-02,255.86
2017-11-03,256.064
2017-11-06,256.309
2017-11-07,256.5115
2017-11-08,256.716
2017-11-09,256.8925
2017-11-10,257.0495
2017-11-13,257.2015
2017-11-14,257.3145
2017-11-15,257.3505
2017-11-16,257.492
2017-11-17,257.5295
2017-11-20,257.639
2017-11-21,257.8105
2017-11-22,258.034
2017-11-24,258.271
2017-11-27,258.397
2017-11-28,258.703
2017-11-29,258.981
2017-11-30,259.357
2017-12-01,259.7005
2017-12-04,259.985
2017-12-05,260.202
2017-12-06,260.4305
2017-12-07,260.6785
2017-12-08,261.0455
2017-12-11,261.4565
2017-12-12,261.879
2017-12-13,262.33
2017-12-14,262.791
2017-12-15,263.1855
2017-12-18,263.7025
2017-12-19,264.146
2017-12-20,264.498
2017-12-21,264.889
2017-12-22,265.2465
2017-12-26,265.5945
2017-12-27,265.817
2017-12-28,266.075
2017-12-29,266.1675
2018-01-02,266.383
2018-01-03,266.6995
2018-01-04,267.1205
2018-01-05,267.6295
2018-01-08,268.122
2018-01-09,268.5735
2018-01-10,268.964
2018-01-11,269.431
2018-01-12,269.9895
2018-01-16,270.555
2018-01-17,271.21
2018-01-18,271.757
2018-01-19,272.419
2018-01-22,273.202
2018-01-23,273.9875
2018-01-24,274.771
2018-01-25,275.5765
2018-01-26,276.5395
2018-01-29,277.38
2018-01-30,278.125
2018-01-31,278.7815
2018-02-01,279.337
2018-02-02,279.529
2018-02-05,279.0545
2018-02-06,278.815
2018-02-07,278.4715
2018-02-08,277.647
2018-02-09,276.916
2018-02-12,276.287
2018-02-13,275.7385
2018-02-14,275.2375
2018-02-15 12:19:57,274.8275
